0
SECTION
2
HEADER
9
$ACADVER
1
AC1015
9
$LASTSAVEDBY
1
@tarikjabiri/dxf
9
$HANDSEED
5
128A
9
$INSUNITS
70
0
9
$CLAYER
8
0
9
$VIEWCTR
10
332.5
20
225.5
0
ENDSEC
0
SECTION
2
CLASSES
0
ENDSEC
0
SECTION
2
TABLES
0
TABLE
2
VPORT
5
1
330
0
100
AcDbSymbolTable
70
1
0
VPORT
5
19
330
1
100
AcDbSymbolTableRecord
100
AcDbViewportTableRecord
2
*Active
70
0
10
0
20
0
11
1
21
1
12
332.5
22
225.5
13
0
23
0
14
10
24
10
15
10
25
10
16
0
26
0
36
1
17
0
27
0
37
0
40
451
41
2
42
50
43
0
44
0
50
0
51
0
71
0
72
100
73
1
74
3
75
0
76
1
77
0
78
0
281
0
65
1
110
0
120
0
130
0
111
1
121
0
131
0
112
0
122
1
132
0
79
0
146
0
348
10020
60
7
61
5
292
1
282
1
141
0
142
0
63
250
421
3358443
0
ENDTAB
0
TABLE
2
LTYPE
5
2
330
0
100
AcDbSymbolTable
70
3
0
LTYPE
5
12
330
2
100
AcDbSymbolTableRecord
100
AcDbLinetypeTableRecord
2
ByBlock
70
0
3

72
65
73
0
40
0
0
LTYPE
5
13
330
2
100
AcDbSymbolTableRecord
100
AcDbLinetypeTableRecord
2
ByLayer
70
0
3

72
65
73
0
40
0
0
LTYPE
5
14
330
2
100
AcDbSymbolTableRecord
100
AcDbLinetypeTableRecord
2
Continuous
70
0
3
Solid line
72
65
73
0
40
0
0
ENDTAB
0
TABLE
2
LAYER
5
3
330
0
100
AcDbSymbolTable
70
1
0
LAYER
5
15
330
3
100
AcDbSymbolTableRecord
100
AcDbLayerTableRecord
2
0
70
0
62
7
6
Continuous
370
0
390
0
0
ENDTAB
0
TABLE
2
STYLE
5
4
330
0
100
AcDbSymbolTable
70
1
0
STYLE
5
16
330
4
100
AcDbSymbolTableRecord
100
AcDbTextStyleTableRecord
2
Standard
70
0
40
0
41
1
50
0
71
0
42
1
3
txt
4

0
ENDTAB
0
TABLE
2
VIEW
5
5
330
0
100
AcDbSymbolTable
70
0
0
ENDTAB
0
TABLE
2
UCS
5
6
330
0
100
AcDbSymbolTable
70
0
0
ENDTAB
0
TABLE
2
APPID
5
7
330
0
100
AcDbSymbolTable
70
1
0
APPID
5
17
330
7
100
AcDbSymbolTableRecord
100
AcDbRegAppTableRecord
2
ACAD
70
0
0
ENDTAB
0
TABLE
2
DIMSTYLE
5
8
330
0
100
AcDbSymbolTable
70
1
100
AcDbDimStyleTable
0
DIMSTYLE
105
18
330
8
100
AcDbSymbolTableRecord
100
AcDbDimStyleTableRecord
2
Standard
70
0
340
16
0
ENDTAB
0
TABLE
2
BLOCK_RECORD
5
9
330
0
100
AcDbSymbolTable
70
2
0
BLOCK_RECORD
5
C
330
9
100
AcDbSymbolTableRecord
100
AcDbBlockTableRecord
2
*Model_Space
70
0
280
1
281
0
0
BLOCK_RECORD
5
F
330
9
100
AcDbSymbolTableRecord
100
AcDbBlockTableRecord
2
*Paper_Space
70
0
280
1
281
0
0
ENDTAB
0
ENDSEC
0
SECTION
2
BLOCKS
0
BLOCK
5
D
330
C
100
AcDbEntity
8
0
100
AcDbBlockBegin
2
*Model_Space
70
0
10
0
20
0
30
0
3
*Model_Space
1

0
ENDBLK
5
E
100
AcDbEntity
8
0
100
AcDbBlockEnd
0
BLOCK
5
10
330
F
100
AcDbEntity
8
0
100
AcDbBlockBegin
2
*Paper_Space
70
0
10
0
20
0
30
0
3
*Paper_Space
1

0
ENDBLK
5
11
100
AcDbEntity
8
0
100
AcDbBlockEnd
0
ENDSEC
0
SECTION
2
ENTITIES
0
LINE
5
1A
330
C
100
AcDbEntity
8
0
100
AcDbLine
10
230
20
10
30
0
11
233
21
10
31
0
0
LINE
5
1B
330
C
100
AcDbEntity
8
0
100
AcDbLine
10
233
20
10
30
0
11
233
21
19
31
0
0
LINE
5
1C
330
C
100
AcDbEntity
8
0
100
AcDbLine
10
233
20
19
30
0
11
230
21
19
31
0
0
LINE
5
1D
330
C
100
AcDbEntity
8
0
100
AcDbLine
10
230
20
19
30
0
11
230
21
28
31
0
0
LINE
5
1E
330
C
100
AcDbEntity
8
0
100
AcDbLine
10
230
20
28
30
0
11
233
21
28
31
0
0
LINE
5
1F
330
C
100
AcDbEntity
8
0
100
AcDbLine
10
233
20
28
30
0
11
233
21
37
31
0
0
LINE
5
20
330
C
100
AcDbEntity
8
0
100
AcDbLine
10
233
20
37
30
0
11
230
21
37
31
0
0
LINE
5
21
330
C
100
AcDbEntity
8
0
100
AcDbLine
10
230
20
37
30
0
11
230
21
46
31
0
0
LINE
5
22
330
C
100
AcDbEntity
8
0
100
AcDbLine
10
230
20
46
30
0
11
233
21
46
31
0
0
LINE
5
23
330
C
100
AcDbEntity
8
0
100
AcDbLine
10
233
20
46
30
0
11
233
21
55
31
0
0
LINE
5
24
330
C
100
AcDbEntity
8
0
100
AcDbLine
10
233
20
55
30
0
11
230
21
55
31
0
0
LINE
5
25
330
C
100
AcDbEntity
8
0
100
AcDbLine
10
230
20
55
30
0
11
230
21
64
31
0
0
LINE
5
26
330
C
100
AcDbEntity
8
0
100
AcDbLine
10
230
20
64
30
0
11
233
21
64
31
0
0
LINE
5
27
330
C
100
AcDbEntity
8
0
100
AcDbLine
10
233
20
64
30
0
11
233
21
73
31
0
0
LINE
5
28
330
C
100
AcDbEntity
8
0
100
AcDbLine
10
233
20
73
30
0
11
230
21
73
31
0
0
LINE
5
29
330
C
100
AcDbEntity
8
0
100
AcDbLine
10
230
20
73
30
0
11
230
21
82
31
0
0
LINE
5
2A
330
C
100
AcDbEntity
8
0
100
AcDbLine
10
230
20
82
30
0
11
233
21
82
31
0
0
LINE
5
2B
330
C
100
AcDbEntity
8
0
100
AcDbLine
10
233
20
82
30
0
11
233
21
91
31
0
0
LINE
5
2C
330
C
100
AcDbEntity
8
0
100
AcDbLine
10
233
20
91
30
0
11
230
21
91
31
0
0
LINE
5
2D
330
C
100
AcDbEntity
8
0
100
AcDbLine
10
230
20
91
30
0
11
230
21
100
31
0
0
LINE
5
2E
330
C
100
AcDbEntity
8
0
100
AcDbLine
10
230
20
100
30
0
11
233
21
100
31
0
0
LINE
5
2F
330
C
100
AcDbEntity
8
0
100
AcDbLine
10
233
20
100
30
0
11
233
21
109
31
0
0
LINE
5
30
330
C
100
AcDbEntity
8
0
100
AcDbLine
10
233
20
109
30
0
11
230
21
109
31
0
0
LINE
5
31
330
C
100
AcDbEntity
8
0
100
AcDbLine
10
230
20
109
30
0
11
230
21
118
31
0
0
LINE
5
32
330
C
100
AcDbEntity
8
0
100
AcDbLine
10
230
20
118
30
0
11
233
21
118
31
0
0
LINE
5
33
330
C
100
AcDbEntity
8
0
100
AcDbLine
10
233
20
118
30
0
11
233
21
127
31
0
0
LINE
5
34
330
C
100
AcDbEntity
8
0
100
AcDbLine
10
233
20
127
30
0
11
230
21
127
31
0
0
LINE
5
35
330
C
100
AcDbEntity
8
0
100
AcDbLine
10
230
20
127
30
0
11
230
21
136
31
0
0
LINE
5
36
330
C
100
AcDbEntity
8
0
100
AcDbLine
10
230
20
136
30
0
11
233
21
136
31
0
0
LINE
5
37
330
C
100
AcDbEntity
8
0
100
AcDbLine
10
233
20
136
30
0
11
233
21
145
31
0
0
LINE
5
38
330
C
100
AcDbEntity
8
0
100
AcDbLine
10
233
20
145
30
0
11
230
21
145
31
0
0
LINE
5
39
330
C
100
AcDbEntity
8
0
100
AcDbLine
10
230
20
145
30
0
11
230
21
154
31
0
0
LINE
5
3A
330
C
100
AcDbEntity
8
0
100
AcDbLine
10
230
20
154
30
0
11
233
21
154
31
0
0
LINE
5
3B
330
C
100
AcDbEntity
8
0
100
AcDbLine
10
233
20
154
30
0
11
233
21
163
31
0
0
LINE
5
3C
330
C
100
AcDbEntity
8
0
100
AcDbLine
10
233
20
163
30
0
11
230
21
163
31
0
0
LINE
5
3D
330
C
100
AcDbEntity
8
0
100
AcDbLine
10
230
20
163
30
0
11
230
21
172
31
0
0
LINE
5
3E
330
C
100
AcDbEntity
8
0
100
AcDbLine
10
230
20
172
30
0
11
233
21
172
31
0
0
LINE
5
3F
330
C
100
AcDbEntity
8
0
100
AcDbLine
10
233
20
172
30
0
11
233
21
181
31
0
0
LINE
5
40
330
C
100
AcDbEntity
8
0
100
AcDbLine
10
233
20
181
30
0
11
230
21
181
31
0
0
LINE
5
41
330
C
100
AcDbEntity
8
0
100
AcDbLine
10
230
20
181
30
0
11
230
21
190
31
0
0
LINE
5
42
330
C
100
AcDbEntity
8
0
100
AcDbLine
10
230
20
190
30
0
11
233
21
190
31
0
0
LINE
5
43
330
C
100
AcDbEntity
8
0
100
AcDbLine
10
233
20
190
30
0
11
233
21
199
31
0
0
LINE
5
44
330
C
100
AcDbEntity
8
0
100
AcDbLine
10
233
20
199
30
0
11
230
21
199
31
0
0
LINE
5
45
330
C
100
AcDbEntity
8
0
100
AcDbLine
10
230
20
199
30
0
11
230
21
208
31
0
0
LINE
5
46
330
C
100
AcDbEntity
8
0
100
AcDbLine
10
230
20
208
30
0
11
233
21
208
31
0
0
LINE
5
47
330
C
100
AcDbEntity
8
0
100
AcDbLine
10
233
20
208
30
0
11
233
21
217
31
0
0
LINE
5
48
330
C
100
AcDbEntity
8
0
100
AcDbLine
10
233
20
217
30
0
11
230
21
217
31
0
0
LINE
5
49
330
C
100
AcDbEntity
8
0
100
AcDbLine
10
230
20
217
30
0
11
230
21
224
31
0
0
LINE
5
4A
330
C
100
AcDbEntity
8
0
100
AcDbLine
10
230
20
224
30
0
11
3
21
224
31
0
0
LINE
5
4B
330
C
100
AcDbEntity
8
0
100
AcDbLine
10
3
20
224
30
0
11
3
21
217
31
0
0
LINE
5
4C
330
C
100
AcDbEntity
8
0
100
AcDbLine
10
3
20
217
30
0
11
0
21
217
31
0
0
LINE
5
4D
330
C
100
AcDbEntity
8
0
100
AcDbLine
10
0
20
217
30
0
11
0
21
208
31
0
0
LINE
5
4E
330
C
100
AcDbEntity
8
0
100
AcDbLine
10
0
20
208
30
0
11
3
21
208
31
0
0
LINE
5
4F
330
C
100
AcDbEntity
8
0
100
AcDbLine
10
3
20
208
30
0
11
3
21
199
31
0
0
LINE
5
50
330
C
100
AcDbEntity
8
0
100
AcDbLine
10
3
20
199
30
0
11
0
21
199
31
0
0
LINE
5
51
330
C
100
AcDbEntity
8
0
100
AcDbLine
10
0
20
199
30
0
11
0
21
190
31
0
0
LINE
5
52
330
C
100
AcDbEntity
8
0
100
AcDbLine
10
0
20
190
30
0
11
3
21
190
31
0
0
LINE
5
53
330
C
100
AcDbEntity
8
0
100
AcDbLine
10
3
20
190
30
0
11
3
21
181
31
0
0
LINE
5
54
330
C
100
AcDbEntity
8
0
100
AcDbLine
10
3
20
181
30
0
11
0
21
181
31
0
0
LINE
5
55
330
C
100
AcDbEntity
8
0
100
AcDbLine
10
0
20
181
30
0
11
0
21
172
31
0
0
LINE
5
56
330
C
100
AcDbEntity
8
0
100
AcDbLine
10
0
20
172
30
0
11
3
21
172
31
0
0
LINE
5
57
330
C
100
AcDbEntity
8
0
100
AcDbLine
10
3
20
172
30
0
11
3
21
163
31
0
0
LINE
5
58
330
C
100
AcDbEntity
8
0
100
AcDbLine
10
3
20
163
30
0
11
0
21
163
31
0
0
LINE
5
59
330
C
100
AcDbEntity
8
0
100
AcDbLine
10
0
20
163
30
0
11
0
21
154
31
0
0
LINE
5
5A
330
C
100
AcDbEntity
8
0
100
AcDbLine
10
0
20
154
30
0
11
3
21
154
31
0
0
LINE
5
5B
330
C
100
AcDbEntity
8
0
100
AcDbLine
10
3
20
154
30
0
11
3
21
145
31
0
0
LINE
5
5C
330
C
100
AcDbEntity
8
0
100
AcDbLine
10
3
20
145
30
0
11
0
21
145
31
0
0
LINE
5
5D
330
C
100
AcDbEntity
8
0
100
AcDbLine
10
0
20
145
30
0
11
0
21
136
31
0
0
LINE
5
5E
330
C
100
AcDbEntity
8
0
100
AcDbLine
10
0
20
136
30
0
11
3
21
136
31
0
0
LINE
5
5F
330
C
100
AcDbEntity
8
0
100
AcDbLine
10
3
20
136
30
0
11
3
21
127
31
0
0
LINE
5
60
330
C
100
AcDbEntity
8
0
100
AcDbLine
10
3
20
127
30
0
11
0
21
127
31
0
0
LINE
5
61
330
C
100
AcDbEntity
8
0
100
AcDbLine
10
0
20
127
30
0
11
0
21
118
31
0
0
LINE
5
62
330
C
100
AcDbEntity
8
0
100
AcDbLine
10
0
20
118
30
0
11
3
21
118
31
0
0
LINE
5
63
330
C
100
AcDbEntity
8
0
100
AcDbLine
10
3
20
118
30
0
11
3
21
109
31
0
0
LINE
5
64
330
C
100
AcDbEntity
8
0
100
AcDbLine
10
3
20
109
30
0
11
0
21
109
31
0
0
LINE
5
65
330
C
100
AcDbEntity
8
0
100
AcDbLine
10
0
20
109
30
0
11
0
21
100
31
0
0
LINE
5
66
330
C
100
AcDbEntity
8
0
100
AcDbLine
10
0
20
100
30
0
11
3
21
100
31
0
0
LINE
5
67
330
C
100
AcDbEntity
8
0
100
AcDbLine
10
3
20
100
30
0
11
3
21
91
31
0
0
LINE
5
68
330
C
100
AcDbEntity
8
0
100
AcDbLine
10
3
20
91
30
0
11
0
21
91
31
0
0
LINE
5
69
330
C
100
AcDbEntity
8
0
100
AcDbLine
10
0
20
91
30
0
11
0
21
82
31
0
0
LINE
5
6A
330
C
100
AcDbEntity
8
0
100
AcDbLine
10
0
20
82
30
0
11
3
21
82
31
0
0
LINE
5
6B
330
C
100
AcDbEntity
8
0
100
AcDbLine
10
3
20
82
30
0
11
3
21
73
31
0
0
LINE
5
6C
330
C
100
AcDbEntity
8
0
100
AcDbLine
10
3
20
73
30
0
11
0
21
73
31
0
0
LINE
5
6D
330
C
100
AcDbEntity
8
0
100
AcDbLine
10
0
20
73
30
0
11
0
21
64
31
0
0
LINE
5
6E
330
C
100
AcDbEntity
8
0
100
AcDbLine
10
0
20
64
30
0
11
3
21
64
31
0
0
LINE
5
6F
330
C
100
AcDbEntity
8
0
100
AcDbLine
10
3
20
64
30
0
11
3
21
55
31
0
0
LINE
5
70
330
C
100
AcDbEntity
8
0
100
AcDbLine
10
3
20
55
30
0
11
0
21
55
31
0
0
LINE
5
71
330
C
100
AcDbEntity
8
0
100
AcDbLine
10
0
20
55
30
0
11
0
21
46
31
0
0
LINE
5
72
330
C
100
AcDbEntity
8
0
100
AcDbLine
10
0
20
46
30
0
11
3
21
46
31
0
0
LINE
5
73
330
C
100
AcDbEntity
8
0
100
AcDbLine
10
3
20
46
30
0
11
3
21
37
31
0
0
LINE
5
74
330
C
100
AcDbEntity
8
0
100
AcDbLine
10
3
20
37
30
0
11
0
21
37
31
0
0
LINE
5
75
330
C
100
AcDbEntity
8
0
100
AcDbLine
10
0
20
37
30
0
11
0
21
28
31
0
0
LINE
5
76
330
C
100
AcDbEntity
8
0
100
AcDbLine
10
0
20
28
30
0
11
3
21
28
31
0
0
LINE
5
77
330
C
100
AcDbEntity
8
0
100
AcDbLine
10
3
20
28
30
0
11
3
21
19
31
0
0
LINE
5
78
330
C
100
AcDbEntity
8
0
100
AcDbLine
10
3
20
19
30
0
11
0
21
19
31
0
0
LINE
5
79
330
C
100
AcDbEntity
8
0
100
AcDbLine
10
0
20
19
30
0
11
0
21
10
31
0
0
LINE
5
7A
330
C
100
AcDbEntity
8
0
100
AcDbLine
10
0
20
10
30
0
11
3
21
10
31
0
0
LINE
5
7B
330
C
100
AcDbEntity
8
0
100
AcDbLine
10
3
20
10
30
0
11
3
21
3
31
0
0
LINE
5
7C
330
C
100
AcDbEntity
8
0
100
AcDbLine
10
3
20
3
30
0
11
3
21
0
31
0
0
LINE
5
7D
330
C
100
AcDbEntity
8
0
100
AcDbLine
10
3
20
0
30
0
11
13
21
0
31
0
0
LINE
5
7E
330
C
100
AcDbEntity
8
0
100
AcDbLine
10
13
20
0
30
0
11
13
21
3
31
0
0
LINE
5
7F
330
C
100
AcDbEntity
8
0
100
AcDbLine
10
13
20
3
30
0
11
22
21
3
31
0
0
LINE
5
80
330
C
100
AcDbEntity
8
0
100
AcDbLine
10
22
20
3
30
0
11
22
21
0
31
0
0
LINE
5
81
330
C
100
AcDbEntity
8
0
100
AcDbLine
10
22
20
0
30
0
11
31
21
0
31
0
0
LINE
5
82
330
C
100
AcDbEntity
8
0
100
AcDbLine
10
31
20
0
30
0
11
31
21
3
31
0
0
LINE
5
83
330
C
100
AcDbEntity
8
0
100
AcDbLine
10
31
20
3
30
0
11
40
21
3
31
0
0
LINE
5
84
330
C
100
AcDbEntity
8
0
100
AcDbLine
10
40
20
3
30
0
11
40
21
0
31
0
0
LINE
5
85
330
C
100
AcDbEntity
8
0
100
AcDbLine
10
40
20
0
30
0
11
49
21
0
31
0
0
LINE
5
86
330
C
100
AcDbEntity
8
0
100
AcDbLine
10
49
20
0
30
0
11
49
21
3
31
0
0
LINE
5
87
330
C
100
AcDbEntity
8
0
100
AcDbLine
10
49
20
3
30
0
11
58
21
3
31
0
0
LINE
5
88
330
C
100
AcDbEntity
8
0
100
AcDbLine
10
58
20
3
30
0
11
58
21
0
31
0
0
LINE
5
89
330
C
100
AcDbEntity
8
0
100
AcDbLine
10
58
20
0
30
0
11
67
21
0
31
0
0
LINE
5
8A
330
C
100
AcDbEntity
8
0
100
AcDbLine
10
67
20
0
30
0
11
67
21
3
31
0
0
LINE
5
8B
330
C
100
AcDbEntity
8
0
100
AcDbLine
10
67
20
3
30
0
11
76
21
3
31
0
0
LINE
5
8C
330
C
100
AcDbEntity
8
0
100
AcDbLine
10
76
20
3
30
0
11
76
21
0
31
0
0
LINE
5
8D
330
C
100
AcDbEntity
8
0
100
AcDbLine
10
76
20
0
30
0
11
85
21
0
31
0
0
LINE
5
8E
330
C
100
AcDbEntity
8
0
100
AcDbLine
10
85
20
0
30
0
11
85
21
3
31
0
0
LINE
5
8F
330
C
100
AcDbEntity
8
0
100
AcDbLine
10
85
20
3
30
0
11
94
21
3
31
0
0
LINE
5
90
330
C
100
AcDbEntity
8
0
100
AcDbLine
10
94
20
3
30
0
11
94
21
0
31
0
0
LINE
5
91
330
C
100
AcDbEntity
8
0
100
AcDbLine
10
94
20
0
30
0
11
103
21
0
31
0
0
LINE
5
92
330
C
100
AcDbEntity
8
0
100
AcDbLine
10
103
20
0
30
0
11
103
21
3
31
0
0
LINE
5
93
330
C
100
AcDbEntity
8
0
100
AcDbLine
10
103
20
3
30
0
11
112
21
3
31
0
0
LINE
5
94
330
C
100
AcDbEntity
8
0
100
AcDbLine
10
112
20
3
30
0
11
112
21
0
31
0
0
LINE
5
95
330
C
100
AcDbEntity
8
0
100
AcDbLine
10
112
20
0
30
0
11
121
21
0
31
0
0
LINE
5
96
330
C
100
AcDbEntity
8
0
100
AcDbLine
10
121
20
0
30
0
11
121
21
3
31
0
0
LINE
5
97
330
C
100
AcDbEntity
8
0
100
AcDbLine
10
121
20
3
30
0
11
130
21
3
31
0
0
LINE
5
98
330
C
100
AcDbEntity
8
0
100
AcDbLine
10
130
20
3
30
0
11
130
21
0
31
0
0
LINE
5
99
330
C
100
AcDbEntity
8
0
100
AcDbLine
10
130
20
0
30
0
11
139
21
0
31
0
0
LINE
5
9A
330
C
100
AcDbEntity
8
0
100
AcDbLine
10
139
20
0
30
0
11
139
21
3
31
0
0
LINE
5
9B
330
C
100
AcDbEntity
8
0
100
AcDbLine
10
139
20
3
30
0
11
148
21
3
31
0
0
LINE
5
9C
330
C
100
AcDbEntity
8
0
100
AcDbLine
10
148
20
3
30
0
11
148
21
0
31
0
0
LINE
5
9D
330
C
100
AcDbEntity
8
0
100
AcDbLine
10
148
20
0
30
0
11
157
21
0
31
0
0
LINE
5
9E
330
C
100
AcDbEntity
8
0
100
AcDbLine
10
157
20
0
30
0
11
157
21
3
31
0
0
LINE
5
9F
330
C
100
AcDbEntity
8
0
100
AcDbLine
10
157
20
3
30
0
11
166
21
3
31
0
0
LINE
5
A0
330
C
100
AcDbEntity
8
0
100
AcDbLine
10
166
20
3
30
0
11
166
21
0
31
0
0
LINE
5
A1
330
C
100
AcDbEntity
8
0
100
AcDbLine
10
166
20
0
30
0
11
175
21
0
31
0
0
LINE
5
A2
330
C
100
AcDbEntity
8
0
100
AcDbLine
10
175
20
0
30
0
11
175
21
3
31
0
0
LINE
5
A3
330
C
100
AcDbEntity
8
0
100
AcDbLine
10
175
20
3
30
0
11
184
21
3
31
0
0
LINE
5
A4
330
C
100
AcDbEntity
8
0
100
AcDbLine
10
184
20
3
30
0
11
184
21
0
31
0
0
LINE
5
A5
330
C
100
AcDbEntity
8
0
100
AcDbLine
10
184
20
0
30
0
11
193
21
0
31
0
0
LINE
5
A6
330
C
100
AcDbEntity
8
0
100
AcDbLine
10
193
20
0
30
0
11
193
21
3
31
0
0
LINE
5
A7
330
C
100
AcDbEntity
8
0
100
AcDbLine
10
193
20
3
30
0
11
202
21
3
31
0
0
LINE
5
A8
330
C
100
AcDbEntity
8
0
100
AcDbLine
10
202
20
3
30
0
11
202
21
0
31
0
0
LINE
5
A9
330
C
100
AcDbEntity
8
0
100
AcDbLine
10
202
20
0
30
0
11
211
21
0
31
0
0
LINE
5
AA
330
C
100
AcDbEntity
8
0
100
AcDbLine
10
211
20
0
30
0
11
211
21
3
31
0
0
LINE
5
AB
330
C
100
AcDbEntity
8
0
100
AcDbLine
10
211
20
3
30
0
11
220
21
3
31
0
0
LINE
5
AC
330
C
100
AcDbEntity
8
0
100
AcDbLine
10
220
20
3
30
0
11
220
21
0
31
0
0
LINE
5
AD
330
C
100
AcDbEntity
8
0
100
AcDbLine
10
220
20
0
30
0
11
230
21
0
31
0
0
LINE
5
AE
330
C
100
AcDbEntity
8
0
100
AcDbLine
10
230
20
0
30
0
11
230
21
3
31
0
0
LINE
5
AF
330
C
100
AcDbEntity
8
0
100
AcDbLine
10
230
20
3
30
0
11
230
21
10
31
0
0
LINE
5
B0
330
C
100
AcDbEntity
8
0
100
AcDbLine
10
104.179
20
109.732
30
0
11
103.243
21
109.732
31
0
0
LINE
5
B1
330
C
100
AcDbEntity
8
0
100
AcDbLine
10
103.243
20
109.732
30
0
11
103.243
21
117.268
31
0
0
LINE
5
B2
330
C
100
AcDbEntity
8
0
100
AcDbLine
10
103.243
20
117.268
30
0
11
107.827
21
117.268
31
0
0
LINE
5
B3
330
C
100
AcDbEntity
8
0
100
AcDbLine
10
107.827
20
117.268
30
0
11
107.827
21
116.464
31
0
0
LINE
5
B4
330
C
100
AcDbEntity
8
0
100
AcDbLine
10
107.827
20
116.464
30
0
11
104.179
21
116.464
31
0
0
LINE
5
B5
330
C
100
AcDbEntity
8
0
100
AcDbLine
10
104.179
20
116.464
30
0
11
104.179
21
113.956
31
0
0
LINE
5
B6
330
C
100
AcDbEntity
8
0
100
AcDbLine
10
104.179
20
113.956
30
0
11
107.575
21
113.956
31
0
0
LINE
5
B7
330
C
100
AcDbEntity
8
0
100
AcDbLine
10
107.575
20
113.956
30
0
11
107.575
21
113.152
31
0
0
LINE
5
B8
330
C
100
AcDbEntity
8
0
100
AcDbLine
10
107.575
20
113.152
30
0
11
104.179
21
113.152
31
0
0
LINE
5
B9
330
C
100
AcDbEntity
8
0
100
AcDbLine
10
104.179
20
113.152
30
0
11
104.179
21
109.732
31
0
0
LINE
5
BA
330
C
100
AcDbEntity
8
0
100
AcDbLine
10
104.179
20
109.732
30
0
11
104.179
21
109.732
31
0
0
LINE
5
BB
330
C
100
AcDbEntity
8
0
100
AcDbLine
10
110.467
20
109.732
30
0
11
109.531
21
109.732
31
0
0
LINE
5
BC
330
C
100
AcDbEntity
8
0
100
AcDbLine
10
109.531
20
109.732
30
0
11
109.531
21
115.48
31
0
0
LINE
5
BD
330
C
100
AcDbEntity
8
0
100
AcDbLine
10
109.531
20
115.48
30
0
11
110.467
21
115.48
31
0
0
LINE
5
BE
330
C
100
AcDbEntity
8
0
100
AcDbLine
10
110.467
20
115.48
30
0
11
110.467
21
109.732
31
0
0
LINE
5
BF
330
C
100
AcDbEntity
8
0
100
AcDbLine
10
110.467
20
109.732
30
0
11
110.467
21
109.732
31
0
0
LINE
5
C0
330
C
100
AcDbEntity
8
0
100
AcDbLine
10
110.467
20
112.324
30
0
11
110.179
21
112.324
31
0
0
LINE
5
C1
330
C
100
AcDbEntity
8
0
100
AcDbLine
10
110.179
20
112.324
30
0
11
110.181
21
112.539
31
0
0
LINE
5
C2
330
C
100
AcDbEntity
8
0
100
AcDbLine
10
110.181
20
112.539
30
0
11
110.187
21
112.746
31
0
0
LINE
5
C3
330
C
100
AcDbEntity
8
0
100
AcDbLine
10
110.187
20
112.746
30
0
11
110.198
21
112.946
31
0
0
LINE
5
C4
330
C
100
AcDbEntity
8
0
100
AcDbLine
10
110.198
20
112.946
30
0
11
110.213
21
113.139
31
0
0
LINE
5
C5
330
C
100
AcDbEntity
8
0
100
AcDbLine
10
110.213
20
113.139
30
0
11
110.231
21
113.324
31
0
0
LINE
5
C6
330
C
100
AcDbEntity
8
0
100
AcDbLine
10
110.231
20
113.324
30
0
11
110.255
21
113.502
31
0
0
LINE
5
C7
330
C
100
AcDbEntity
8
0
100
AcDbLine
10
110.255
20
113.502
30
0
11
110.282
21
113.672
31
0
0
LINE
5
C8
330
C
100
AcDbEntity
8
0
100
AcDbLine
10
110.282
20
113.672
30
0
11
110.313
21
113.835
31
0
0
LINE
5
C9
330
C
100
AcDbEntity
8
0
100
AcDbLine
10
110.313
20
113.835
30
0
11
110.349
21
113.991
31
0
0
LINE
5
CA
330
C
100
AcDbEntity
8
0
100
AcDbLine
10
110.349
20
113.991
30
0
11
110.389
21
114.139
31
0
0
LINE
5
CB
330
C
100
AcDbEntity
8
0
100
AcDbLine
10
110.389
20
114.139
30
0
11
110.433
21
114.28
31
0
0
LINE
5
CC
330
C
100
AcDbEntity
8
0
100
AcDbLine
10
110.433
20
114.28
30
0
11
110.481
21
114.414
31
0
0
LINE
5
CD
330
C
100
AcDbEntity
8
0
100
AcDbLine
10
110.481
20
114.414
30
0
11
110.533
21
114.54
31
0
0
LINE
5
CE
330
C
100
AcDbEntity
8
0
100
AcDbLine
10
110.533
20
114.54
30
0
11
110.588
21
114.659
31
0
0
LINE
5
CF
330
C
100
AcDbEntity
8
0
100
AcDbLine
10
110.588
20
114.659
30
0
11
110.648
21
114.77
31
0
0
LINE
5
D0
330
C
100
AcDbEntity
8
0
100
AcDbLine
10
110.648
20
114.77
30
0
11
110.711
21
114.875
31
0
0
LINE
5
D1
330
C
100
AcDbEntity
8
0
100
AcDbLine
10
110.711
20
114.875
30
0
11
110.779
21
114.972
31
0
0
LINE
5
D2
330
C
100
AcDbEntity
8
0
100
AcDbLine
10
110.779
20
114.972
30
0
11
110.85
21
115.062
31
0
0
LINE
5
D3
330
C
100
AcDbEntity
8
0
100
AcDbLine
10
110.85
20
115.062
30
0
11
110.925
21
115.144
31
0
0
LINE
5
D4
330
C
100
AcDbEntity
8
0
100
AcDbLine
10
110.925
20
115.144
30
0
11
111.004
21
115.219
31
0
0
LINE
5
D5
330
C
100
AcDbEntity
8
0
100
AcDbLine
10
111.004
20
115.219
30
0
11
111.087
21
115.287
31
0
0
LINE
5
D6
330
C
100
AcDbEntity
8
0
100
AcDbLine
10
111.087
20
115.287
30
0
11
111.173
21
115.348
31
0
0
LINE
5
D7
330
C
100
AcDbEntity
8
0
100
AcDbLine
10
111.173
20
115.348
30
0
11
111.263
21
115.401
31
0
0
LINE
5
D8
330
C
100
AcDbEntity
8
0
100
AcDbLine
10
111.263
20
115.401
30
0
11
111.356
21
115.447
31
0
0
LINE
5
D9
330
C
100
AcDbEntity
8
0
100
AcDbLine
10
111.356
20
115.447
30
0
11
111.453
21
115.487
31
0
0
LINE
5
DA
330
C
100
AcDbEntity
8
0
100
AcDbLine
10
111.453
20
115.487
30
0
11
111.554
21
115.519
31
0
0
LINE
5
DB
330
C
100
AcDbEntity
8
0
100
AcDbLine
10
111.554
20
115.519
30
0
11
111.658
21
115.544
31
0
0
LINE
5
DC
330
C
100
AcDbEntity
8
0
100
AcDbLine
10
111.658
20
115.544
30
0
11
111.765
21
115.562
31
0
0
LINE
5
DD
330
C
100
AcDbEntity
8
0
100
AcDbLine
10
111.765
20
115.562
30
0
11
111.876
21
115.572
31
0
0
LINE
5
DE
330
C
100
AcDbEntity
8
0
100
AcDbLine
10
111.876
20
115.572
30
0
11
111.991
21
115.576
31
0
0
LINE
5
DF
330
C
100
AcDbEntity
8
0
100
AcDbLine
10
111.991
20
115.576
30
0
11
111.991
21
115.576
31
0
0
LINE
5
E0
330
C
100
AcDbEntity
8
0
100
AcDbLine
10
111.991
20
115.576
30
0
11
112.029
21
115.576
31
0
0
LINE
5
E1
330
C
100
AcDbEntity
8
0
100
AcDbLine
10
112.029
20
115.576
30
0
11
112.066
21
115.575
31
0
0
LINE
5
E2
330
C
100
AcDbEntity
8
0
100
AcDbLine
10
112.066
20
115.575
30
0
11
112.103
21
115.574
31
0
0
LINE
5
E3
330
C
100
AcDbEntity
8
0
100
AcDbLine
10
112.103
20
115.574
30
0
11
112.139
21
115.572
31
0
0
LINE
5
E4
330
C
100
AcDbEntity
8
0
100
AcDbLine
10
112.139
20
115.572
30
0
11
112.175
21
115.569
31
0
0
LINE
5
E5
330
C
100
AcDbEntity
8
0
100
AcDbLine
10
112.175
20
115.569
30
0
11
112.21
21
115.566
31
0
0
LINE
5
E6
330
C
100
AcDbEntity
8
0
100
AcDbLine
10
112.21
20
115.566
30
0
11
112.244
21
115.563
31
0
0
LINE
5
E7
330
C
100
AcDbEntity
8
0
100
AcDbLine
10
112.244
20
115.563
30
0
11
112.277
21
115.559
31
0
0
LINE
5
E8
330
C
100
AcDbEntity
8
0
100
AcDbLine
10
112.277
20
115.559
30
0
11
112.31
21
115.554
31
0
0
LINE
5
E9
330
C
100
AcDbEntity
8
0
100
AcDbLine
10
112.31
20
115.554
30
0
11
112.342
21
115.549
31
0
0
LINE
5
EA
330
C
100
AcDbEntity
8
0
100
AcDbLine
10
112.342
20
115.549
30
0
11
112.374
21
115.543
31
0
0
LINE
5
EB
330
C
100
AcDbEntity
8
0
100
AcDbLine
10
112.374
20
115.543
30
0
11
112.406
21
115.537
31
0
0
LINE
5
EC
330
C
100
AcDbEntity
8
0
100
AcDbLine
10
112.406
20
115.537
30
0
11
112.438
21
115.53
31
0
0
LINE
5
ED
330
C
100
AcDbEntity
8
0
100
AcDbLine
10
112.438
20
115.53
30
0
11
112.47
21
115.523
31
0
0
LINE
5
EE
330
C
100
AcDbEntity
8
0
100
AcDbLine
10
112.47
20
115.523
30
0
11
112.502
21
115.515
31
0
0
LINE
5
EF
330
C
100
AcDbEntity
8
0
100
AcDbLine
10
112.502
20
115.515
30
0
11
112.534
21
115.507
31
0
0
LINE
5
F0
330
C
100
AcDbEntity
8
0
100
AcDbLine
10
112.534
20
115.507
30
0
11
112.566
21
115.498
31
0
0
LINE
5
F1
330
C
100
AcDbEntity
8
0
100
AcDbLine
10
112.566
20
115.498
30
0
11
112.598
21
115.489
31
0
0
LINE
5
F2
330
C
100
AcDbEntity
8
0
100
AcDbLine
10
112.598
20
115.489
30
0
11
112.631
21
115.479
31
0
0
LINE
5
F3
330
C
100
AcDbEntity
8
0
100
AcDbLine
10
112.631
20
115.479
30
0
11
112.663
21
115.468
31
0
0
LINE
5
F4
330
C
100
AcDbEntity
8
0
100
AcDbLine
10
112.663
20
115.468
30
0
11
112.663
21
115.468
31
0
0
LINE
5
F5
330
C
100
AcDbEntity
8
0
100
AcDbLine
10
112.663
20
115.468
30
0
11
112.603
21
114.544
31
0
0
LINE
5
F6
330
C
100
AcDbEntity
8
0
100
AcDbLine
10
112.603
20
114.544
30
0
11
112.569
21
114.555
31
0
0
LINE
5
F7
330
C
100
AcDbEntity
8
0
100
AcDbLine
10
112.569
20
114.555
30
0
11
112.535
21
114.565
31
0
0
LINE
5
F8
330
C
100
AcDbEntity
8
0
100
AcDbLine
10
112.535
20
114.565
30
0
11
112.499
21
114.575
31
0
0
LINE
5
F9
330
C
100
AcDbEntity
8
0
100
AcDbLine
10
112.499
20
114.575
30
0
11
112.464
21
114.585
31
0
0
LINE
5
FA
330
C
100
AcDbEntity
8
0
100
AcDbLine
10
112.464
20
114.585
30
0
11
112.427
21
114.594
31
0
0
LINE
5
FB
330
C
100
AcDbEntity
8
0
100
AcDbLine
10
112.427
20
114.594
30
0
11
112.391
21
114.603
31
0
0
LINE
5
FC
330
C
100
AcDbEntity
8
0
100
AcDbLine
10
112.391
20
114.603
30
0
11
112.353
21
114.612
31
0
0
LINE
5
FD
330
C
100
AcDbEntity
8
0
100
AcDbLine
10
112.353
20
114.612
30
0
11
112.315
21
114.621
31
0
0
LINE
5
FE
330
C
100
AcDbEntity
8
0
100
AcDbLine
10
112.315
20
114.621
30
0
11
112.276
21
114.629
31
0
0
LINE
5
FF
330
C
100
AcDbEntity
8
0
100
AcDbLine
10
112.276
20
114.629
30
0
11
112.237
21
114.637
31
0
0
LINE
5
100
330
C
100
AcDbEntity
8
0
100
AcDbLine
10
112.237
20
114.637
30
0
11
112.198
21
114.644
31
0
0
LINE
5
101
330
C
100
AcDbEntity
8
0
100
AcDbLine
10
112.198
20
114.644
30
0
11
112.159
21
114.651
31
0
0
LINE
5
102
330
C
100
AcDbEntity
8
0
100
AcDbLine
10
112.159
20
114.651
30
0
11
112.122
21
114.657
31
0
0
LINE
5
103
330
C
100
AcDbEntity
8
0
100
AcDbLine
10
112.122
20
114.657
30
0
11
112.085
21
114.662
31
0
0
LINE
5
104
330
C
100
AcDbEntity
8
0
100
AcDbLine
10
112.085
20
114.662
30
0
11
112.049
21
114.666
31
0
0
LINE
5
105
330
C
100
AcDbEntity
8
0
100
AcDbLine
10
112.049
20
114.666
30
0
11
112.015
21
114.67
31
0
0
LINE
5
106
330
C
100
AcDbEntity
8
0
100
AcDbLine
10
112.015
20
114.67
30
0
11
111.98
21
114.672
31
0
0
LINE
5
107
330
C
100
AcDbEntity
8
0
100
AcDbLine
10
111.98
20
114.672
30
0
11
111.947
21
114.674
31
0
0
LINE
5
108
330
C
100
AcDbEntity
8
0
100
AcDbLine
10
111.947
20
114.674
30
0
11
111.915
21
114.676
31
0
0
LINE
5
109
330
C
100
AcDbEntity
8
0
100
AcDbLine
10
111.915
20
114.676
30
0
11
111.883
21
114.676
31
0
0
LINE
5
10A
330
C
100
AcDbEntity
8
0
100
AcDbLine
10
111.883
20
114.676
30
0
11
111.883
21
114.676
31
0
0
LINE
5
10B
330
C
100
AcDbEntity
8
0
100
AcDbLine
10
111.883
20
114.676
30
0
11
111.783
21
114.673
31
0
0
LINE
5
10C
330
C
100
AcDbEntity
8
0
100
AcDbLine
10
111.783
20
114.673
30
0
11
111.687
21
114.664
31
0
0
LINE
5
10D
330
C
100
AcDbEntity
8
0
100
AcDbLine
10
111.687
20
114.664
30
0
11
111.595
21
114.65
31
0
0
LINE
5
10E
330
C
100
AcDbEntity
8
0
100
AcDbLine
10
111.595
20
114.65
30
0
11
111.507
21
114.629
31
0
0
LINE
5
10F
330
C
100
AcDbEntity
8
0
100
AcDbLine
10
111.507
20
114.629
30
0
11
111.422
21
114.603
31
0
0
LINE
5
110
330
C
100
AcDbEntity
8
0
100
AcDbLine
10
111.422
20
114.603
30
0
11
111.342
21
114.571
31
0
0
LINE
5
111
330
C
100
AcDbEntity
8
0
100
AcDbLine
10
111.342
20
114.571
30
0
11
111.266
21
114.533
31
0
0
LINE
5
112
330
C
100
AcDbEntity
8
0
100
AcDbLine
10
111.266
20
114.533
30
0
11
111.194
21
114.49
31
0
0
LINE
5
113
330
C
100
AcDbEntity
8
0
100
AcDbLine
10
111.194
20
114.49
30
0
11
111.125
21
114.44
31
0
0
LINE
5
114
330
C
100
AcDbEntity
8
0
100
AcDbLine
10
111.125
20
114.44
30
0
11
111.061
21
114.385
31
0
0
LINE
5
115
330
C
100
AcDbEntity
8
0
100
AcDbLine
10
111.061
20
114.385
30
0
11
111
21
114.324
31
0
0
LINE
5
116
330
C
100
AcDbEntity
8
0
100
AcDbLine
10
111
20
114.324
30
0
11
110.943
21
114.259
31
0
0
LINE
5
117
330
C
100
AcDbEntity
8
0
100
AcDbLine
10
110.943
20
114.259
30
0
11
110.889
21
114.189
31
0
0
LINE
5
118
330
C
100
AcDbEntity
8
0
100
AcDbLine
10
110.889
20
114.189
30
0
11
110.839
21
114.114
31
0
0
LINE
5
119
330
C
100
AcDbEntity
8
0
100
AcDbLine
10
110.839
20
114.114
30
0
11
110.792
21
114.035
31
0
0
LINE
5
11A
330
C
100
AcDbEntity
8
0
100
AcDbLine
10
110.792
20
114.035
30
0
11
110.748
21
113.95
31
0
0
LINE
5
11B
330
C
100
AcDbEntity
8
0
100
AcDbLine
10
110.748
20
113.95
30
0
11
110.708
21
113.861
31
0
0
LINE
5
11C
330
C
100
AcDbEntity
8
0
100
AcDbLine
10
110.708
20
113.861
30
0
11
110.671
21
113.768
31
0
0
LINE
5
11D
330
C
100
AcDbEntity
8
0
100
AcDbLine
10
110.671
20
113.768
30
0
11
110.638
21
113.669
31
0
0
LINE
5
11E
330
C
100
AcDbEntity
8
0
100
AcDbLine
10
110.638
20
113.669
30
0
11
110.608
21
113.566
31
0
0
LINE
5
11F
330
C
100
AcDbEntity
8
0
100
AcDbLine
10
110.608
20
113.566
30
0
11
110.581
21
113.459
31
0
0
LINE
5
120
330
C
100
AcDbEntity
8
0
100
AcDbLine
10
110.581
20
113.459
30
0
11
110.557
21
113.347
31
0
0
LINE
5
121
330
C
100
AcDbEntity
8
0
100
AcDbLine
10
110.557
20
113.347
30
0
11
110.536
21
113.232
31
0
0
LINE
5
122
330
C
100
AcDbEntity
8
0
100
AcDbLine
10
110.536
20
113.232
30
0
11
110.518
21
113.114
31
0
0
LINE
5
123
330
C
100
AcDbEntity
8
0
100
AcDbLine
10
110.518
20
113.114
30
0
11
110.502
21
112.992
31
0
0
LINE
5
124
330
C
100
AcDbEntity
8
0
100
AcDbLine
10
110.502
20
112.992
30
0
11
110.49
21
112.865
31
0
0
LINE
5
125
330
C
100
AcDbEntity
8
0
100
AcDbLine
10
110.49
20
112.865
30
0
11
110.48
21
112.736
31
0
0
LINE
5
126
330
C
100
AcDbEntity
8
0
100
AcDbLine
10
110.48
20
112.736
30
0
11
110.473
21
112.602
31
0
0
LINE
5
127
330
C
100
AcDbEntity
8
0
100
AcDbLine
10
110.473
20
112.602
30
0
11
110.468
21
112.465
31
0
0
LINE
5
128
330
C
100
AcDbEntity
8
0
100
AcDbLine
10
110.468
20
112.465
30
0
11
110.467
21
112.324
31
0
0
LINE
5
129
330
C
100
AcDbEntity
8
0
100
AcDbLine
10
110.467
20
112.324
30
0
11
110.467
21
112.324
31
0
0
LINE
5
12A
330
C
100
AcDbEntity
8
0
100
AcDbLine
10
110.467
20
112.324
30
0
11
110.467
21
112.324
31
0
0
LINE
5
12B
330
C
100
AcDbEntity
8
0
100
AcDbLine
10
115.945
20
109.588
30
0
11
115.945
21
109.588
31
0
0
LINE
5
12C
330
C
100
AcDbEntity
8
0
100
AcDbLine
10
115.945
20
109.588
30
0
11
115.792
21
109.591
31
0
0
LINE
5
12D
330
C
100
AcDbEntity
8
0
100
AcDbLine
10
115.792
20
109.591
30
0
11
115.642
21
109.602
31
0
0
LINE
5
12E
330
C
100
AcDbEntity
8
0
100
AcDbLine
10
115.642
20
109.602
30
0
11
115.496
21
109.619
31
0
0
LINE
5
12F
330
C
100
AcDbEntity
8
0
100
AcDbLine
10
115.496
20
109.619
30
0
11
115.353
21
109.643
31
0
0
LINE
5
130
330
C
100
AcDbEntity
8
0
100
AcDbLine
10
115.353
20
109.643
30
0
11
115.214
21
109.674
31
0
0
LINE
5
131
330
C
100
AcDbEntity
8
0
100
AcDbLine
10
115.214
20
109.674
30
0
11
115.078
21
109.711
31
0
0
LINE
5
132
330
C
100
AcDbEntity
8
0
100
AcDbLine
10
115.078
20
109.711
30
0
11
114.945
21
109.756
31
0
0
LINE
5
133
330
C
100
AcDbEntity
8
0
100
AcDbLine
10
114.945
20
109.756
30
0
11
114.816
21
109.807
31
0
0
LINE
5
134
330
C
100
AcDbEntity
8
0
100
AcDbLine
10
114.816
20
109.807
30
0
11
114.69
21
109.865
31
0
0
LINE
5
135
330
C
100
AcDbEntity
8
0
100
AcDbLine
10
114.69
20
109.865
30
0
11
114.568
21
109.93
31
0
0
LINE
5
136
330
C
100
AcDbEntity
8
0
100
AcDbLine
10
114.568
20
109.93
30
0
11
114.45
21
110.002
31
0
0
LINE
5
137
330
C
100
AcDbEntity
8
0
100
AcDbLine
10
114.45
20
110.002
30
0
11
114.337
21
110.08
31
0
0
LINE
5
138
330
C
100
AcDbEntity
8
0
100
AcDbLine
10
114.337
20
110.08
30
0
11
114.229
21
110.165
31
0
0
LINE
5
139
330
C
100
AcDbEntity
8
0
100
AcDbLine
10
114.229
20
110.165
30
0
11
114.126
21
110.256
31
0
0
LINE
5
13A
330
C
100
AcDbEntity
8
0
100
AcDbLine
10
114.126
20
110.256
30
0
11
114.029
21
110.355
31
0
0
LINE
5
13B
330
C
100
AcDbEntity
8
0
100
AcDbLine
10
114.029
20
110.355
30
0
11
113.936
21
110.459
31
0
0
LINE
5
13C
330
C
100
AcDbEntity
8
0
100
AcDbLine
10
113.936
20
110.459
30
0
11
113.849
21
110.57
31
0
0
LINE
5
13D
330
C
100
AcDbEntity
8
0
100
AcDbLine
10
113.849
20
110.57
30
0
11
113.766
21
110.688
31
0
0
LINE
5
13E
330
C
100
AcDbEntity
8
0
100
AcDbLine
10
113.766
20
110.688
30
0
11
113.689
21
110.813
31
0
0
LINE
5
13F
330
C
100
AcDbEntity
8
0
100
AcDbLine
10
113.689
20
110.813
30
0
11
113.617
21
110.944
31
0
0
LINE
5
140
330
C
100
AcDbEntity
8
0
100
AcDbLine
10
113.617
20
110.944
30
0
11
113.551
21
111.082
31
0
0
LINE
5
141
330
C
100
AcDbEntity
8
0
100
AcDbLine
10
113.551
20
111.082
30
0
11
113.492
21
111.225
31
0
0
LINE
5
142
330
C
100
AcDbEntity
8
0
100
AcDbLine
10
113.492
20
111.225
30
0
11
113.44
21
111.375
31
0
0
LINE
5
143
330
C
100
AcDbEntity
8
0
100
AcDbLine
10
113.44
20
111.375
30
0
11
113.394
21
111.532
31
0
0
LINE
5
144
330
C
100
AcDbEntity
8
0
100
AcDbLine
10
113.394
20
111.532
30
0
11
113.356
21
111.694
31
0
0
LINE
5
145
330
C
100
AcDbEntity
8
0
100
AcDbLine
10
113.356
20
111.694
30
0
11
113.325
21
111.863
31
0
0
LINE
5
146
330
C
100
AcDbEntity
8
0
100
AcDbLine
10
113.325
20
111.863
30
0
11
113.3
21
112.038
31
0
0
LINE
5
147
330
C
100
AcDbEntity
8
0
100
AcDbLine
10
113.3
20
112.038
30
0
11
113.283
21
112.219
31
0
0
LINE
5
148
330
C
100
AcDbEntity
8
0
100
AcDbLine
10
113.283
20
112.219
30
0
11
113.272
21
112.406
31
0
0
LINE
5
149
330
C
100
AcDbEntity
8
0
100
AcDbLine
10
113.272
20
112.406
30
0
11
113.269
21
112.6
31
0
0
LINE
5
14A
330
C
100
AcDbEntity
8
0
100
AcDbLine
10
113.269
20
112.6
30
0
11
113.269
21
112.6
31
0
0
LINE
5
14B
330
C
100
AcDbEntity
8
0
100
AcDbLine
10
113.269
20
112.6
30
0
11
113.272
21
112.795
31
0
0
LINE
5
14C
330
C
100
AcDbEntity
8
0
100
AcDbLine
10
113.272
20
112.795
30
0
11
113.283
21
112.983
31
0
0
LINE
5
14D
330
C
100
AcDbEntity
8
0
100
AcDbLine
10
113.283
20
112.983
30
0
11
113.3
21
113.165
31
0
0
LINE
5
14E
330
C
100
AcDbEntity
8
0
100
AcDbLine
10
113.3
20
113.165
30
0
11
113.325
21
113.341
31
0
0
LINE
5
14F
330
C
100
AcDbEntity
8
0
100
AcDbLine
10
113.325
20
113.341
30
0
11
113.356
21
113.51
31
0
0
LINE
5
150
330
C
100
AcDbEntity
8
0
100
AcDbLine
10
113.356
20
113.51
30
0
11
113.394
21
113.672
31
0
0
LINE
5
151
330
C
100
AcDbEntity
8
0
100
AcDbLine
10
113.394
20
113.672
30
0
11
113.44
21
113.829
31
0
0
LINE
5
152
330
C
100
AcDbEntity
8
0
100
AcDbLine
10
113.44
20
113.829
30
0
11
113.492
21
113.979
31
0
0
LINE
5
153
330
C
100
AcDbEntity
8
0
100
AcDbLine
10
113.492
20
113.979
30
0
11
113.551
21
114.122
31
0
0
LINE
5
154
330
C
100
AcDbEntity
8
0
100
AcDbLine
10
113.551
20
114.122
30
0
11
113.617
21
114.259
31
0
0
LINE
5
155
330
C
100
AcDbEntity
8
0
100
AcDbLine
10
113.617
20
114.259
30
0
11
113.689
21
114.39
31
0
0
LINE
5
156
330
C
100
AcDbEntity
8
0
100
AcDbLine
10
113.689
20
114.39
30
0
11
113.766
21
114.514
31
0
0
LINE
5
157
330
C
100
AcDbEntity
8
0
100
AcDbLine
10
113.766
20
114.514
30
0
11
113.849
21
114.631
31
0
0
LINE
5
158
330
C
100
AcDbEntity
8
0
100
AcDbLine
10
113.849
20
114.631
30
0
11
113.936
21
114.742
31
0
0
LINE
5
159
330
C
100
AcDbEntity
8
0
100
AcDbLine
10
113.936
20
114.742
30
0
11
114.029
21
114.846
31
0
0
LINE
5
15A
330
C
100
AcDbEntity
8
0
100
AcDbLine
10
114.029
20
114.846
30
0
11
114.126
21
114.944
31
0
0
LINE
5
15B
330
C
100
AcDbEntity
8
0
100
AcDbLine
10
114.126
20
114.944
30
0
11
114.229
21
115.035
31
0
0
LINE
5
15C
330
C
100
AcDbEntity
8
0
100
AcDbLine
10
114.229
20
115.035
30
0
11
114.337
21
115.12
31
0
0
LINE
5
15D
330
C
100
AcDbEntity
8
0
100
AcDbLine
10
114.337
20
115.12
30
0
11
114.45
21
115.198
31
0
0
LINE
5
15E
330
C
100
AcDbEntity
8
0
100
AcDbLine
10
114.45
20
115.198
30
0
11
114.568
21
115.27
31
0
0
LINE
5
15F
330
C
100
AcDbEntity
8
0
100
AcDbLine
10
114.568
20
115.27
30
0
11
114.69
21
115.335
31
0
0
LINE
5
160
330
C
100
AcDbEntity
8
0
100
AcDbLine
10
114.69
20
115.335
30
0
11
114.816
21
115.393
31
0
0
LINE
5
161
330
C
100
AcDbEntity
8
0
100
AcDbLine
10
114.816
20
115.393
30
0
11
114.945
21
115.444
31
0
0
LINE
5
162
330
C
100
AcDbEntity
8
0
100
AcDbLine
10
114.945
20
115.444
30
0
11
115.078
21
115.489
31
0
0
LINE
5
163
330
C
100
AcDbEntity
8
0
100
AcDbLine
10
115.078
20
115.489
30
0
11
115.214
21
115.526
31
0
0
LINE
5
164
330
C
100
AcDbEntity
8
0
100
AcDbLine
10
115.214
20
115.526
30
0
11
115.353
21
115.557
31
0
0
LINE
5
165
330
C
100
AcDbEntity
8
0
100
AcDbLine
10
115.353
20
115.557
30
0
11
115.496
21
115.581
31
0
0
LINE
5
166
330
C
100
AcDbEntity
8
0
100
AcDbLine
10
115.496
20
115.581
30
0
11
115.642
21
115.598
31
0
0
LINE
5
167
330
C
100
AcDbEntity
8
0
100
AcDbLine
10
115.642
20
115.598
30
0
11
115.792
21
115.609
31
0
0
LINE
5
168
330
C
100
AcDbEntity
8
0
100
AcDbLine
10
115.792
20
115.609
30
0
11
115.945
21
115.612
31
0
0
LINE
5
169
330
C
100
AcDbEntity
8
0
100
AcDbLine
10
115.945
20
115.612
30
0
11
115.945
21
115.612
31
0
0
LINE
5
16A
330
C
100
AcDbEntity
8
0
100
AcDbLine
10
115.945
20
115.612
30
0
11
116.097
21
115.609
31
0
0
LINE
5
16B
330
C
100
AcDbEntity
8
0
100
AcDbLine
10
116.097
20
115.609
30
0
11
116.246
21
115.598
31
0
0
LINE
5
16C
330
C
100
AcDbEntity
8
0
100
AcDbLine
10
116.246
20
115.598
30
0
11
116.391
21
115.581
31
0
0
LINE
5
16D
330
C
100
AcDbEntity
8
0
100
AcDbLine
10
116.391
20
115.581
30
0
11
116.533
21
115.557
31
0
0
LINE
5
16E
330
C
100
AcDbEntity
8
0
100
AcDbLine
10
116.533
20
115.557
30
0
11
116.672
21
115.526
31
0
0
LINE
5
16F
330
C
100
AcDbEntity
8
0
100
AcDbLine
10
116.672
20
115.526
30
0
11
116.807
21
115.489
31
0
0
LINE
5
170
330
C
100
AcDbEntity
8
0
100
AcDbLine
10
116.807
20
115.489
30
0
11
116.939
21
115.444
31
0
0
LINE
5
171
330
C
100
AcDbEntity
8
0
100
AcDbLine
10
116.939
20
115.444
30
0
11
117.068
21
115.393
31
0
0
LINE
5
172
330
C
100
AcDbEntity
8
0
100
AcDbLine
10
117.068
20
115.393
30
0
11
117.194
21
115.335
31
0
0
LINE
5
173
330
C
100
AcDbEntity
8
0
100
AcDbLine
10
117.194
20
115.335
30
0
11
117.316
21
115.27
31
0
0
LINE
5
174
330
C
100
AcDbEntity
8
0
100
AcDbLine
10
117.316
20
115.27
30
0
11
117.434
21
115.198
31
0
0
LINE
5
175
330
C
100
AcDbEntity
8
0
100
AcDbLine
10
117.434
20
115.198
30
0
11
117.547
21
115.12
31
0
0
LINE
5
176
330
C
100
AcDbEntity
8
0
100
AcDbLine
10
117.547
20
115.12
30
0
11
117.655
21
115.035
31
0
0
LINE
5
177
330
C
100
AcDbEntity
8
0
100
AcDbLine
10
117.655
20
115.035
30
0
11
117.757
21
114.944
31
0
0
LINE
5
178
330
C
100
AcDbEntity
8
0
100
AcDbLine
10
117.757
20
114.944
30
0
11
117.855
21
114.846
31
0
0
LINE
5
179
330
C
100
AcDbEntity
8
0
100
AcDbLine
10
117.855
20
114.846
30
0
11
117.947
21
114.742
31
0
0
LINE
5
17A
330
C
100
AcDbEntity
8
0
100
AcDbLine
10
117.947
20
114.742
30
0
11
118.034
21
114.631
31
0
0
LINE
5
17B
330
C
100
AcDbEntity
8
0
100
AcDbLine
10
118.034
20
114.631
30
0
11
118.116
21
114.514
31
0
0
LINE
5
17C
330
C
100
AcDbEntity
8
0
100
AcDbLine
10
118.116
20
114.514
30
0
11
118.192
21
114.39
31
0
0
LINE
5
17D
330
C
100
AcDbEntity
8
0
100
AcDbLine
10
118.192
20
114.39
30
0
11
118.264
21
114.259
31
0
0
LINE
5
17E
330
C
100
AcDbEntity
8
0
100
AcDbLine
10
118.264
20
114.259
30
0
11
118.33
21
114.122
31
0
0
LINE
5
17F
330
C
100
AcDbEntity
8
0
100
AcDbLine
10
118.33
20
114.122
30
0
11
118.388
21
113.979
31
0
0
LINE
5
180
330
C
100
AcDbEntity
8
0
100
AcDbLine
10
118.388
20
113.979
30
0
11
118.44
21
113.829
31
0
0
LINE
5
181
330
C
100
AcDbEntity
8
0
100
AcDbLine
10
118.44
20
113.829
30
0
11
118.485
21
113.672
31
0
0
LINE
5
182
330
C
100
AcDbEntity
8
0
100
AcDbLine
10
118.485
20
113.672
30
0
11
118.523
21
113.51
31
0
0
LINE
5
183
330
C
100
AcDbEntity
8
0
100
AcDbLine
10
118.523
20
113.51
30
0
11
118.554
21
113.341
31
0
0
LINE
5
184
330
C
100
AcDbEntity
8
0
100
AcDbLine
10
118.554
20
113.341
30
0
11
118.578
21
113.165
31
0
0
LINE
5
185
330
C
100
AcDbEntity
8
0
100
AcDbLine
10
118.578
20
113.165
30
0
11
118.595
21
112.983
31
0
0
LINE
5
186
330
C
100
AcDbEntity
8
0
100
AcDbLine
10
118.595
20
112.983
30
0
11
118.606
21
112.795
31
0
0
LINE
5
187
330
C
100
AcDbEntity
8
0
100
AcDbLine
10
118.606
20
112.795
30
0
11
118.609
21
112.6
31
0
0
LINE
5
188
330
C
100
AcDbEntity
8
0
100
AcDbLine
10
118.609
20
112.6
30
0
11
118.609
21
112.6
31
0
0
LINE
5
189
330
C
100
AcDbEntity
8
0
100
AcDbLine
10
118.609
20
112.6
30
0
11
118.606
21
112.406
31
0
0
LINE
5
18A
330
C
100
AcDbEntity
8
0
100
AcDbLine
10
118.606
20
112.406
30
0
11
118.595
21
112.219
31
0
0
LINE
5
18B
330
C
100
AcDbEntity
8
0
100
AcDbLine
10
118.595
20
112.219
30
0
11
118.578
21
112.038
31
0
0
LINE
5
18C
330
C
100
AcDbEntity
8
0
100
AcDbLine
10
118.578
20
112.038
30
0
11
118.554
21
111.863
31
0
0
LINE
5
18D
330
C
100
AcDbEntity
8
0
100
AcDbLine
10
118.554
20
111.863
30
0
11
118.523
21
111.694
31
0
0
LINE
5
18E
330
C
100
AcDbEntity
8
0
100
AcDbLine
10
118.523
20
111.694
30
0
11
118.485
21
111.532
31
0
0
LINE
5
18F
330
C
100
AcDbEntity
8
0
100
AcDbLine
10
118.485
20
111.532
30
0
11
118.44
21
111.375
31
0
0
LINE
5
190
330
C
100
AcDbEntity
8
0
100
AcDbLine
10
118.44
20
111.375
30
0
11
118.388
21
111.225
31
0
0
LINE
5
191
330
C
100
AcDbEntity
8
0
100
AcDbLine
10
118.388
20
111.225
30
0
11
118.33
21
111.082
31
0
0
LINE
5
192
330
C
100
AcDbEntity
8
0
100
AcDbLine
10
118.33
20
111.082
30
0
11
118.264
21
110.944
31
0
0
LINE
5
193
330
C
100
AcDbEntity
8
0
100
AcDbLine
10
118.264
20
110.944
30
0
11
118.192
21
110.813
31
0
0
LINE
5
194
330
C
100
AcDbEntity
8
0
100
AcDbLine
10
118.192
20
110.813
30
0
11
118.116
21
110.688
31
0
0
LINE
5
195
330
C
100
AcDbEntity
8
0
100
AcDbLine
10
118.116
20
110.688
30
0
11
118.034
21
110.57
31
0
0
LINE
5
196
330
C
100
AcDbEntity
8
0
100
AcDbLine
10
118.034
20
110.57
30
0
11
117.947
21
110.459
31
0
0
LINE
5
197
330
C
100
AcDbEntity
8
0
100
AcDbLine
10
117.947
20
110.459
30
0
11
117.855
21
110.355
31
0
0
LINE
5
198
330
C
100
AcDbEntity
8
0
100
AcDbLine
10
117.855
20
110.355
30
0
11
117.757
21
110.256
31
0
0
LINE
5
199
330
C
100
AcDbEntity
8
0
100
AcDbLine
10
117.757
20
110.256
30
0
11
117.655
21
110.165
31
0
0
LINE
5
19A
330
C
100
AcDbEntity
8
0
100
AcDbLine
10
117.655
20
110.165
30
0
11
117.547
21
110.08
31
0
0
LINE
5
19B
330
C
100
AcDbEntity
8
0
100
AcDbLine
10
117.547
20
110.08
30
0
11
117.434
21
110.002
31
0
0
LINE
5
19C
330
C
100
AcDbEntity
8
0
100
AcDbLine
10
117.434
20
110.002
30
0
11
117.316
21
109.93
31
0
0
LINE
5
19D
330
C
100
AcDbEntity
8
0
100
AcDbLine
10
117.316
20
109.93
30
0
11
117.194
21
109.865
31
0
0
LINE
5
19E
330
C
100
AcDbEntity
8
0
100
AcDbLine
10
117.194
20
109.865
30
0
11
117.068
21
109.807
31
0
0
LINE
5
19F
330
C
100
AcDbEntity
8
0
100
AcDbLine
10
117.068
20
109.807
30
0
11
116.939
21
109.756
31
0
0
LINE
5
1A0
330
C
100
AcDbEntity
8
0
100
AcDbLine
10
116.939
20
109.756
30
0
11
116.807
21
109.711
31
0
0
LINE
5
1A1
330
C
100
AcDbEntity
8
0
100
AcDbLine
10
116.807
20
109.711
30
0
11
116.672
21
109.674
31
0
0
LINE
5
1A2
330
C
100
AcDbEntity
8
0
100
AcDbLine
10
116.672
20
109.674
30
0
11
116.533
21
109.643
31
0
0
LINE
5
1A3
330
C
100
AcDbEntity
8
0
100
AcDbLine
10
116.533
20
109.643
30
0
11
116.391
21
109.619
31
0
0
LINE
5
1A4
330
C
100
AcDbEntity
8
0
100
AcDbLine
10
116.391
20
109.619
30
0
11
116.246
21
109.602
31
0
0
LINE
5
1A5
330
C
100
AcDbEntity
8
0
100
AcDbLine
10
116.246
20
109.602
30
0
11
116.097
21
109.591
31
0
0
LINE
5
1A6
330
C
100
AcDbEntity
8
0
100
AcDbLine
10
116.097
20
109.591
30
0
11
115.945
21
109.588
31
0
0
LINE
5
1A7
330
C
100
AcDbEntity
8
0
100
AcDbLine
10
115.945
20
109.588
30
0
11
115.945
21
109.588
31
0
0
LINE
5
1A8
330
C
100
AcDbEntity
8
0
100
AcDbLine
10
115.921
20
110.404
30
0
11
115.921
21
110.404
31
0
0
LINE
5
1A9
330
C
100
AcDbEntity
8
0
100
AcDbLine
10
115.921
20
110.404
30
0
11
116.031
21
110.407
31
0
0
LINE
5
1AA
330
C
100
AcDbEntity
8
0
100
AcDbLine
10
116.031
20
110.407
30
0
11
116.137
21
110.415
31
0
0
LINE
5
1AB
330
C
100
AcDbEntity
8
0
100
AcDbLine
10
116.137
20
110.415
30
0
11
116.241
21
110.428
31
0
0
LINE
5
1AC
330
C
100
AcDbEntity
8
0
100
AcDbLine
10
116.241
20
110.428
30
0
11
116.341
21
110.447
31
0
0
LINE
5
1AD
330
C
100
AcDbEntity
8
0
100
AcDbLine
10
116.341
20
110.447
30
0
11
116.437
21
110.471
31
0
0
LINE
5
1AE
330
C
100
AcDbEntity
8
0
100
AcDbLine
10
116.437
20
110.471
30
0
11
116.53
21
110.5
31
0
0
LINE
5
1AF
330
C
100
AcDbEntity
8
0
100
AcDbLine
10
116.53
20
110.5
30
0
11
116.62
21
110.535
31
0
0
LINE
5
1B0
330
C
100
AcDbEntity
8
0
100
AcDbLine
10
116.62
20
110.535
30
0
11
116.706
21
110.575
31
0
0
LINE
5
1B1
330
C
100
AcDbEntity
8
0
100
AcDbLine
10
116.706
20
110.575
30
0
11
116.789
21
110.62
31
0
0
LINE
5
1B2
330
C
100
AcDbEntity
8
0
100
AcDbLine
10
116.789
20
110.62
30
0
11
116.869
21
110.671
31
0
0
LINE
5
1B3
330
C
100
AcDbEntity
8
0
100
AcDbLine
10
116.869
20
110.671
30
0
11
116.945
21
110.727
31
0
0
LINE
5
1B4
330
C
100
AcDbEntity
8
0
100
AcDbLine
10
116.945
20
110.727
30
0
11
117.017
21
110.787
31
0
0
LINE
5
1B5
330
C
100
AcDbEntity
8
0
100
AcDbLine
10
117.017
20
110.787
30
0
11
117.086
21
110.851
31
0
0
LINE
5
1B6
330
C
100
AcDbEntity
8
0
100
AcDbLine
10
117.086
20
110.851
30
0
11
117.151
21
110.921
31
0
0
LINE
5
1B7
330
C
100
AcDbEntity
8
0
100
AcDbLine
10
117.151
20
110.921
30
0
11
117.212
21
110.994
31
0
0
LINE
5
1B8
330
C
100
AcDbEntity
8
0
100
AcDbLine
10
117.212
20
110.994
30
0
11
117.269
21
111.072
31
0
0
LINE
5
1B9
330
C
100
AcDbEntity
8
0
100
AcDbLine
10
117.269
20
111.072
30
0
11
117.322
21
111.155
31
0
0
LINE
5
1BA
330
C
100
AcDbEntity
8
0
100
AcDbLine
10
117.322
20
111.155
30
0
11
117.372
21
111.242
31
0
0
LINE
5
1BB
330
C
100
AcDbEntity
8
0
100
AcDbLine
10
117.372
20
111.242
30
0
11
117.418
21
111.334
31
0
0
LINE
5
1BC
330
C
100
AcDbEntity
8
0
100
AcDbLine
10
117.418
20
111.334
30
0
11
117.46
21
111.43
31
0
0
LINE
5
1BD
330
C
100
AcDbEntity
8
0
100
AcDbLine
10
117.46
20
111.43
30
0
11
117.498
21
111.53
31
0
0
LINE
5
1BE
330
C
100
AcDbEntity
8
0
100
AcDbLine
10
117.498
20
111.53
30
0
11
117.532
21
111.634
31
0
0
LINE
5
1BF
330
C
100
AcDbEntity
8
0
100
AcDbLine
10
117.532
20
111.634
30
0
11
117.563
21
111.742
31
0
0
LINE
5
1C0
330
C
100
AcDbEntity
8
0
100
AcDbLine
10
117.563
20
111.742
30
0
11
117.589
21
111.853
31
0
0
LINE
5
1C1
330
C
100
AcDbEntity
8
0
100
AcDbLine
10
117.589
20
111.853
30
0
11
117.611
21
111.969
31
0
0
LINE
5
1C2
330
C
100
AcDbEntity
8
0
100
AcDbLine
10
117.611
20
111.969
30
0
11
117.629
21
112.087
31
0
0
LINE
5
1C3
330
C
100
AcDbEntity
8
0
100
AcDbLine
10
117.629
20
112.087
30
0
11
117.643
21
112.21
31
0
0
LINE
5
1C4
330
C
100
AcDbEntity
8
0
100
AcDbLine
10
117.643
20
112.21
30
0
11
117.653
21
112.336
31
0
0
LINE
5
1C5
330
C
100
AcDbEntity
8
0
100
AcDbLine
10
117.653
20
112.336
30
0
11
117.659
21
112.466
31
0
0
LINE
5
1C6
330
C
100
AcDbEntity
8
0
100
AcDbLine
10
117.659
20
112.466
30
0
11
117.661
21
112.6
31
0
0
LINE
5
1C7
330
C
100
AcDbEntity
8
0
100
AcDbLine
10
117.661
20
112.6
30
0
11
117.661
21
112.6
31
0
0
LINE
5
1C8
330
C
100
AcDbEntity
8
0
100
AcDbLine
10
117.661
20
112.6
30
0
11
117.657
21
112.801
31
0
0
LINE
5
1C9
330
C
100
AcDbEntity
8
0
100
AcDbLine
10
117.657
20
112.801
30
0
11
117.644
21
112.993
31
0
0
LINE
5
1CA
330
C
100
AcDbEntity
8
0
100
AcDbLine
10
117.644
20
112.993
30
0
11
117.623
21
113.176
31
0
0
LINE
5
1CB
330
C
100
AcDbEntity
8
0
100
AcDbLine
10
117.623
20
113.176
30
0
11
117.593
21
113.351
31
0
0
LINE
5
1CC
330
C
100
AcDbEntity
8
0
100
AcDbLine
10
117.593
20
113.351
30
0
11
117.555
21
113.517
31
0
0
LINE
5
1CD
330
C
100
AcDbEntity
8
0
100
AcDbLine
10
117.555
20
113.517
30
0
11
117.508
21
113.675
31
0
0
LINE
5
1CE
330
C
100
AcDbEntity
8
0
100
AcDbLine
10
117.508
20
113.675
30
0
11
117.452
21
113.823
31
0
0
LINE
5
1CF
330
C
100
AcDbEntity
8
0
100
AcDbLine
10
117.452
20
113.823
30
0
11
117.388
21
113.963
31
0
0
LINE
5
1D0
330
C
100
AcDbEntity
8
0
100
AcDbLine
10
117.388
20
113.963
30
0
11
117.316
21
114.094
31
0
0
LINE
5
1D1
330
C
100
AcDbEntity
8
0
100
AcDbLine
10
117.316
20
114.094
30
0
11
117.235
21
114.217
31
0
0
LINE
5
1D2
330
C
100
AcDbEntity
8
0
100
AcDbLine
10
117.235
20
114.217
30
0
11
117.146
21
114.329
31
0
0
LINE
5
1D3
330
C
100
AcDbEntity
8
0
100
AcDbLine
10
117.146
20
114.329
30
0
11
117.048
21
114.43
31
0
0
LINE
5
1D4
330
C
100
AcDbEntity
8
0
100
AcDbLine
10
117.048
20
114.43
30
0
11
116.942
21
114.518
31
0
0
LINE
5
1D5
330
C
100
AcDbEntity
8
0
100
AcDbLine
10
116.942
20
114.518
30
0
11
116.828
21
114.595
31
0
0
LINE
5
1D6
330
C
100
AcDbEntity
8
0
100
AcDbLine
10
116.828
20
114.595
30
0
11
116.706
21
114.66
31
0
0
LINE
5
1D7
330
C
100
AcDbEntity
8
0
100
AcDbLine
10
116.706
20
114.66
30
0
11
116.575
21
114.713
31
0
0
LINE
5
1D8
330
C
100
AcDbEntity
8
0
100
AcDbLine
10
116.575
20
114.713
30
0
11
116.436
21
114.755
31
0
0
LINE
5
1D9
330
C
100
AcDbEntity
8
0
100
AcDbLine
10
116.436
20
114.755
30
0
11
116.288
21
114.784
31
0
0
LINE
5
1DA
330
C
100
AcDbEntity
8
0
100
AcDbLine
10
116.288
20
114.784
30
0
11
116.133
21
114.802
31
0
0
LINE
5
1DB
330
C
100
AcDbEntity
8
0
100
AcDbLine
10
116.133
20
114.802
30
0
11
115.969
21
114.808
31
0
0
LINE
5
1DC
330
C
100
AcDbEntity
8
0
100
AcDbLine
10
115.969
20
114.808
30
0
11
115.969
21
114.808
31
0
0
LINE
5
1DD
330
C
100
AcDbEntity
8
0
100
AcDbLine
10
115.969
20
114.808
30
0
11
115.858
21
114.805
31
0
0
LINE
5
1DE
330
C
100
AcDbEntity
8
0
100
AcDbLine
10
115.858
20
114.805
30
0
11
115.75
21
114.797
31
0
0
LINE
5
1DF
330
C
100
AcDbEntity
8
0
100
AcDbLine
10
115.75
20
114.797
30
0
11
115.647
21
114.784
31
0
0
LINE
5
1E0
330
C
100
AcDbEntity
8
0
100
AcDbLine
10
115.647
20
114.784
30
0
11
115.546
21
114.765
31
0
0
LINE
5
1E1
330
C
100
AcDbEntity
8
0
100
AcDbLine
10
115.546
20
114.765
30
0
11
115.449
21
114.741
31
0
0
LINE
5
1E2
330
C
100
AcDbEntity
8
0
100
AcDbLine
10
115.449
20
114.741
30
0
11
115.356
21
114.712
31
0
0
LINE
5
1E3
330
C
100
AcDbEntity
8
0
100
AcDbLine
10
115.356
20
114.712
30
0
11
115.266
21
114.677
31
0
0
LINE
5
1E4
330
C
100
AcDbEntity
8
0
100
AcDbLine
10
115.266
20
114.677
30
0
11
115.18
21
114.637
31
0
0
LINE
5
1E5
330
C
100
AcDbEntity
8
0
100
AcDbLine
10
115.18
20
114.637
30
0
11
115.097
21
114.592
31
0
0
LINE
5
1E6
330
C
100
AcDbEntity
8
0
100
AcDbLine
10
115.097
20
114.592
30
0
11
115.018
21
114.541
31
0
0
LINE
5
1E7
330
C
100
AcDbEntity
8
0
100
AcDbLine
10
115.018
20
114.541
30
0
11
114.942
21
114.485
31
0
0
LINE
5
1E8
330
C
100
AcDbEntity
8
0
100
AcDbLine
10
114.942
20
114.485
30
0
11
114.871
21
114.425
31
0
0
LINE
5
1E9
330
C
100
AcDbEntity
8
0
100
AcDbLine
10
114.871
20
114.425
30
0
11
114.803
21
114.36
31
0
0
LINE
5
1EA
330
C
100
AcDbEntity
8
0
100
AcDbLine
10
114.803
20
114.36
30
0
11
114.738
21
114.291
31
0
0
LINE
5
1EB
330
C
100
AcDbEntity
8
0
100
AcDbLine
10
114.738
20
114.291
30
0
11
114.677
21
114.217
31
0
0
LINE
5
1EC
330
C
100
AcDbEntity
8
0
100
AcDbLine
10
114.677
20
114.217
30
0
11
114.621
21
114.139
31
0
0
LINE
5
1ED
330
C
100
AcDbEntity
8
0
100
AcDbLine
10
114.621
20
114.139
30
0
11
114.567
21
114.055
31
0
0
LINE
5
1EE
330
C
100
AcDbEntity
8
0
100
AcDbLine
10
114.567
20
114.055
30
0
11
114.518
21
113.968
31
0
0
LINE
5
1EF
330
C
100
AcDbEntity
8
0
100
AcDbLine
10
114.518
20
113.968
30
0
11
114.472
21
113.876
31
0
0
LINE
5
1F0
330
C
100
AcDbEntity
8
0
100
AcDbLine
10
114.472
20
113.876
30
0
11
114.43
21
113.779
31
0
0
LINE
5
1F1
330
C
100
AcDbEntity
8
0
100
AcDbLine
10
114.43
20
113.779
30
0
11
114.392
21
113.678
31
0
0
LINE
5
1F2
330
C
100
AcDbEntity
8
0
100
AcDbLine
10
114.392
20
113.678
30
0
11
114.358
21
113.573
31
0
0
LINE
5
1F3
330
C
100
AcDbEntity
8
0
100
AcDbLine
10
114.358
20
113.573
30
0
11
114.327
21
113.465
31
0
0
LINE
5
1F4
330
C
100
AcDbEntity
8
0
100
AcDbLine
10
114.327
20
113.465
30
0
11
114.301
21
113.353
31
0
0
LINE
5
1F5
330
C
100
AcDbEntity
8
0
100
AcDbLine
10
114.301
20
113.353
30
0
11
114.279
21
113.237
31
0
0
LINE
5
1F6
330
C
100
AcDbEntity
8
0
100
AcDbLine
10
114.279
20
113.237
30
0
11
114.261
21
113.117
31
0
0
LINE
5
1F7
330
C
100
AcDbEntity
8
0
100
AcDbLine
10
114.261
20
113.117
30
0
11
114.247
21
112.993
31
0
0
LINE
5
1F8
330
C
100
AcDbEntity
8
0
100
AcDbLine
10
114.247
20
112.993
30
0
11
114.237
21
112.866
31
0
0
LINE
5
1F9
330
C
100
AcDbEntity
8
0
100
AcDbLine
10
114.237
20
112.866
30
0
11
114.231
21
112.735
31
0
0
LINE
5
1FA
330
C
100
AcDbEntity
8
0
100
AcDbLine
10
114.231
20
112.735
30
0
11
114.229
21
112.6
31
0
0
LINE
5
1FB
330
C
100
AcDbEntity
8
0
100
AcDbLine
10
114.229
20
112.6
30
0
11
114.229
21
112.6
31
0
0
LINE
5
1FC
330
C
100
AcDbEntity
8
0
100
AcDbLine
10
114.229
20
112.6
30
0
11
114.233
21
112.401
31
0
0
LINE
5
1FD
330
C
100
AcDbEntity
8
0
100
AcDbLine
10
114.233
20
112.401
30
0
11
114.246
21
112.211
31
0
0
LINE
5
1FE
330
C
100
AcDbEntity
8
0
100
AcDbLine
10
114.246
20
112.211
30
0
11
114.268
21
112.03
31
0
0
LINE
5
1FF
330
C
100
AcDbEntity
8
0
100
AcDbLine
10
114.268
20
112.03
30
0
11
114.298
21
111.856
31
0
0
LINE
5
200
330
C
100
AcDbEntity
8
0
100
AcDbLine
10
114.298
20
111.856
30
0
11
114.336
21
111.692
31
0
0
LINE
5
201
330
C
100
AcDbEntity
8
0
100
AcDbLine
10
114.336
20
111.692
30
0
11
114.383
21
111.535
31
0
0
LINE
5
202
330
C
100
AcDbEntity
8
0
100
AcDbLine
10
114.383
20
111.535
30
0
11
114.439
21
111.388
31
0
0
LINE
5
203
330
C
100
AcDbEntity
8
0
100
AcDbLine
10
114.439
20
111.388
30
0
11
114.504
21
111.248
31
0
0
LINE
5
204
330
C
100
AcDbEntity
8
0
100
AcDbLine
10
114.504
20
111.248
30
0
11
114.576
21
111.117
31
0
0
LINE
5
205
330
C
100
AcDbEntity
8
0
100
AcDbLine
10
114.576
20
111.117
30
0
11
114.658
21
110.995
31
0
0
LINE
5
206
330
C
100
AcDbEntity
8
0
100
AcDbLine
10
114.658
20
110.995
30
0
11
114.748
21
110.883
31
0
0
LINE
5
207
330
C
100
AcDbEntity
8
0
100
AcDbLine
10
114.748
20
110.883
30
0
11
114.846
21
110.782
31
0
0
LINE
5
208
330
C
100
AcDbEntity
8
0
100
AcDbLine
10
114.846
20
110.782
30
0
11
114.952
21
110.694
31
0
0
LINE
5
209
330
C
100
AcDbEntity
8
0
100
AcDbLine
10
114.952
20
110.694
30
0
11
115.066
21
110.617
31
0
0
LINE
5
20A
330
C
100
AcDbEntity
8
0
100
AcDbLine
10
115.066
20
110.617
30
0
11
115.188
21
110.552
31
0
0
LINE
5
20B
330
C
100
AcDbEntity
8
0
100
AcDbLine
10
115.188
20
110.552
30
0
11
115.319
21
110.499
31
0
0
LINE
5
20C
330
C
100
AcDbEntity
8
0
100
AcDbLine
10
115.319
20
110.499
30
0
11
115.457
21
110.457
31
0
0
LINE
5
20D
330
C
100
AcDbEntity
8
0
100
AcDbLine
10
115.457
20
110.457
30
0
11
115.604
21
110.428
31
0
0
LINE
5
20E
330
C
100
AcDbEntity
8
0
100
AcDbLine
10
115.604
20
110.428
30
0
11
115.758
21
110.41
31
0
0
LINE
5
20F
330
C
100
AcDbEntity
8
0
100
AcDbLine
10
115.758
20
110.41
30
0
11
115.921
21
110.404
31
0
0
LINE
5
210
330
C
100
AcDbEntity
8
0
100
AcDbLine
10
115.921
20
110.404
30
0
11
115.921
21
110.404
31
0
0
LINE
5
211
330
C
100
AcDbEntity
8
0
100
AcDbLine
10
125.431
20
109.732
30
0
11
124.507
21
109.732
31
0
0
LINE
5
212
330
C
100
AcDbEntity
8
0
100
AcDbLine
10
124.507
20
109.732
30
0
11
124.507
21
113.104
31
0
0
LINE
5
213
330
C
100
AcDbEntity
8
0
100
AcDbLine
10
124.507
20
113.104
30
0
11
124.503
21
113.264
31
0
0
LINE
5
214
330
C
100
AcDbEntity
8
0
100
AcDbLine
10
124.503
20
113.264
30
0
11
124.491
21
113.417
31
0
0
LINE
5
215
330
C
100
AcDbEntity
8
0
100
AcDbLine
10
124.491
20
113.417
30
0
11
124.472
21
113.562
31
0
0
LINE
5
216
330
C
100
AcDbEntity
8
0
100
AcDbLine
10
124.472
20
113.562
30
0
11
124.444
21
113.699
31
0
0
LINE
5
217
330
C
100
AcDbEntity
8
0
100
AcDbLine
10
124.444
20
113.699
30
0
11
124.409
21
113.828
31
0
0
LINE
5
218
330
C
100
AcDbEntity
8
0
100
AcDbLine
10
124.409
20
113.828
30
0
11
124.366
21
113.949
31
0
0
LINE
5
219
330
C
100
AcDbEntity
8
0
100
AcDbLine
10
124.366
20
113.949
30
0
11
124.314
21
114.062
31
0
0
LINE
5
21A
330
C
100
AcDbEntity
8
0
100
AcDbLine
10
124.314
20
114.062
30
0
11
124.255
21
114.168
31
0
0
LINE
5
21B
330
C
100
AcDbEntity
8
0
100
AcDbLine
10
124.255
20
114.168
30
0
11
124.189
21
114.265
31
0
0
LINE
5
21C
330
C
100
AcDbEntity
8
0
100
AcDbLine
10
124.189
20
114.265
30
0
11
124.114
21
114.355
31
0
0
LINE
5
21D
330
C
100
AcDbEntity
8
0
100
AcDbLine
10
124.114
20
114.355
30
0
11
124.033
21
114.437
31
0
0
LINE
5
21E
330
C
100
AcDbEntity
8
0
100
AcDbLine
10
124.033
20
114.437
30
0
11
123.945
21
114.509
31
0
0
LINE
5
21F
330
C
100
AcDbEntity
8
0
100
AcDbLine
10
123.945
20
114.509
30
0
11
123.853
21
114.574
31
0
0
LINE
5
220
330
C
100
AcDbEntity
8
0
100
AcDbLine
10
123.853
20
114.574
30
0
11
123.754
21
114.63
31
0
0
LINE
5
221
330
C
100
AcDbEntity
8
0
100
AcDbLine
10
123.754
20
114.63
30
0
11
123.65
21
114.677
31
0
0
LINE
5
222
330
C
100
AcDbEntity
8
0
100
AcDbLine
10
123.65
20
114.677
30
0
11
123.54
21
114.715
31
0
0
LINE
5
223
330
C
100
AcDbEntity
8
0
100
AcDbLine
10
123.54
20
114.715
30
0
11
123.424
21
114.745
31
0
0
LINE
5
224
330
C
100
AcDbEntity
8
0
100
AcDbLine
10
123.424
20
114.745
30
0
11
123.303
21
114.767
31
0
0
LINE
5
225
330
C
100
AcDbEntity
8
0
100
AcDbLine
10
123.303
20
114.767
30
0
11
123.176
21
114.78
31
0
0
LINE
5
226
330
C
100
AcDbEntity
8
0
100
AcDbLine
10
123.176
20
114.78
30
0
11
123.043
21
114.784
31
0
0
LINE
5
227
330
C
100
AcDbEntity
8
0
100
AcDbLine
10
123.043
20
114.784
30
0
11
123.043
21
114.784
31
0
0
LINE
5
228
330
C
100
AcDbEntity
8
0
100
AcDbLine
10
123.043
20
114.784
30
0
11
122.941
21
114.781
31
0
0
LINE
5
229
330
C
100
AcDbEntity
8
0
100
AcDbLine
10
122.941
20
114.781
30
0
11
122.842
21
114.773
31
0
0
LINE
5
22A
330
C
100
AcDbEntity
8
0
100
AcDbLine
10
122.842
20
114.773
30
0
11
122.746
21
114.759
31
0
0
LINE
5
22B
330
C
100
AcDbEntity
8
0
100
AcDbLine
10
122.746
20
114.759
30
0
11
122.652
21
114.739
31
0
0
LINE
5
22C
330
C
100
AcDbEntity
8
0
100
AcDbLine
10
122.652
20
114.739
30
0
11
122.561
21
114.713
31
0
0
LINE
5
22D
330
C
100
AcDbEntity
8
0
100
AcDbLine
10
122.561
20
114.713
30
0
11
122.473
21
114.682
31
0
0
LINE
5
22E
330
C
100
AcDbEntity
8
0
100
AcDbLine
10
122.473
20
114.682
30
0
11
122.388
21
114.646
31
0
0
LINE
5
22F
330
C
100
AcDbEntity
8
0
100
AcDbLine
10
122.388
20
114.646
30
0
11
122.306
21
114.604
31
0
0
LINE
5
230
330
C
100
AcDbEntity
8
0
100
AcDbLine
10
122.306
20
114.604
30
0
11
122.226
21
114.556
31
0
0
LINE
5
231
330
C
100
AcDbEntity
8
0
100
AcDbLine
10
122.226
20
114.556
30
0
11
122.149
21
114.502
31
0
0
LINE
5
232
330
C
100
AcDbEntity
8
0
100
AcDbLine
10
122.149
20
114.502
30
0
11
122.075
21
114.443
31
0
0
LINE
5
233
330
C
100
AcDbEntity
8
0
100
AcDbLine
10
122.075
20
114.443
30
0
11
122.005
21
114.379
31
0
0
LINE
5
234
330
C
100
AcDbEntity
8
0
100
AcDbLine
10
122.005
20
114.379
30
0
11
121.938
21
114.311
31
0
0
LINE
5
235
330
C
100
AcDbEntity
8
0
100
AcDbLine
10
121.938
20
114.311
30
0
11
121.874
21
114.238
31
0
0
LINE
5
236
330
C
100
AcDbEntity
8
0
100
AcDbLine
10
121.874
20
114.238
30
0
11
121.814
21
114.159
31
0
0
LINE
5
237
330
C
100
AcDbEntity
8
0
100
AcDbLine
10
121.814
20
114.159
30
0
11
121.758
21
114.076
31
0
0
LINE
5
238
330
C
100
AcDbEntity
8
0
100
AcDbLine
10
121.758
20
114.076
30
0
11
121.705
21
113.988
31
0
0
LINE
5
239
330
C
100
AcDbEntity
8
0
100
AcDbLine
10
121.705
20
113.988
30
0
11
121.656
21
113.895
31
0
0
LINE
5
23A
330
C
100
AcDbEntity
8
0
100
AcDbLine
10
121.656
20
113.895
30
0
11
121.61
21
113.798
31
0
0
LINE
5
23B
330
C
100
AcDbEntity
8
0
100
AcDbLine
10
121.61
20
113.798
30
0
11
121.567
21
113.695
31
0
0
LINE
5
23C
330
C
100
AcDbEntity
8
0
100
AcDbLine
10
121.567
20
113.695
30
0
11
121.528
21
113.588
31
0
0
LINE
5
23D
330
C
100
AcDbEntity
8
0
100
AcDbLine
10
121.528
20
113.588
30
0
11
121.494
21
113.477
31
0
0
LINE
5
23E
330
C
100
AcDbEntity
8
0
100
AcDbLine
10
121.494
20
113.477
30
0
11
121.463
21
113.362
31
0
0
LINE
5
23F
330
C
100
AcDbEntity
8
0
100
AcDbLine
10
121.463
20
113.362
30
0
11
121.436
21
113.243
31
0
0
LINE
5
240
330
C
100
AcDbEntity
8
0
100
AcDbLine
10
121.436
20
113.243
30
0
11
121.414
21
113.12
31
0
0
LINE
5
241
330
C
100
AcDbEntity
8
0
100
AcDbLine
10
121.414
20
113.12
30
0
11
121.396
21
112.993
31
0
0
LINE
5
242
330
C
100
AcDbEntity
8
0
100
AcDbLine
10
121.396
20
112.993
30
0
11
121.381
21
112.862
31
0
0
LINE
5
243
330
C
100
AcDbEntity
8
0
100
AcDbLine
10
121.381
20
112.862
30
0
11
121.371
21
112.726
31
0
0
LINE
5
244
330
C
100
AcDbEntity
8
0
100
AcDbLine
10
121.371
20
112.726
30
0
11
121.365
21
112.587
31
0
0
LINE
5
245
330
C
100
AcDbEntity
8
0
100
AcDbLine
10
121.365
20
112.587
30
0
11
121.363
21
112.444
31
0
0
LINE
5
246
330
C
100
AcDbEntity
8
0
100
AcDbLine
10
121.363
20
112.444
30
0
11
121.363
21
112.444
31
0
0
LINE
5
247
330
C
100
AcDbEntity
8
0
100
AcDbLine
10
121.363
20
112.444
30
0
11
121.003
21
112.444
31
0
0
LINE
5
248
330
C
100
AcDbEntity
8
0
100
AcDbLine
10
121.003
20
112.444
30
0
11
121.006
21
112.641
31
0
0
LINE
5
249
330
C
100
AcDbEntity
8
0
100
AcDbLine
10
121.006
20
112.641
30
0
11
121.014
21
112.833
31
0
0
LINE
5
24A
330
C
100
AcDbEntity
8
0
100
AcDbLine
10
121.014
20
112.833
30
0
11
121.027
21
113.019
31
0
0
LINE
5
24B
330
C
100
AcDbEntity
8
0
100
AcDbLine
10
121.027
20
113.019
30
0
11
121.045
21
113.199
31
0
0
LINE
5
24C
330
C
100
AcDbEntity
8
0
100
AcDbLine
10
121.045
20
113.199
30
0
11
121.069
21
113.373
31
0
0
LINE
5
24D
330
C
100
AcDbEntity
8
0
100
AcDbLine
10
121.069
20
113.373
30
0
11
121.098
21
113.541
31
0
0
LINE
5
24E
330
C
100
AcDbEntity
8
0
100
AcDbLine
10
121.098
20
113.541
30
0
11
121.132
21
113.703
31
0
0
LINE
5
24F
330
C
100
AcDbEntity
8
0
100
AcDbLine
10
121.132
20
113.703
30
0
11
121.172
21
113.859
31
0
0
LINE
5
250
330
C
100
AcDbEntity
8
0
100
AcDbLine
10
121.172
20
113.859
30
0
11
121.217
21
114.009
31
0
0
LINE
5
251
330
C
100
AcDbEntity
8
0
100
AcDbLine
10
121.217
20
114.009
30
0
11
121.267
21
114.154
31
0
0
LINE
5
252
330
C
100
AcDbEntity
8
0
100
AcDbLine
10
121.267
20
114.154
30
0
11
121.322
21
114.292
31
0
0
LINE
5
253
330
C
100
AcDbEntity
8
0
100
AcDbLine
10
121.322
20
114.292
30
0
11
121.382
21
114.424
31
0
0
LINE
5
254
330
C
100
AcDbEntity
8
0
100
AcDbLine
10
121.382
20
114.424
30
0
11
121.447
21
114.549
31
0
0
LINE
5
255
330
C
100
AcDbEntity
8
0
100
AcDbLine
10
121.447
20
114.549
30
0
11
121.517
21
114.667
31
0
0
LINE
5
256
330
C
100
AcDbEntity
8
0
100
AcDbLine
10
121.517
20
114.667
30
0
11
121.592
21
114.779
31
0
0
LINE
5
257
330
C
100
AcDbEntity
8
0
100
AcDbLine
10
121.592
20
114.779
30
0
11
121.671
21
114.884
31
0
0
LINE
5
258
330
C
100
AcDbEntity
8
0
100
AcDbLine
10
121.671
20
114.884
30
0
11
121.756
21
114.982
31
0
0
LINE
5
259
330
C
100
AcDbEntity
8
0
100
AcDbLine
10
121.756
20
114.982
30
0
11
121.845
21
115.074
31
0
0
LINE
5
25A
330
C
100
AcDbEntity
8
0
100
AcDbLine
10
121.845
20
115.074
30
0
11
121.939
21
115.159
31
0
0
LINE
5
25B
330
C
100
AcDbEntity
8
0
100
AcDbLine
10
121.939
20
115.159
30
0
11
122.038
21
115.237
31
0
0
LINE
5
25C
330
C
100
AcDbEntity
8
0
100
AcDbLine
10
122.038
20
115.237
30
0
11
122.142
21
115.308
31
0
0
LINE
5
25D
330
C
100
AcDbEntity
8
0
100
AcDbLine
10
122.142
20
115.308
30
0
11
122.25
21
115.372
31
0
0
LINE
5
25E
330
C
100
AcDbEntity
8
0
100
AcDbLine
10
122.25
20
115.372
30
0
11
122.362
21
115.428
31
0
0
LINE
5
25F
330
C
100
AcDbEntity
8
0
100
AcDbLine
10
122.362
20
115.428
30
0
11
122.479
21
115.477
31
0
0
LINE
5
260
330
C
100
AcDbEntity
8
0
100
AcDbLine
10
122.479
20
115.477
30
0
11
122.6
21
115.518
31
0
0
LINE
5
261
330
C
100
AcDbEntity
8
0
100
AcDbLine
10
122.6
20
115.518
30
0
11
122.725
21
115.552
31
0
0
LINE
5
262
330
C
100
AcDbEntity
8
0
100
AcDbLine
10
122.725
20
115.552
30
0
11
122.855
21
115.578
31
0
0
LINE
5
263
330
C
100
AcDbEntity
8
0
100
AcDbLine
10
122.855
20
115.578
30
0
11
122.989
21
115.597
31
0
0
LINE
5
264
330
C
100
AcDbEntity
8
0
100
AcDbLine
10
122.989
20
115.597
30
0
11
123.128
21
115.608
31
0
0
LINE
5
265
330
C
100
AcDbEntity
8
0
100
AcDbLine
10
123.128
20
115.608
30
0
11
123.271
21
115.612
31
0
0
LINE
5
266
330
C
100
AcDbEntity
8
0
100
AcDbLine
10
123.271
20
115.612
30
0
11
123.271
21
115.612
31
0
0
LINE
5
267
330
C
100
AcDbEntity
8
0
100
AcDbLine
10
123.271
20
115.612
30
0
11
123.405
21
115.609
31
0
0
LINE
5
268
330
C
100
AcDbEntity
8
0
100
AcDbLine
10
123.405
20
115.609
30
0
11
123.534
21
115.6
31
0
0
LINE
5
269
330
C
100
AcDbEntity
8
0
100
AcDbLine
10
123.534
20
115.6
30
0
11
123.66
21
115.585
31
0
0
LINE
5
26A
330
C
100
AcDbEntity
8
0
100
AcDbLine
10
123.66
20
115.585
30
0
11
123.782
21
115.564
31
0
0
LINE
5
26B
330
C
100
AcDbEntity
8
0
100
AcDbLine
10
123.782
20
115.564
30
0
11
123.9
21
115.536
31
0
0
LINE
5
26C
330
C
100
AcDbEntity
8
0
100
AcDbLine
10
123.9
20
115.536
30
0
11
124.014
21
115.503
31
0
0
LINE
5
26D
330
C
100
AcDbEntity
8
0
100
AcDbLine
10
124.014
20
115.503
30
0
11
124.125
21
115.464
31
0
0
LINE
5
26E
330
C
100
AcDbEntity
8
0
100
AcDbLine
10
124.125
20
115.464
30
0
11
124.231
21
115.418
31
0
0
LINE
5
26F
330
C
100
AcDbEntity
8
0
100
AcDbLine
10
124.231
20
115.418
30
0
11
124.333
21
115.367
31
0
0
LINE
5
270
330
C
100
AcDbEntity
8
0
100
AcDbLine
10
124.333
20
115.367
30
0
11
124.432
21
115.309
31
0
0
LINE
5
271
330
C
100
AcDbEntity
8
0
100
AcDbLine
10
124.432
20
115.309
30
0
11
124.526
21
115.246
31
0
0
LINE
5
272
330
C
100
AcDbEntity
8
0
100
AcDbLine
10
124.526
20
115.246
30
0
11
124.616
21
115.177
31
0
0
LINE
5
273
330
C
100
AcDbEntity
8
0
100
AcDbLine
10
124.616
20
115.177
30
0
11
124.702
21
115.104
31
0
0
LINE
5
274
330
C
100
AcDbEntity
8
0
100
AcDbLine
10
124.702
20
115.104
30
0
11
124.782
21
115.025
31
0
0
LINE
5
275
330
C
100
AcDbEntity
8
0
100
AcDbLine
10
124.782
20
115.025
30
0
11
124.859
21
114.941
31
0
0
LINE
5
276
330
C
100
AcDbEntity
8
0
100
AcDbLine
10
124.859
20
114.941
30
0
11
124.931
21
114.851
31
0
0
LINE
5
277
330
C
100
AcDbEntity
8
0
100
AcDbLine
10
124.931
20
114.851
30
0
11
124.998
21
114.757
31
0
0
LINE
5
278
330
C
100
AcDbEntity
8
0
100
AcDbLine
10
124.998
20
114.757
30
0
11
125.061
21
114.657
31
0
0
LINE
5
279
330
C
100
AcDbEntity
8
0
100
AcDbLine
10
125.061
20
114.657
30
0
11
125.119
21
114.552
31
0
0
LINE
5
27A
330
C
100
AcDbEntity
8
0
100
AcDbLine
10
125.119
20
114.552
30
0
11
125.173
21
114.442
31
0
0
LINE
5
27B
330
C
100
AcDbEntity
8
0
100
AcDbLine
10
125.173
20
114.442
30
0
11
125.222
21
114.327
31
0
0
LINE
5
27C
330
C
100
AcDbEntity
8
0
100
AcDbLine
10
125.222
20
114.327
30
0
11
125.266
21
114.208
31
0
0
LINE
5
27D
330
C
100
AcDbEntity
8
0
100
AcDbLine
10
125.266
20
114.208
30
0
11
125.305
21
114.085
31
0
0
LINE
5
27E
330
C
100
AcDbEntity
8
0
100
AcDbLine
10
125.305
20
114.085
30
0
11
125.338
21
113.957
31
0
0
LINE
5
27F
330
C
100
AcDbEntity
8
0
100
AcDbLine
10
125.338
20
113.957
30
0
11
125.367
21
113.826
31
0
0
LINE
5
280
330
C
100
AcDbEntity
8
0
100
AcDbLine
10
125.367
20
113.826
30
0
11
125.39
21
113.69
31
0
0
LINE
5
281
330
C
100
AcDbEntity
8
0
100
AcDbLine
10
125.39
20
113.69
30
0
11
125.408
21
113.549
31
0
0
LINE
5
282
330
C
100
AcDbEntity
8
0
100
AcDbLine
10
125.408
20
113.549
30
0
11
125.421
21
113.405
31
0
0
LINE
5
283
330
C
100
AcDbEntity
8
0
100
AcDbLine
10
125.421
20
113.405
30
0
11
125.428
21
113.257
31
0
0
LINE
5
284
330
C
100
AcDbEntity
8
0
100
AcDbLine
10
125.428
20
113.257
30
0
11
125.431
21
113.104
31
0
0
LINE
5
285
330
C
100
AcDbEntity
8
0
100
AcDbLine
10
125.431
20
113.104
30
0
11
125.431
21
113.104
31
0
0
LINE
5
286
330
C
100
AcDbEntity
8
0
100
AcDbLine
10
125.431
20
113.104
30
0
11
125.431
21
109.732
31
0
0
LINE
5
287
330
C
100
AcDbEntity
8
0
100
AcDbLine
10
125.431
20
109.732
30
0
11
125.431
21
109.732
31
0
0
LINE
5
288
330
C
100
AcDbEntity
8
0
100
AcDbLine
10
121.363
20
109.732
30
0
11
120.427
21
109.732
31
0
0
LINE
5
289
330
C
100
AcDbEntity
8
0
100
AcDbLine
10
120.427
20
109.732
30
0
11
120.427
21
115.468
31
0
0
LINE
5
28A
330
C
100
AcDbEntity
8
0
100
AcDbLine
10
120.427
20
115.468
30
0
11
121.231
21
115.468
31
0
0
LINE
5
28B
330
C
100
AcDbEntity
8
0
100
AcDbLine
10
121.231
20
115.468
30
0
11
121.363
21
114.148
31
0
0
LINE
5
28C
330
C
100
AcDbEntity
8
0
100
AcDbLine
10
121.363
20
114.148
30
0
11
121.363
21
109.732
31
0
0
LINE
5
28D
330
C
100
AcDbEntity
8
0
100
AcDbLine
10
121.363
20
109.732
30
0
11
121.363
21
109.732
31
0
0
LINE
5
28E
330
C
100
AcDbEntity
8
0
100
AcDbLine
10
129.433
20
109.588
30
0
11
129.433
21
109.588
31
0
0
LINE
5
28F
330
C
100
AcDbEntity
8
0
100
AcDbLine
10
129.433
20
109.588
30
0
11
129.34
21
109.59
31
0
0
LINE
5
290
330
C
100
AcDbEntity
8
0
100
AcDbLine
10
129.34
20
109.59
30
0
11
129.25
21
109.595
31
0
0
LINE
5
291
330
C
100
AcDbEntity
8
0
100
AcDbLine
10
129.25
20
109.595
30
0
11
129.161
21
109.604
31
0
0
LINE
5
292
330
C
100
AcDbEntity
8
0
100
AcDbLine
10
129.161
20
109.604
30
0
11
129.074
21
109.617
31
0
0
LINE
5
293
330
C
100
AcDbEntity
8
0
100
AcDbLine
10
129.074
20
109.617
30
0
11
128.989
21
109.633
31
0
0
LINE
5
294
330
C
100
AcDbEntity
8
0
100
AcDbLine
10
128.989
20
109.633
30
0
11
128.906
21
109.653
31
0
0
LINE
5
295
330
C
100
AcDbEntity
8
0
100
AcDbLine
10
128.906
20
109.653
30
0
11
128.825
21
109.676
31
0
0
LINE
5
296
330
C
100
AcDbEntity
8
0
100
AcDbLine
10
128.825
20
109.676
30
0
11
128.746
21
109.703
31
0
0
LINE
5
297
330
C
100
AcDbEntity
8
0
100
AcDbLine
10
128.746
20
109.703
30
0
11
128.668
21
109.734
31
0
0
LINE
5
298
330
C
100
AcDbEntity
8
0
100
AcDbLine
10
128.668
20
109.734
30
0
11
128.593
21
109.768
31
0
0
LINE
5
299
330
C
100
AcDbEntity
8
0
100
AcDbLine
10
128.593
20
109.768
30
0
11
128.52
21
109.806
31
0
0
LINE
5
29A
330
C
100
AcDbEntity
8
0
100
AcDbLine
10
128.52
20
109.806
30
0
11
128.45
21
109.847
31
0
0
LINE
5
29B
330
C
100
AcDbEntity
8
0
100
AcDbLine
10
128.45
20
109.847
30
0
11
128.384
21
109.892
31
0
0
LINE
5
29C
330
C
100
AcDbEntity
8
0
100
AcDbLine
10
128.384
20
109.892
30
0
11
128.32
21
109.941
31
0
0
LINE
5
29D
330
C
100
AcDbEntity
8
0
100
AcDbLine
10
128.32
20
109.941
30
0
11
128.26
21
109.993
31
0
0
LINE
5
29E
330
C
100
AcDbEntity
8
0
100
AcDbLine
10
128.26
20
109.993
30
0
11
128.203
21
110.049
31
0
0
LINE
5
29F
330
C
100
AcDbEntity
8
0
100
AcDbLine
10
128.203
20
110.049
30
0
11
128.149
21
110.108
31
0
0
LINE
5
2A0
330
C
100
AcDbEntity
8
0
100
AcDbLine
10
128.149
20
110.108
30
0
11
128.098
21
110.171
31
0
0
LINE
5
2A1
330
C
100
AcDbEntity
8
0
100
AcDbLine
10
128.098
20
110.171
30
0
11
128.05
21
110.238
31
0
0
LINE
5
2A2
330
C
100
AcDbEntity
8
0
100
AcDbLine
10
128.05
20
110.238
30
0
11
128.005
21
110.308
31
0
0
LINE
5
2A3
330
C
100
AcDbEntity
8
0
100
AcDbLine
10
128.005
20
110.308
30
0
11
127.964
21
110.382
31
0
0
LINE
5
2A4
330
C
100
AcDbEntity
8
0
100
AcDbLine
10
127.964
20
110.382
30
0
11
127.927
21
110.459
31
0
0
LINE
5
2A5
330
C
100
AcDbEntity
8
0
100
AcDbLine
10
127.927
20
110.459
30
0
11
127.895
21
110.54
31
0
0
LINE
5
2A6
330
C
100
AcDbEntity
8
0
100
AcDbLine
10
127.895
20
110.54
30
0
11
127.867
21
110.625
31
0
0
LINE
5
2A7
330
C
100
AcDbEntity
8
0
100
AcDbLine
10
127.867
20
110.625
30
0
11
127.843
21
110.713
31
0
0
LINE
5
2A8
330
C
100
AcDbEntity
8
0
100
AcDbLine
10
127.843
20
110.713
30
0
11
127.824
21
110.805
31
0
0
LINE
5
2A9
330
C
100
AcDbEntity
8
0
100
AcDbLine
10
127.824
20
110.805
30
0
11
127.808
21
110.9
31
0
0
LINE
5
2AA
330
C
100
AcDbEntity
8
0
100
AcDbLine
10
127.808
20
110.9
30
0
11
127.798
21
110.999
31
0
0
LINE
5
2AB
330
C
100
AcDbEntity
8
0
100
AcDbLine
10
127.798
20
110.999
30
0
11
127.791
21
111.102
31
0
0
LINE
5
2AC
330
C
100
AcDbEntity
8
0
100
AcDbLine
10
127.791
20
111.102
30
0
11
127.789
21
111.208
31
0
0
LINE
5
2AD
330
C
100
AcDbEntity
8
0
100
AcDbLine
10
127.789
20
111.208
30
0
11
127.789
21
111.208
31
0
0
LINE
5
2AE
330
C
100
AcDbEntity
8
0
100
AcDbLine
10
127.789
20
111.208
30
0
11
127.789
21
117.064
31
0
0
LINE
5
2AF
330
C
100
AcDbEntity
8
0
100
AcDbLine
10
127.789
20
117.064
30
0
11
128.713
21
117.064
31
0
0
LINE
5
2B0
330
C
100
AcDbEntity
8
0
100
AcDbLine
10
128.713
20
117.064
30
0
11
128.713
21
111.232
31
0
0
LINE
5
2B1
330
C
100
AcDbEntity
8
0
100
AcDbLine
10
128.713
20
111.232
30
0
11
128.721
21
111.063
31
0
0
LINE
5
2B2
330
C
100
AcDbEntity
8
0
100
AcDbLine
10
128.721
20
111.063
30
0
11
128.746
21
110.912
31
0
0
LINE
5
2B3
330
C
100
AcDbEntity
8
0
100
AcDbLine
10
128.746
20
110.912
30
0
11
128.788
21
110.779
31
0
0
LINE
5
2B4
330
C
100
AcDbEntity
8
0
100
AcDbLine
10
128.788
20
110.779
30
0
11
128.845
21
110.664
31
0
0
LINE
5
2B5
330
C
100
AcDbEntity
8
0
100
AcDbLine
10
128.845
20
110.664
30
0
11
128.92
21
110.566
31
0
0
LINE
5
2B6
330
C
100
AcDbEntity
8
0
100
AcDbLine
10
128.92
20
110.566
30
0
11
129.011
21
110.486
31
0
0
LINE
5
2B7
330
C
100
AcDbEntity
8
0
100
AcDbLine
10
129.011
20
110.486
30
0
11
129.119
21
110.424
31
0
0
LINE
5
2B8
330
C
100
AcDbEntity
8
0
100
AcDbLine
10
129.119
20
110.424
30
0
11
129.243
21
110.38
31
0
0
LINE
5
2B9
330
C
100
AcDbEntity
8
0
100
AcDbLine
10
129.243
20
110.38
30
0
11
129.384
21
110.353
31
0
0
LINE
5
2BA
330
C
100
AcDbEntity
8
0
100
AcDbLine
10
129.384
20
110.353
30
0
11
129.541
21
110.344
31
0
0
LINE
5
2BB
330
C
100
AcDbEntity
8
0
100
AcDbLine
10
129.541
20
110.344
30
0
11
129.541
21
110.344
31
0
0
LINE
5
2BC
330
C
100
AcDbEntity
8
0
100
AcDbLine
10
129.541
20
110.344
30
0
11
129.59
21
110.345
31
0
0
LINE
5
2BD
330
C
100
AcDbEntity
8
0
100
AcDbLine
10
129.59
20
110.345
30
0
11
129.639
21
110.346
31
0
0
LINE
5
2BE
330
C
100
AcDbEntity
8
0
100
AcDbLine
10
129.639
20
110.346
30
0
11
129.687
21
110.349
31
0
0
LINE
5
2BF
330
C
100
AcDbEntity
8
0
100
AcDbLine
10
129.687
20
110.349
30
0
11
129.735
21
110.353
31
0
0
LINE
5
2C0
330
C
100
AcDbEntity
8
0
100
AcDbLine
10
129.735
20
110.353
30
0
11
129.783
21
110.358
31
0
0
LINE
5
2C1
330
C
100
AcDbEntity
8
0
100
AcDbLine
10
129.783
20
110.358
30
0
11
129.831
21
110.363
31
0
0
LINE
5
2C2
330
C
100
AcDbEntity
8
0
100
AcDbLine
10
129.831
20
110.363
30
0
11
129.878
21
110.37
31
0
0
LINE
5
2C3
330
C
100
AcDbEntity
8
0
100
AcDbLine
10
129.878
20
110.37
30
0
11
129.925
21
110.379
31
0
0
LINE
5
2C4
330
C
100
AcDbEntity
8
0
100
AcDbLine
10
129.925
20
110.379
30
0
11
129.972
21
110.388
31
0
0
LINE
5
2C5
330
C
100
AcDbEntity
8
0
100
AcDbLine
10
129.972
20
110.388
30
0
11
130.018
21
110.398
31
0
0
LINE
5
2C6
330
C
100
AcDbEntity
8
0
100
AcDbLine
10
130.018
20
110.398
30
0
11
130.065
21
110.409
31
0
0
LINE
5
2C7
330
C
100
AcDbEntity
8
0
100
AcDbLine
10
130.065
20
110.409
30
0
11
130.113
21
110.422
31
0
0
LINE
5
2C8
330
C
100
AcDbEntity
8
0
100
AcDbLine
10
130.113
20
110.422
30
0
11
130.162
21
110.435
31
0
0
LINE
5
2C9
330
C
100
AcDbEntity
8
0
100
AcDbLine
10
130.162
20
110.435
30
0
11
130.212
21
110.45
31
0
0
LINE
5
2CA
330
C
100
AcDbEntity
8
0
100
AcDbLine
10
130.212
20
110.45
30
0
11
130.263
21
110.466
31
0
0
LINE
5
2CB
330
C
100
AcDbEntity
8
0
100
AcDbLine
10
130.263
20
110.466
30
0
11
130.316
21
110.482
31
0
0
LINE
5
2CC
330
C
100
AcDbEntity
8
0
100
AcDbLine
10
130.316
20
110.482
30
0
11
130.369
21
110.5
31
0
0
LINE
5
2CD
330
C
100
AcDbEntity
8
0
100
AcDbLine
10
130.369
20
110.5
30
0
11
130.424
21
110.519
31
0
0
LINE
5
2CE
330
C
100
AcDbEntity
8
0
100
AcDbLine
10
130.424
20
110.519
30
0
11
130.48
21
110.539
31
0
0
LINE
5
2CF
330
C
100
AcDbEntity
8
0
100
AcDbLine
10
130.48
20
110.539
30
0
11
130.537
21
110.56
31
0
0
LINE
5
2D0
330
C
100
AcDbEntity
8
0
100
AcDbLine
10
130.537
20
110.56
30
0
11
130.537
21
110.56
31
0
0
LINE
5
2D1
330
C
100
AcDbEntity
8
0
100
AcDbLine
10
130.537
20
110.56
30
0
11
130.669
21
109.888
31
0
0
LINE
5
2D2
330
C
100
AcDbEntity
8
0
100
AcDbLine
10
130.669
20
109.888
30
0
11
130.608
21
109.862
31
0
0
LINE
5
2D3
330
C
100
AcDbEntity
8
0
100
AcDbLine
10
130.608
20
109.862
30
0
11
130.547
21
109.837
31
0
0
LINE
5
2D4
330
C
100
AcDbEntity
8
0
100
AcDbLine
10
130.547
20
109.837
30
0
11
130.486
21
109.813
31
0
0
LINE
5
2D5
330
C
100
AcDbEntity
8
0
100
AcDbLine
10
130.486
20
109.813
30
0
11
130.425
21
109.79
31
0
0
LINE
5
2D6
330
C
100
AcDbEntity
8
0
100
AcDbLine
10
130.425
20
109.79
30
0
11
130.364
21
109.768
31
0
0
LINE
5
2D7
330
C
100
AcDbEntity
8
0
100
AcDbLine
10
130.364
20
109.768
30
0
11
130.303
21
109.747
31
0
0
LINE
5
2D8
330
C
100
AcDbEntity
8
0
100
AcDbLine
10
130.303
20
109.747
30
0
11
130.242
21
109.727
31
0
0
LINE
5
2D9
330
C
100
AcDbEntity
8
0
100
AcDbLine
10
130.242
20
109.727
30
0
11
130.181
21
109.708
31
0
0
LINE
5
2DA
330
C
100
AcDbEntity
8
0
100
AcDbLine
10
130.181
20
109.708
30
0
11
130.121
21
109.689
31
0
0
LINE
5
2DB
330
C
100
AcDbEntity
8
0
100
AcDbLine
10
130.121
20
109.689
30
0
11
130.06
21
109.672
31
0
0
LINE
5
2DC
330
C
100
AcDbEntity
8
0
100
AcDbLine
10
130.06
20
109.672
30
0
11
129.999
21
109.656
31
0
0
LINE
5
2DD
330
C
100
AcDbEntity
8
0
100
AcDbLine
10
129.999
20
109.656
30
0
11
129.938
21
109.642
31
0
0
LINE
5
2DE
330
C
100
AcDbEntity
8
0
100
AcDbLine
10
129.938
20
109.642
30
0
11
129.876
21
109.629
31
0
0
LINE
5
2DF
330
C
100
AcDbEntity
8
0
100
AcDbLine
10
129.876
20
109.629
30
0
11
129.814
21
109.618
31
0
0
LINE
5
2E0
330
C
100
AcDbEntity
8
0
100
AcDbLine
10
129.814
20
109.618
30
0
11
129.752
21
109.609
31
0
0
LINE
5
2E1
330
C
100
AcDbEntity
8
0
100
AcDbLine
10
129.752
20
109.609
30
0
11
129.689
21
109.601
31
0
0
LINE
5
2E2
330
C
100
AcDbEntity
8
0
100
AcDbLine
10
129.689
20
109.601
30
0
11
129.626
21
109.596
31
0
0
LINE
5
2E3
330
C
100
AcDbEntity
8
0
100
AcDbLine
10
129.626
20
109.596
30
0
11
129.562
21
109.591
31
0
0
LINE
5
2E4
330
C
100
AcDbEntity
8
0
100
AcDbLine
10
129.562
20
109.591
30
0
11
129.498
21
109.589
31
0
0
LINE
5
2E5
330
C
100
AcDbEntity
8
0
100
AcDbLine
10
129.498
20
109.589
30
0
11
129.433
21
109.588
31
0
0
LINE
5
2E6
330
C
100
AcDbEntity
8
0
100
AcDbLine
10
129.433
20
109.588
30
0
11
129.433
21
109.588
31
0
0
LINE
5
2E7
330
C
100
AcDbEntity
8
0
100
AcDbLine
10
130.525
20
114.82
30
0
11
126.865
21
114.82
31
0
0
LINE
5
2E8
330
C
100
AcDbEntity
8
0
100
AcDbLine
10
126.865
20
114.82
30
0
11
126.865
21
115.468
31
0
0
LINE
5
2E9
330
C
100
AcDbEntity
8
0
100
AcDbLine
10
126.865
20
115.468
30
0
11
130.525
21
115.468
31
0
0
LINE
5
2EA
330
C
100
AcDbEntity
8
0
100
AcDbLine
10
130.525
20
115.468
30
0
11
130.525
21
114.82
31
0
0
LINE
5
2EB
330
C
100
AcDbEntity
8
0
100
AcDbLine
10
130.525
20
114.82
30
0
11
130.525
21
114.82
31
0
0
LINE
5
2EC
330
C
100
AcDbEntity
8
0
100
AcDbLine
10
466
20
10
30
0
11
469
21
10
31
0
0
LINE
5
2ED
330
C
100
AcDbEntity
8
0
100
AcDbLine
10
469
20
10
30
0
11
469
21
19
31
0
0
LINE
5
2EE
330
C
100
AcDbEntity
8
0
100
AcDbLine
10
469
20
19
30
0
11
466
21
19
31
0
0
LINE
5
2EF
330
C
100
AcDbEntity
8
0
100
AcDbLine
10
466
20
19
30
0
11
466
21
28
31
0
0
LINE
5
2F0
330
C
100
AcDbEntity
8
0
100
AcDbLine
10
466
20
28
30
0
11
469
21
28
31
0
0
LINE
5
2F1
330
C
100
AcDbEntity
8
0
100
AcDbLine
10
469
20
28
30
0
11
469
21
37
31
0
0
LINE
5
2F2
330
C
100
AcDbEntity
8
0
100
AcDbLine
10
469
20
37
30
0
11
466
21
37
31
0
0
LINE
5
2F3
330
C
100
AcDbEntity
8
0
100
AcDbLine
10
466
20
37
30
0
11
466
21
46
31
0
0
LINE
5
2F4
330
C
100
AcDbEntity
8
0
100
AcDbLine
10
466
20
46
30
0
11
469
21
46
31
0
0
LINE
5
2F5
330
C
100
AcDbEntity
8
0
100
AcDbLine
10
469
20
46
30
0
11
469
21
55
31
0
0
LINE
5
2F6
330
C
100
AcDbEntity
8
0
100
AcDbLine
10
469
20
55
30
0
11
466
21
55
31
0
0
LINE
5
2F7
330
C
100
AcDbEntity
8
0
100
AcDbLine
10
466
20
55
30
0
11
466
21
64
31
0
0
LINE
5
2F8
330
C
100
AcDbEntity
8
0
100
AcDbLine
10
466
20
64
30
0
11
469
21
64
31
0
0
LINE
5
2F9
330
C
100
AcDbEntity
8
0
100
AcDbLine
10
469
20
64
30
0
11
469
21
73
31
0
0
LINE
5
2FA
330
C
100
AcDbEntity
8
0
100
AcDbLine
10
469
20
73
30
0
11
466
21
73
31
0
0
LINE
5
2FB
330
C
100
AcDbEntity
8
0
100
AcDbLine
10
466
20
73
30
0
11
466
21
82
31
0
0
LINE
5
2FC
330
C
100
AcDbEntity
8
0
100
AcDbLine
10
466
20
82
30
0
11
469
21
82
31
0
0
LINE
5
2FD
330
C
100
AcDbEntity
8
0
100
AcDbLine
10
469
20
82
30
0
11
469
21
91
31
0
0
LINE
5
2FE
330
C
100
AcDbEntity
8
0
100
AcDbLine
10
469
20
91
30
0
11
466
21
91
31
0
0
LINE
5
2FF
330
C
100
AcDbEntity
8
0
100
AcDbLine
10
466
20
91
30
0
11
466
21
100
31
0
0
LINE
5
300
330
C
100
AcDbEntity
8
0
100
AcDbLine
10
466
20
100
30
0
11
469
21
100
31
0
0
LINE
5
301
330
C
100
AcDbEntity
8
0
100
AcDbLine
10
469
20
100
30
0
11
469
21
109
31
0
0
LINE
5
302
330
C
100
AcDbEntity
8
0
100
AcDbLine
10
469
20
109
30
0
11
466
21
109
31
0
0
LINE
5
303
330
C
100
AcDbEntity
8
0
100
AcDbLine
10
466
20
109
30
0
11
466
21
118
31
0
0
LINE
5
304
330
C
100
AcDbEntity
8
0
100
AcDbLine
10
466
20
118
30
0
11
469
21
118
31
0
0
LINE
5
305
330
C
100
AcDbEntity
8
0
100
AcDbLine
10
469
20
118
30
0
11
469
21
127
31
0
0
LINE
5
306
330
C
100
AcDbEntity
8
0
100
AcDbLine
10
469
20
127
30
0
11
466
21
127
31
0
0
LINE
5
307
330
C
100
AcDbEntity
8
0
100
AcDbLine
10
466
20
127
30
0
11
466
21
136
31
0
0
LINE
5
308
330
C
100
AcDbEntity
8
0
100
AcDbLine
10
466
20
136
30
0
11
469
21
136
31
0
0
LINE
5
309
330
C
100
AcDbEntity
8
0
100
AcDbLine
10
469
20
136
30
0
11
469
21
145
31
0
0
LINE
5
30A
330
C
100
AcDbEntity
8
0
100
AcDbLine
10
469
20
145
30
0
11
466
21
145
31
0
0
LINE
5
30B
330
C
100
AcDbEntity
8
0
100
AcDbLine
10
466
20
145
30
0
11
466
21
154
31
0
0
LINE
5
30C
330
C
100
AcDbEntity
8
0
100
AcDbLine
10
466
20
154
30
0
11
469
21
154
31
0
0
LINE
5
30D
330
C
100
AcDbEntity
8
0
100
AcDbLine
10
469
20
154
30
0
11
469
21
163
31
0
0
LINE
5
30E
330
C
100
AcDbEntity
8
0
100
AcDbLine
10
469
20
163
30
0
11
466
21
163
31
0
0
LINE
5
30F
330
C
100
AcDbEntity
8
0
100
AcDbLine
10
466
20
163
30
0
11
466
21
172
31
0
0
LINE
5
310
330
C
100
AcDbEntity
8
0
100
AcDbLine
10
466
20
172
30
0
11
469
21
172
31
0
0
LINE
5
311
330
C
100
AcDbEntity
8
0
100
AcDbLine
10
469
20
172
30
0
11
469
21
181
31
0
0
LINE
5
312
330
C
100
AcDbEntity
8
0
100
AcDbLine
10
469
20
181
30
0
11
466
21
181
31
0
0
LINE
5
313
330
C
100
AcDbEntity
8
0
100
AcDbLine
10
466
20
181
30
0
11
466
21
190
31
0
0
LINE
5
314
330
C
100
AcDbEntity
8
0
100
AcDbLine
10
466
20
190
30
0
11
469
21
190
31
0
0
LINE
5
315
330
C
100
AcDbEntity
8
0
100
AcDbLine
10
469
20
190
30
0
11
469
21
199
31
0
0
LINE
5
316
330
C
100
AcDbEntity
8
0
100
AcDbLine
10
469
20
199
30
0
11
466
21
199
31
0
0
LINE
5
317
330
C
100
AcDbEntity
8
0
100
AcDbLine
10
466
20
199
30
0
11
466
21
208
31
0
0
LINE
5
318
330
C
100
AcDbEntity
8
0
100
AcDbLine
10
466
20
208
30
0
11
469
21
208
31
0
0
LINE
5
319
330
C
100
AcDbEntity
8
0
100
AcDbLine
10
469
20
208
30
0
11
469
21
217
31
0
0
LINE
5
31A
330
C
100
AcDbEntity
8
0
100
AcDbLine
10
469
20
217
30
0
11
466
21
217
31
0
0
LINE
5
31B
330
C
100
AcDbEntity
8
0
100
AcDbLine
10
466
20
217
30
0
11
466
21
224
31
0
0
LINE
5
31C
330
C
100
AcDbEntity
8
0
100
AcDbLine
10
466
20
224
30
0
11
239
21
224
31
0
0
LINE
5
31D
330
C
100
AcDbEntity
8
0
100
AcDbLine
10
239
20
224
30
0
11
239
21
217
31
0
0
LINE
5
31E
330
C
100
AcDbEntity
8
0
100
AcDbLine
10
239
20
217
30
0
11
236
21
217
31
0
0
LINE
5
31F
330
C
100
AcDbEntity
8
0
100
AcDbLine
10
236
20
217
30
0
11
236
21
208
31
0
0
LINE
5
320
330
C
100
AcDbEntity
8
0
100
AcDbLine
10
236
20
208
30
0
11
239
21
208
31
0
0
LINE
5
321
330
C
100
AcDbEntity
8
0
100
AcDbLine
10
239
20
208
30
0
11
239
21
199
31
0
0
LINE
5
322
330
C
100
AcDbEntity
8
0
100
AcDbLine
10
239
20
199
30
0
11
236
21
199
31
0
0
LINE
5
323
330
C
100
AcDbEntity
8
0
100
AcDbLine
10
236
20
199
30
0
11
236
21
190
31
0
0
LINE
5
324
330
C
100
AcDbEntity
8
0
100
AcDbLine
10
236
20
190
30
0
11
239
21
190
31
0
0
LINE
5
325
330
C
100
AcDbEntity
8
0
100
AcDbLine
10
239
20
190
30
0
11
239
21
181
31
0
0
LINE
5
326
330
C
100
AcDbEntity
8
0
100
AcDbLine
10
239
20
181
30
0
11
236
21
181
31
0
0
LINE
5
327
330
C
100
AcDbEntity
8
0
100
AcDbLine
10
236
20
181
30
0
11
236
21
172
31
0
0
LINE
5
328
330
C
100
AcDbEntity
8
0
100
AcDbLine
10
236
20
172
30
0
11
239
21
172
31
0
0
LINE
5
329
330
C
100
AcDbEntity
8
0
100
AcDbLine
10
239
20
172
30
0
11
239
21
163
31
0
0
LINE
5
32A
330
C
100
AcDbEntity
8
0
100
AcDbLine
10
239
20
163
30
0
11
236
21
163
31
0
0
LINE
5
32B
330
C
100
AcDbEntity
8
0
100
AcDbLine
10
236
20
163
30
0
11
236
21
154
31
0
0
LINE
5
32C
330
C
100
AcDbEntity
8
0
100
AcDbLine
10
236
20
154
30
0
11
239
21
154
31
0
0
LINE
5
32D
330
C
100
AcDbEntity
8
0
100
AcDbLine
10
239
20
154
30
0
11
239
21
145
31
0
0
LINE
5
32E
330
C
100
AcDbEntity
8
0
100
AcDbLine
10
239
20
145
30
0
11
236
21
145
31
0
0
LINE
5
32F
330
C
100
AcDbEntity
8
0
100
AcDbLine
10
236
20
145
30
0
11
236
21
136
31
0
0
LINE
5
330
330
C
100
AcDbEntity
8
0
100
AcDbLine
10
236
20
136
30
0
11
239
21
136
31
0
0
LINE
5
331
330
C
100
AcDbEntity
8
0
100
AcDbLine
10
239
20
136
30
0
11
239
21
127
31
0
0
LINE
5
332
330
C
100
AcDbEntity
8
0
100
AcDbLine
10
239
20
127
30
0
11
236
21
127
31
0
0
LINE
5
333
330
C
100
AcDbEntity
8
0
100
AcDbLine
10
236
20
127
30
0
11
236
21
118
31
0
0
LINE
5
334
330
C
100
AcDbEntity
8
0
100
AcDbLine
10
236
20
118
30
0
11
239
21
118
31
0
0
LINE
5
335
330
C
100
AcDbEntity
8
0
100
AcDbLine
10
239
20
118
30
0
11
239
21
109
31
0
0
LINE
5
336
330
C
100
AcDbEntity
8
0
100
AcDbLine
10
239
20
109
30
0
11
236
21
109
31
0
0
LINE
5
337
330
C
100
AcDbEntity
8
0
100
AcDbLine
10
236
20
109
30
0
11
236
21
100
31
0
0
LINE
5
338
330
C
100
AcDbEntity
8
0
100
AcDbLine
10
236
20
100
30
0
11
239
21
100
31
0
0
LINE
5
339
330
C
100
AcDbEntity
8
0
100
AcDbLine
10
239
20
100
30
0
11
239
21
91
31
0
0
LINE
5
33A
330
C
100
AcDbEntity
8
0
100
AcDbLine
10
239
20
91
30
0
11
236
21
91
31
0
0
LINE
5
33B
330
C
100
AcDbEntity
8
0
100
AcDbLine
10
236
20
91
30
0
11
236
21
82
31
0
0
LINE
5
33C
330
C
100
AcDbEntity
8
0
100
AcDbLine
10
236
20
82
30
0
11
239
21
82
31
0
0
LINE
5
33D
330
C
100
AcDbEntity
8
0
100
AcDbLine
10
239
20
82
30
0
11
239
21
73
31
0
0
LINE
5
33E
330
C
100
AcDbEntity
8
0
100
AcDbLine
10
239
20
73
30
0
11
236
21
73
31
0
0
LINE
5
33F
330
C
100
AcDbEntity
8
0
100
AcDbLine
10
236
20
73
30
0
11
236
21
64
31
0
0
LINE
5
340
330
C
100
AcDbEntity
8
0
100
AcDbLine
10
236
20
64
30
0
11
239
21
64
31
0
0
LINE
5
341
330
C
100
AcDbEntity
8
0
100
AcDbLine
10
239
20
64
30
0
11
239
21
55
31
0
0
LINE
5
342
330
C
100
AcDbEntity
8
0
100
AcDbLine
10
239
20
55
30
0
11
236
21
55
31
0
0
LINE
5
343
330
C
100
AcDbEntity
8
0
100
AcDbLine
10
236
20
55
30
0
11
236
21
46
31
0
0
LINE
5
344
330
C
100
AcDbEntity
8
0
100
AcDbLine
10
236
20
46
30
0
11
239
21
46
31
0
0
LINE
5
345
330
C
100
AcDbEntity
8
0
100
AcDbLine
10
239
20
46
30
0
11
239
21
37
31
0
0
LINE
5
346
330
C
100
AcDbEntity
8
0
100
AcDbLine
10
239
20
37
30
0
11
236
21
37
31
0
0
LINE
5
347
330
C
100
AcDbEntity
8
0
100
AcDbLine
10
236
20
37
30
0
11
236
21
28
31
0
0
LINE
5
348
330
C
100
AcDbEntity
8
0
100
AcDbLine
10
236
20
28
30
0
11
239
21
28
31
0
0
LINE
5
349
330
C
100
AcDbEntity
8
0
100
AcDbLine
10
239
20
28
30
0
11
239
21
19
31
0
0
LINE
5
34A
330
C
100
AcDbEntity
8
0
100
AcDbLine
10
239
20
19
30
0
11
236
21
19
31
0
0
LINE
5
34B
330
C
100
AcDbEntity
8
0
100
AcDbLine
10
236
20
19
30
0
11
236
21
10
31
0
0
LINE
5
34C
330
C
100
AcDbEntity
8
0
100
AcDbLine
10
236
20
10
30
0
11
239
21
10
31
0
0
LINE
5
34D
330
C
100
AcDbEntity
8
0
100
AcDbLine
10
239
20
10
30
0
11
239
21
3
31
0
0
LINE
5
34E
330
C
100
AcDbEntity
8
0
100
AcDbLine
10
239
20
3
30
0
11
239
21
0
31
0
0
LINE
5
34F
330
C
100
AcDbEntity
8
0
100
AcDbLine
10
239
20
0
30
0
11
249
21
0
31
0
0
LINE
5
350
330
C
100
AcDbEntity
8
0
100
AcDbLine
10
249
20
0
30
0
11
249
21
3
31
0
0
LINE
5
351
330
C
100
AcDbEntity
8
0
100
AcDbLine
10
249
20
3
30
0
11
258
21
3
31
0
0
LINE
5
352
330
C
100
AcDbEntity
8
0
100
AcDbLine
10
258
20
3
30
0
11
258
21
0
31
0
0
LINE
5
353
330
C
100
AcDbEntity
8
0
100
AcDbLine
10
258
20
0
30
0
11
267
21
0
31
0
0
LINE
5
354
330
C
100
AcDbEntity
8
0
100
AcDbLine
10
267
20
0
30
0
11
267
21
3
31
0
0
LINE
5
355
330
C
100
AcDbEntity
8
0
100
AcDbLine
10
267
20
3
30
0
11
276
21
3
31
0
0
LINE
5
356
330
C
100
AcDbEntity
8
0
100
AcDbLine
10
276
20
3
30
0
11
276
21
0
31
0
0
LINE
5
357
330
C
100
AcDbEntity
8
0
100
AcDbLine
10
276
20
0
30
0
11
285
21
0
31
0
0
LINE
5
358
330
C
100
AcDbEntity
8
0
100
AcDbLine
10
285
20
0
30
0
11
285
21
3
31
0
0
LINE
5
359
330
C
100
AcDbEntity
8
0
100
AcDbLine
10
285
20
3
30
0
11
294
21
3
31
0
0
LINE
5
35A
330
C
100
AcDbEntity
8
0
100
AcDbLine
10
294
20
3
30
0
11
294
21
0
31
0
0
LINE
5
35B
330
C
100
AcDbEntity
8
0
100
AcDbLine
10
294
20
0
30
0
11
303
21
0
31
0
0
LINE
5
35C
330
C
100
AcDbEntity
8
0
100
AcDbLine
10
303
20
0
30
0
11
303
21
3
31
0
0
LINE
5
35D
330
C
100
AcDbEntity
8
0
100
AcDbLine
10
303
20
3
30
0
11
312
21
3
31
0
0
LINE
5
35E
330
C
100
AcDbEntity
8
0
100
AcDbLine
10
312
20
3
30
0
11
312
21
0
31
0
0
LINE
5
35F
330
C
100
AcDbEntity
8
0
100
AcDbLine
10
312
20
0
30
0
11
321
21
0
31
0
0
LINE
5
360
330
C
100
AcDbEntity
8
0
100
AcDbLine
10
321
20
0
30
0
11
321
21
3
31
0
0
LINE
5
361
330
C
100
AcDbEntity
8
0
100
AcDbLine
10
321
20
3
30
0
11
330
21
3
31
0
0
LINE
5
362
330
C
100
AcDbEntity
8
0
100
AcDbLine
10
330
20
3
30
0
11
330
21
0
31
0
0
LINE
5
363
330
C
100
AcDbEntity
8
0
100
AcDbLine
10
330
20
0
30
0
11
339
21
0
31
0
0
LINE
5
364
330
C
100
AcDbEntity
8
0
100
AcDbLine
10
339
20
0
30
0
11
339
21
3
31
0
0
LINE
5
365
330
C
100
AcDbEntity
8
0
100
AcDbLine
10
339
20
3
30
0
11
348
21
3
31
0
0
LINE
5
366
330
C
100
AcDbEntity
8
0
100
AcDbLine
10
348
20
3
30
0
11
348
21
0
31
0
0
LINE
5
367
330
C
100
AcDbEntity
8
0
100
AcDbLine
10
348
20
0
30
0
11
357
21
0
31
0
0
LINE
5
368
330
C
100
AcDbEntity
8
0
100
AcDbLine
10
357
20
0
30
0
11
357
21
3
31
0
0
LINE
5
369
330
C
100
AcDbEntity
8
0
100
AcDbLine
10
357
20
3
30
0
11
366
21
3
31
0
0
LINE
5
36A
330
C
100
AcDbEntity
8
0
100
AcDbLine
10
366
20
3
30
0
11
366
21
0
31
0
0
LINE
5
36B
330
C
100
AcDbEntity
8
0
100
AcDbLine
10
366
20
0
30
0
11
375
21
0
31
0
0
LINE
5
36C
330
C
100
AcDbEntity
8
0
100
AcDbLine
10
375
20
0
30
0
11
375
21
3
31
0
0
LINE
5
36D
330
C
100
AcDbEntity
8
0
100
AcDbLine
10
375
20
3
30
0
11
384
21
3
31
0
0
LINE
5
36E
330
C
100
AcDbEntity
8
0
100
AcDbLine
10
384
20
3
30
0
11
384
21
0
31
0
0
LINE
5
36F
330
C
100
AcDbEntity
8
0
100
AcDbLine
10
384
20
0
30
0
11
393
21
0
31
0
0
LINE
5
370
330
C
100
AcDbEntity
8
0
100
AcDbLine
10
393
20
0
30
0
11
393
21
3
31
0
0
LINE
5
371
330
C
100
AcDbEntity
8
0
100
AcDbLine
10
393
20
3
30
0
11
402
21
3
31
0
0
LINE
5
372
330
C
100
AcDbEntity
8
0
100
AcDbLine
10
402
20
3
30
0
11
402
21
0
31
0
0
LINE
5
373
330
C
100
AcDbEntity
8
0
100
AcDbLine
10
402
20
0
30
0
11
411
21
0
31
0
0
LINE
5
374
330
C
100
AcDbEntity
8
0
100
AcDbLine
10
411
20
0
30
0
11
411
21
3
31
0
0
LINE
5
375
330
C
100
AcDbEntity
8
0
100
AcDbLine
10
411
20
3
30
0
11
420
21
3
31
0
0
LINE
5
376
330
C
100
AcDbEntity
8
0
100
AcDbLine
10
420
20
3
30
0
11
420
21
0
31
0
0
LINE
5
377
330
C
100
AcDbEntity
8
0
100
AcDbLine
10
420
20
0
30
0
11
429
21
0
31
0
0
LINE
5
378
330
C
100
AcDbEntity
8
0
100
AcDbLine
10
429
20
0
30
0
11
429
21
3
31
0
0
LINE
5
379
330
C
100
AcDbEntity
8
0
100
AcDbLine
10
429
20
3
30
0
11
438
21
3
31
0
0
LINE
5
37A
330
C
100
AcDbEntity
8
0
100
AcDbLine
10
438
20
3
30
0
11
438
21
0
31
0
0
LINE
5
37B
330
C
100
AcDbEntity
8
0
100
AcDbLine
10
438
20
0
30
0
11
447
21
0
31
0
0
LINE
5
37C
330
C
100
AcDbEntity
8
0
100
AcDbLine
10
447
20
0
30
0
11
447
21
3
31
0
0
LINE
5
37D
330
C
100
AcDbEntity
8
0
100
AcDbLine
10
447
20
3
30
0
11
456
21
3
31
0
0
LINE
5
37E
330
C
100
AcDbEntity
8
0
100
AcDbLine
10
456
20
3
30
0
11
456
21
0
31
0
0
LINE
5
37F
330
C
100
AcDbEntity
8
0
100
AcDbLine
10
456
20
0
30
0
11
466
21
0
31
0
0
LINE
5
380
330
C
100
AcDbEntity
8
0
100
AcDbLine
10
466
20
0
30
0
11
466
21
3
31
0
0
LINE
5
381
330
C
100
AcDbEntity
8
0
100
AcDbLine
10
466
20
3
30
0
11
466
21
10
31
0
0
LINE
5
382
330
C
100
AcDbEntity
8
0
100
AcDbLine
10
343.023
20
109.408
30
0
11
340.203
21
109.408
31
0
0
LINE
5
383
330
C
100
AcDbEntity
8
0
100
AcDbLine
10
340.203
20
109.408
30
0
11
340.203
21
116.944
31
0
0
LINE
5
384
330
C
100
AcDbEntity
8
0
100
AcDbLine
10
340.203
20
116.944
30
0
11
343.023
21
116.944
31
0
0
LINE
5
385
330
C
100
AcDbEntity
8
0
100
AcDbLine
10
343.023
20
116.944
30
0
11
343.186
21
116.941
31
0
0
LINE
5
386
330
C
100
AcDbEntity
8
0
100
AcDbLine
10
343.186
20
116.941
30
0
11
343.343
21
116.933
31
0
0
LINE
5
387
330
C
100
AcDbEntity
8
0
100
AcDbLine
10
343.343
20
116.933
30
0
11
343.494
21
116.919
31
0
0
LINE
5
388
330
C
100
AcDbEntity
8
0
100
AcDbLine
10
343.494
20
116.919
30
0
11
343.64
21
116.9
31
0
0
LINE
5
389
330
C
100
AcDbEntity
8
0
100
AcDbLine
10
343.64
20
116.9
30
0
11
343.781
21
116.876
31
0
0
LINE
5
38A
330
C
100
AcDbEntity
8
0
100
AcDbLine
10
343.781
20
116.876
30
0
11
343.915
21
116.846
31
0
0
LINE
5
38B
330
C
100
AcDbEntity
8
0
100
AcDbLine
10
343.915
20
116.846
30
0
11
344.044
21
116.81
31
0
0
LINE
5
38C
330
C
100
AcDbEntity
8
0
100
AcDbLine
10
344.044
20
116.81
30
0
11
344.167
21
116.769
31
0
0
LINE
5
38D
330
C
100
AcDbEntity
8
0
100
AcDbLine
10
344.167
20
116.769
30
0
11
344.285
21
116.723
31
0
0
LINE
5
38E
330
C
100
AcDbEntity
8
0
100
AcDbLine
10
344.285
20
116.723
30
0
11
344.397
21
116.671
31
0
0
LINE
5
38F
330
C
100
AcDbEntity
8
0
100
AcDbLine
10
344.397
20
116.671
30
0
11
344.503
21
116.615
31
0
0
LINE
5
390
330
C
100
AcDbEntity
8
0
100
AcDbLine
10
344.503
20
116.615
30
0
11
344.604
21
116.555
31
0
0
LINE
5
391
330
C
100
AcDbEntity
8
0
100
AcDbLine
10
344.604
20
116.555
30
0
11
344.7
21
116.492
31
0
0
LINE
5
392
330
C
100
AcDbEntity
8
0
100
AcDbLine
10
344.7
20
116.492
30
0
11
344.79
21
116.425
31
0
0
LINE
5
393
330
C
100
AcDbEntity
8
0
100
AcDbLine
10
344.79
20
116.425
30
0
11
344.874
21
116.355
31
0
0
LINE
5
394
330
C
100
AcDbEntity
8
0
100
AcDbLine
10
344.874
20
116.355
30
0
11
344.953
21
116.281
31
0
0
LINE
5
395
330
C
100
AcDbEntity
8
0
100
AcDbLine
10
344.953
20
116.281
30
0
11
345.026
21
116.204
31
0
0
LINE
5
396
330
C
100
AcDbEntity
8
0
100
AcDbLine
10
345.026
20
116.204
30
0
11
345.094
21
116.123
31
0
0
LINE
5
397
330
C
100
AcDbEntity
8
0
100
AcDbLine
10
345.094
20
116.123
30
0
11
345.156
21
116.039
31
0
0
LINE
5
398
330
C
100
AcDbEntity
8
0
100
AcDbLine
10
345.156
20
116.039
30
0
11
345.213
21
115.951
31
0
0
LINE
5
399
330
C
100
AcDbEntity
8
0
100
AcDbLine
10
345.213
20
115.951
30
0
11
345.264
21
115.861
31
0
0
LINE
5
39A
330
C
100
AcDbEntity
8
0
100
AcDbLine
10
345.264
20
115.861
30
0
11
345.31
21
115.769
31
0
0
LINE
5
39B
330
C
100
AcDbEntity
8
0
100
AcDbLine
10
345.31
20
115.769
30
0
11
345.351
21
115.676
31
0
0
LINE
5
39C
330
C
100
AcDbEntity
8
0
100
AcDbLine
10
345.351
20
115.676
30
0
11
345.386
21
115.58
31
0
0
LINE
5
39D
330
C
100
AcDbEntity
8
0
100
AcDbLine
10
345.386
20
115.58
30
0
11
345.416
21
115.484
31
0
0
LINE
5
39E
330
C
100
AcDbEntity
8
0
100
AcDbLine
10
345.416
20
115.484
30
0
11
345.44
21
115.385
31
0
0
LINE
5
39F
330
C
100
AcDbEntity
8
0
100
AcDbLine
10
345.44
20
115.385
30
0
11
345.459
21
115.286
31
0
0
LINE
5
3A0
330
C
100
AcDbEntity
8
0
100
AcDbLine
10
345.459
20
115.286
30
0
11
345.472
21
115.184
31
0
0
LINE
5
3A1
330
C
100
AcDbEntity
8
0
100
AcDbLine
10
345.472
20
115.184
30
0
11
345.48
21
115.081
31
0
0
LINE
5
3A2
330
C
100
AcDbEntity
8
0
100
AcDbLine
10
345.48
20
115.081
30
0
11
345.483
21
114.976
31
0
0
LINE
5
3A3
330
C
100
AcDbEntity
8
0
100
AcDbLine
10
345.483
20
114.976
30
0
11
345.483
21
114.976
31
0
0
LINE
5
3A4
330
C
100
AcDbEntity
8
0
100
AcDbLine
10
345.483
20
114.976
30
0
11
345.479
21
114.848
31
0
0
LINE
5
3A5
330
C
100
AcDbEntity
8
0
100
AcDbLine
10
345.479
20
114.848
30
0
11
345.469
21
114.724
31
0
0
LINE
5
3A6
330
C
100
AcDbEntity
8
0
100
AcDbLine
10
345.469
20
114.724
30
0
11
345.451
21
114.603
31
0
0
LINE
5
3A7
330
C
100
AcDbEntity
8
0
100
AcDbLine
10
345.451
20
114.603
30
0
11
345.426
21
114.485
31
0
0
LINE
5
3A8
330
C
100
AcDbEntity
8
0
100
AcDbLine
10
345.426
20
114.485
30
0
11
345.394
21
114.371
31
0
0
LINE
5
3A9
330
C
100
AcDbEntity
8
0
100
AcDbLine
10
345.394
20
114.371
30
0
11
345.354
21
114.26
31
0
0
LINE
5
3AA
330
C
100
AcDbEntity
8
0
100
AcDbLine
10
345.354
20
114.26
30
0
11
345.308
21
114.153
31
0
0
LINE
5
3AB
330
C
100
AcDbEntity
8
0
100
AcDbLine
10
345.308
20
114.153
30
0
11
345.255
21
114.049
31
0
0
LINE
5
3AC
330
C
100
AcDbEntity
8
0
100
AcDbLine
10
345.255
20
114.049
30
0
11
345.194
21
113.948
31
0
0
LINE
5
3AD
330
C
100
AcDbEntity
8
0
100
AcDbLine
10
345.194
20
113.948
30
0
11
345.126
21
113.851
31
0
0
LINE
5
3AE
330
C
100
AcDbEntity
8
0
100
AcDbLine
10
345.126
20
113.851
30
0
11
345.051
21
113.759
31
0
0
LINE
5
3AF
330
C
100
AcDbEntity
8
0
100
AcDbLine
10
345.051
20
113.759
30
0
11
344.969
21
113.672
31
0
0
LINE
5
3B0
330
C
100
AcDbEntity
8
0
100
AcDbLine
10
344.969
20
113.672
30
0
11
344.88
21
113.592
31
0
0
LINE
5
3B1
330
C
100
AcDbEntity
8
0
100
AcDbLine
10
344.88
20
113.592
30
0
11
344.783
21
113.518
31
0
0
LINE
5
3B2
330
C
100
AcDbEntity
8
0
100
AcDbLine
10
344.783
20
113.518
30
0
11
344.68
21
113.45
31
0
0
LINE
5
3B3
330
C
100
AcDbEntity
8
0
100
AcDbLine
10
344.68
20
113.45
30
0
11
344.569
21
113.388
31
0
0
LINE
5
3B4
330
C
100
AcDbEntity
8
0
100
AcDbLine
10
344.569
20
113.388
30
0
11
344.451
21
113.332
31
0
0
LINE
5
3B5
330
C
100
AcDbEntity
8
0
100
AcDbLine
10
344.451
20
113.332
30
0
11
344.326
21
113.282
31
0
0
LINE
5
3B6
330
C
100
AcDbEntity
8
0
100
AcDbLine
10
344.326
20
113.282
30
0
11
344.194
21
113.238
31
0
0
LINE
5
3B7
330
C
100
AcDbEntity
8
0
100
AcDbLine
10
344.194
20
113.238
30
0
11
344.055
21
113.2
31
0
0
LINE
5
3B8
330
C
100
AcDbEntity
8
0
100
AcDbLine
10
344.055
20
113.2
30
0
11
344.055
21
113.2
31
0
0
LINE
5
3B9
330
C
100
AcDbEntity
8
0
100
AcDbLine
10
344.055
20
113.2
30
0
11
344.146
21
113.184
31
0
0
LINE
5
3BA
330
C
100
AcDbEntity
8
0
100
AcDbLine
10
344.146
20
113.184
30
0
11
344.235
21
113.164
31
0
0
LINE
5
3BB
330
C
100
AcDbEntity
8
0
100
AcDbLine
10
344.235
20
113.164
30
0
11
344.322
21
113.14
31
0
0
LINE
5
3BC
330
C
100
AcDbEntity
8
0
100
AcDbLine
10
344.322
20
113.14
30
0
11
344.407
21
113.113
31
0
0
LINE
5
3BD
330
C
100
AcDbEntity
8
0
100
AcDbLine
10
344.407
20
113.113
30
0
11
344.489
21
113.082
31
0
0
LINE
5
3BE
330
C
100
AcDbEntity
8
0
100
AcDbLine
10
344.489
20
113.082
30
0
11
344.569
21
113.048
31
0
0
LINE
5
3BF
330
C
100
AcDbEntity
8
0
100
AcDbLine
10
344.569
20
113.048
30
0
11
344.647
21
113.01
31
0
0
LINE
5
3C0
330
C
100
AcDbEntity
8
0
100
AcDbLine
10
344.647
20
113.01
30
0
11
344.723
21
112.968
31
0
0
LINE
5
3C1
330
C
100
AcDbEntity
8
0
100
AcDbLine
10
344.723
20
112.968
30
0
11
344.797
21
112.922
31
0
0
LINE
5
3C2
330
C
100
AcDbEntity
8
0
100
AcDbLine
10
344.797
20
112.922
30
0
11
344.868
21
112.873
31
0
0
LINE
5
3C3
330
C
100
AcDbEntity
8
0
100
AcDbLine
10
344.868
20
112.873
30
0
11
344.937
21
112.821
31
0
0
LINE
5
3C4
330
C
100
AcDbEntity
8
0
100
AcDbLine
10
344.937
20
112.821
30
0
11
345.002
21
112.766
31
0
0
LINE
5
3C5
330
C
100
AcDbEntity
8
0
100
AcDbLine
10
345.002
20
112.766
30
0
11
345.065
21
112.71
31
0
0
LINE
5
3C6
330
C
100
AcDbEntity
8
0
100
AcDbLine
10
345.065
20
112.71
30
0
11
345.124
21
112.651
31
0
0
LINE
5
3C7
330
C
100
AcDbEntity
8
0
100
AcDbLine
10
345.124
20
112.651
30
0
11
345.181
21
112.59
31
0
0
LINE
5
3C8
330
C
100
AcDbEntity
8
0
100
AcDbLine
10
345.181
20
112.59
30
0
11
345.234
21
112.526
31
0
0
LINE
5
3C9
330
C
100
AcDbEntity
8
0
100
AcDbLine
10
345.234
20
112.526
30
0
11
345.284
21
112.46
31
0
0
LINE
5
3CA
330
C
100
AcDbEntity
8
0
100
AcDbLine
10
345.284
20
112.46
30
0
11
345.332
21
112.392
31
0
0
LINE
5
3CB
330
C
100
AcDbEntity
8
0
100
AcDbLine
10
345.332
20
112.392
30
0
11
345.376
21
112.322
31
0
0
LINE
5
3CC
330
C
100
AcDbEntity
8
0
100
AcDbLine
10
345.376
20
112.322
30
0
11
345.417
21
112.249
31
0
0
LINE
5
3CD
330
C
100
AcDbEntity
8
0
100
AcDbLine
10
345.417
20
112.249
30
0
11
345.455
21
112.175
31
0
0
LINE
5
3CE
330
C
100
AcDbEntity
8
0
100
AcDbLine
10
345.455
20
112.175
30
0
11
345.488
21
112.099
31
0
0
LINE
5
3CF
330
C
100
AcDbEntity
8
0
100
AcDbLine
10
345.488
20
112.099
30
0
11
345.518
21
112.023
31
0
0
LINE
5
3D0
330
C
100
AcDbEntity
8
0
100
AcDbLine
10
345.518
20
112.023
30
0
11
345.544
21
111.946
31
0
0
LINE
5
3D1
330
C
100
AcDbEntity
8
0
100
AcDbLine
10
345.544
20
111.946
30
0
11
345.565
21
111.867
31
0
0
LINE
5
3D2
330
C
100
AcDbEntity
8
0
100
AcDbLine
10
345.565
20
111.867
30
0
11
345.583
21
111.788
31
0
0
LINE
5
3D3
330
C
100
AcDbEntity
8
0
100
AcDbLine
10
345.583
20
111.788
30
0
11
345.597
21
111.707
31
0
0
LINE
5
3D4
330
C
100
AcDbEntity
8
0
100
AcDbLine
10
345.597
20
111.707
30
0
11
345.607
21
111.626
31
0
0
LINE
5
3D5
330
C
100
AcDbEntity
8
0
100
AcDbLine
10
345.607
20
111.626
30
0
11
345.613
21
111.543
31
0
0
LINE
5
3D6
330
C
100
AcDbEntity
8
0
100
AcDbLine
10
345.613
20
111.543
30
0
11
345.615
21
111.46
31
0
0
LINE
5
3D7
330
C
100
AcDbEntity
8
0
100
AcDbLine
10
345.615
20
111.46
30
0
11
345.615
21
111.46
31
0
0
LINE
5
3D8
330
C
100
AcDbEntity
8
0
100
AcDbLine
10
345.615
20
111.46
30
0
11
345.614
21
111.383
31
0
0
LINE
5
3D9
330
C
100
AcDbEntity
8
0
100
AcDbLine
10
345.614
20
111.383
30
0
11
345.61
21
111.307
31
0
0
LINE
5
3DA
330
C
100
AcDbEntity
8
0
100
AcDbLine
10
345.61
20
111.307
30
0
11
345.603
21
111.231
31
0
0
LINE
5
3DB
330
C
100
AcDbEntity
8
0
100
AcDbLine
10
345.603
20
111.231
30
0
11
345.594
21
111.156
31
0
0
LINE
5
3DC
330
C
100
AcDbEntity
8
0
100
AcDbLine
10
345.594
20
111.156
30
0
11
345.583
21
111.081
31
0
0
LINE
5
3DD
330
C
100
AcDbEntity
8
0
100
AcDbLine
10
345.583
20
111.081
30
0
11
345.569
21
111.006
31
0
0
LINE
5
3DE
330
C
100
AcDbEntity
8
0
100
AcDbLine
10
345.569
20
111.006
30
0
11
345.552
21
110.931
31
0
0
LINE
5
3DF
330
C
100
AcDbEntity
8
0
100
AcDbLine
10
345.552
20
110.931
30
0
11
345.532
21
110.857
31
0
0
LINE
5
3E0
330
C
100
AcDbEntity
8
0
100
AcDbLine
10
345.532
20
110.857
30
0
11
345.511
21
110.783
31
0
0
LINE
5
3E1
330
C
100
AcDbEntity
8
0
100
AcDbLine
10
345.511
20
110.783
30
0
11
345.486
21
110.71
31
0
0
LINE
5
3E2
330
C
100
AcDbEntity
8
0
100
AcDbLine
10
345.486
20
110.71
30
0
11
345.458
21
110.638
31
0
0
LINE
5
3E3
330
C
100
AcDbEntity
8
0
100
AcDbLine
10
345.458
20
110.638
30
0
11
345.428
21
110.566
31
0
0
LINE
5
3E4
330
C
100
AcDbEntity
8
0
100
AcDbLine
10
345.428
20
110.566
30
0
11
345.393
21
110.497
31
0
0
LINE
5
3E5
330
C
100
AcDbEntity
8
0
100
AcDbLine
10
345.393
20
110.497
30
0
11
345.355
21
110.429
31
0
0
LINE
5
3E6
330
C
100
AcDbEntity
8
0
100
AcDbLine
10
345.355
20
110.429
30
0
11
345.314
21
110.362
31
0
0
LINE
5
3E7
330
C
100
AcDbEntity
8
0
100
AcDbLine
10
345.314
20
110.362
30
0
11
345.27
21
110.297
31
0
0
LINE
5
3E8
330
C
100
AcDbEntity
8
0
100
AcDbLine
10
345.27
20
110.297
30
0
11
345.222
21
110.233
31
0
0
LINE
5
3E9
330
C
100
AcDbEntity
8
0
100
AcDbLine
10
345.222
20
110.233
30
0
11
345.17
21
110.17
31
0
0
LINE
5
3EA
330
C
100
AcDbEntity
8
0
100
AcDbLine
10
345.17
20
110.17
30
0
11
345.115
21
110.11
31
0
0
LINE
5
3EB
330
C
100
AcDbEntity
8
0
100
AcDbLine
10
345.115
20
110.11
30
0
11
345.057
21
110.05
31
0
0
LINE
5
3EC
330
C
100
AcDbEntity
8
0
100
AcDbLine
10
345.057
20
110.05
30
0
11
344.995
21
109.992
31
0
0
LINE
5
3ED
330
C
100
AcDbEntity
8
0
100
AcDbLine
10
344.995
20
109.992
30
0
11
344.929
21
109.937
31
0
0
LINE
5
3EE
330
C
100
AcDbEntity
8
0
100
AcDbLine
10
344.929
20
109.937
30
0
11
344.859
21
109.884
31
0
0
LINE
5
3EF
330
C
100
AcDbEntity
8
0
100
AcDbLine
10
344.859
20
109.884
30
0
11
344.785
21
109.834
31
0
0
LINE
5
3F0
330
C
100
AcDbEntity
8
0
100
AcDbLine
10
344.785
20
109.834
30
0
11
344.707
21
109.786
31
0
0
LINE
5
3F1
330
C
100
AcDbEntity
8
0
100
AcDbLine
10
344.707
20
109.786
30
0
11
344.626
21
109.74
31
0
0
LINE
5
3F2
330
C
100
AcDbEntity
8
0
100
AcDbLine
10
344.626
20
109.74
30
0
11
344.54
21
109.697
31
0
0
LINE
5
3F3
330
C
100
AcDbEntity
8
0
100
AcDbLine
10
344.54
20
109.697
30
0
11
344.45
21
109.656
31
0
0
LINE
5
3F4
330
C
100
AcDbEntity
8
0
100
AcDbLine
10
344.45
20
109.656
30
0
11
344.357
21
109.618
31
0
0
LINE
5
3F5
330
C
100
AcDbEntity
8
0
100
AcDbLine
10
344.357
20
109.618
30
0
11
344.259
21
109.582
31
0
0
LINE
5
3F6
330
C
100
AcDbEntity
8
0
100
AcDbLine
10
344.259
20
109.582
30
0
11
344.157
21
109.549
31
0
0
LINE
5
3F7
330
C
100
AcDbEntity
8
0
100
AcDbLine
10
344.157
20
109.549
30
0
11
344.05
21
109.519
31
0
0
LINE
5
3F8
330
C
100
AcDbEntity
8
0
100
AcDbLine
10
344.05
20
109.519
30
0
11
343.939
21
109.493
31
0
0
LINE
5
3F9
330
C
100
AcDbEntity
8
0
100
AcDbLine
10
343.939
20
109.493
30
0
11
343.822
21
109.471
31
0
0
LINE
5
3FA
330
C
100
AcDbEntity
8
0
100
AcDbLine
10
343.822
20
109.471
30
0
11
343.701
21
109.451
31
0
0
LINE
5
3FB
330
C
100
AcDbEntity
8
0
100
AcDbLine
10
343.701
20
109.451
30
0
11
343.575
21
109.436
31
0
0
LINE
5
3FC
330
C
100
AcDbEntity
8
0
100
AcDbLine
10
343.575
20
109.436
30
0
11
343.444
21
109.424
31
0
0
LINE
5
3FD
330
C
100
AcDbEntity
8
0
100
AcDbLine
10
343.444
20
109.424
30
0
11
343.309
21
109.415
31
0
0
LINE
5
3FE
330
C
100
AcDbEntity
8
0
100
AcDbLine
10
343.309
20
109.415
30
0
11
343.168
21
109.41
31
0
0
LINE
5
3FF
330
C
100
AcDbEntity
8
0
100
AcDbLine
10
343.168
20
109.41
30
0
11
343.023
21
109.408
31
0
0
LINE
5
400
330
C
100
AcDbEntity
8
0
100
AcDbLine
10
343.023
20
109.408
30
0
11
343.023
21
109.408
31
0
0
LINE
5
401
330
C
100
AcDbEntity
8
0
100
AcDbLine
10
343.023
20
109.408
30
0
11
343.023
21
109.408
31
0
0
LINE
5
402
330
C
100
AcDbEntity
8
0
100
AcDbLine
10
341.139
20
112.768
30
0
11
341.139
21
110.224
31
0
0
LINE
5
403
330
C
100
AcDbEntity
8
0
100
AcDbLine
10
341.139
20
110.224
30
0
11
343.011
21
110.224
31
0
0
LINE
5
404
330
C
100
AcDbEntity
8
0
100
AcDbLine
10
343.011
20
110.224
30
0
11
343.178
21
110.228
31
0
0
LINE
5
405
330
C
100
AcDbEntity
8
0
100
AcDbLine
10
343.178
20
110.228
30
0
11
343.335
21
110.238
31
0
0
LINE
5
406
330
C
100
AcDbEntity
8
0
100
AcDbLine
10
343.335
20
110.238
30
0
11
343.482
21
110.256
31
0
0
LINE
5
407
330
C
100
AcDbEntity
8
0
100
AcDbLine
10
343.482
20
110.256
30
0
11
343.62
21
110.282
31
0
0
LINE
5
408
330
C
100
AcDbEntity
8
0
100
AcDbLine
10
343.62
20
110.282
30
0
11
343.748
21
110.314
31
0
0
LINE
5
409
330
C
100
AcDbEntity
8
0
100
AcDbLine
10
343.748
20
110.314
30
0
11
343.867
21
110.354
31
0
0
LINE
5
40A
330
C
100
AcDbEntity
8
0
100
AcDbLine
10
343.867
20
110.354
30
0
11
343.976
21
110.4
31
0
0
LINE
5
40B
330
C
100
AcDbEntity
8
0
100
AcDbLine
10
343.976
20
110.4
30
0
11
344.075
21
110.454
31
0
0
LINE
5
40C
330
C
100
AcDbEntity
8
0
100
AcDbLine
10
344.075
20
110.454
30
0
11
344.164
21
110.516
31
0
0
LINE
5
40D
330
C
100
AcDbEntity
8
0
100
AcDbLine
10
344.164
20
110.516
30
0
11
344.244
21
110.584
31
0
0
LINE
5
40E
330
C
100
AcDbEntity
8
0
100
AcDbLine
10
344.244
20
110.584
30
0
11
344.315
21
110.658
31
0
0
LINE
5
40F
330
C
100
AcDbEntity
8
0
100
AcDbLine
10
344.315
20
110.658
30
0
11
344.379
21
110.736
31
0
0
LINE
5
410
330
C
100
AcDbEntity
8
0
100
AcDbLine
10
344.379
20
110.736
30
0
11
344.435
21
110.818
31
0
0
LINE
5
411
330
C
100
AcDbEntity
8
0
100
AcDbLine
10
344.435
20
110.818
30
0
11
344.484
21
110.905
31
0
0
LINE
5
412
330
C
100
AcDbEntity
8
0
100
AcDbLine
10
344.484
20
110.905
30
0
11
344.525
21
110.995
31
0
0
LINE
5
413
330
C
100
AcDbEntity
8
0
100
AcDbLine
10
344.525
20
110.995
30
0
11
344.559
21
111.089
31
0
0
LINE
5
414
330
C
100
AcDbEntity
8
0
100
AcDbLine
10
344.559
20
111.089
30
0
11
344.585
21
111.188
31
0
0
LINE
5
415
330
C
100
AcDbEntity
8
0
100
AcDbLine
10
344.585
20
111.188
30
0
11
344.604
21
111.291
31
0
0
LINE
5
416
330
C
100
AcDbEntity
8
0
100
AcDbLine
10
344.604
20
111.291
30
0
11
344.615
21
111.397
31
0
0
LINE
5
417
330
C
100
AcDbEntity
8
0
100
AcDbLine
10
344.615
20
111.397
30
0
11
344.619
21
111.508
31
0
0
LINE
5
418
330
C
100
AcDbEntity
8
0
100
AcDbLine
10
344.619
20
111.508
30
0
11
344.619
21
111.508
31
0
0
LINE
5
419
330
C
100
AcDbEntity
8
0
100
AcDbLine
10
344.619
20
111.508
30
0
11
344.615
21
111.62
31
0
0
LINE
5
41A
330
C
100
AcDbEntity
8
0
100
AcDbLine
10
344.615
20
111.62
30
0
11
344.603
21
111.727
31
0
0
LINE
5
41B
330
C
100
AcDbEntity
8
0
100
AcDbLine
10
344.603
20
111.727
30
0
11
344.582
21
111.83
31
0
0
LINE
5
41C
330
C
100
AcDbEntity
8
0
100
AcDbLine
10
344.582
20
111.83
30
0
11
344.554
21
111.928
31
0
0
LINE
5
41D
330
C
100
AcDbEntity
8
0
100
AcDbLine
10
344.554
20
111.928
30
0
11
344.517
21
112.022
31
0
0
LINE
5
41E
330
C
100
AcDbEntity
8
0
100
AcDbLine
10
344.517
20
112.022
30
0
11
344.472
21
112.111
31
0
0
LINE
5
41F
330
C
100
AcDbEntity
8
0
100
AcDbLine
10
344.472
20
112.111
30
0
11
344.419
21
112.196
31
0
0
LINE
5
420
330
C
100
AcDbEntity
8
0
100
AcDbLine
10
344.419
20
112.196
30
0
11
344.358
21
112.276
31
0
0
LINE
5
421
330
C
100
AcDbEntity
8
0
100
AcDbLine
10
344.358
20
112.276
30
0
11
344.289
21
112.352
31
0
0
LINE
5
422
330
C
100
AcDbEntity
8
0
100
AcDbLine
10
344.289
20
112.352
30
0
11
344.211
21
112.423
31
0
0
LINE
5
423
330
C
100
AcDbEntity
8
0
100
AcDbLine
10
344.211
20
112.423
30
0
11
344.126
21
112.489
31
0
0
LINE
5
424
330
C
100
AcDbEntity
8
0
100
AcDbLine
10
344.126
20
112.489
30
0
11
344.032
21
112.547
31
0
0
LINE
5
425
330
C
100
AcDbEntity
8
0
100
AcDbLine
10
344.032
20
112.547
30
0
11
343.932
21
112.599
31
0
0
LINE
5
426
330
C
100
AcDbEntity
8
0
100
AcDbLine
10
343.932
20
112.599
30
0
11
343.823
21
112.644
31
0
0
LINE
5
427
330
C
100
AcDbEntity
8
0
100
AcDbLine
10
343.823
20
112.644
30
0
11
343.707
21
112.682
31
0
0
LINE
5
428
330
C
100
AcDbEntity
8
0
100
AcDbLine
10
343.707
20
112.682
30
0
11
343.583
21
112.713
31
0
0
LINE
5
429
330
C
100
AcDbEntity
8
0
100
AcDbLine
10
343.583
20
112.713
30
0
11
343.452
21
112.737
31
0
0
LINE
5
42A
330
C
100
AcDbEntity
8
0
100
AcDbLine
10
343.452
20
112.737
30
0
11
343.312
21
112.754
31
0
0
LINE
5
42B
330
C
100
AcDbEntity
8
0
100
AcDbLine
10
343.312
20
112.754
30
0
11
343.166
21
112.765
31
0
0
LINE
5
42C
330
C
100
AcDbEntity
8
0
100
AcDbLine
10
343.166
20
112.765
30
0
11
343.011
21
112.768
31
0
0
LINE
5
42D
330
C
100
AcDbEntity
8
0
100
AcDbLine
10
343.011
20
112.768
30
0
11
343.011
21
112.768
31
0
0
LINE
5
42E
330
C
100
AcDbEntity
8
0
100
AcDbLine
10
343.011
20
112.768
30
0
11
341.139
21
112.768
31
0
0
LINE
5
42F
330
C
100
AcDbEntity
8
0
100
AcDbLine
10
341.139
20
112.768
30
0
11
341.139
21
112.768
31
0
0
LINE
5
430
330
C
100
AcDbEntity
8
0
100
AcDbLine
10
342.999
20
116.14
30
0
11
341.139
21
116.14
31
0
0
LINE
5
431
330
C
100
AcDbEntity
8
0
100
AcDbLine
10
341.139
20
116.14
30
0
11
341.139
21
113.572
31
0
0
LINE
5
432
330
C
100
AcDbEntity
8
0
100
AcDbLine
10
341.139
20
113.572
30
0
11
342.987
21
113.572
31
0
0
LINE
5
433
330
C
100
AcDbEntity
8
0
100
AcDbLine
10
342.987
20
113.572
30
0
11
343.125
21
113.575
31
0
0
LINE
5
434
330
C
100
AcDbEntity
8
0
100
AcDbLine
10
343.125
20
113.575
30
0
11
343.256
21
113.586
31
0
0
LINE
5
435
330
C
100
AcDbEntity
8
0
100
AcDbLine
10
343.256
20
113.586
30
0
11
343.383
21
113.603
31
0
0
LINE
5
436
330
C
100
AcDbEntity
8
0
100
AcDbLine
10
343.383
20
113.603
30
0
11
343.503
21
113.627
31
0
0
LINE
5
437
330
C
100
AcDbEntity
8
0
100
AcDbLine
10
343.503
20
113.627
30
0
11
343.618
21
113.658
31
0
0
LINE
5
438
330
C
100
AcDbEntity
8
0
100
AcDbLine
10
343.618
20
113.658
30
0
11
343.727
21
113.696
31
0
0
LINE
5
439
330
C
100
AcDbEntity
8
0
100
AcDbLine
10
343.727
20
113.696
30
0
11
343.83
21
113.741
31
0
0
LINE
5
43A
330
C
100
AcDbEntity
8
0
100
AcDbLine
10
343.83
20
113.741
30
0
11
343.928
21
113.793
31
0
0
LINE
5
43B
330
C
100
AcDbEntity
8
0
100
AcDbLine
10
343.928
20
113.793
30
0
11
344.02
21
113.851
31
0
0
LINE
5
43C
330
C
100
AcDbEntity
8
0
100
AcDbLine
10
344.02
20
113.851
30
0
11
344.106
21
113.917
31
0
0
LINE
5
43D
330
C
100
AcDbEntity
8
0
100
AcDbLine
10
344.106
20
113.917
30
0
11
344.185
21
113.989
31
0
0
LINE
5
43E
330
C
100
AcDbEntity
8
0
100
AcDbLine
10
344.185
20
113.989
30
0
11
344.256
21
114.066
31
0
0
LINE
5
43F
330
C
100
AcDbEntity
8
0
100
AcDbLine
10
344.256
20
114.066
30
0
11
344.319
21
114.15
31
0
0
LINE
5
440
330
C
100
AcDbEntity
8
0
100
AcDbLine
10
344.319
20
114.15
30
0
11
344.373
21
114.239
31
0
0
LINE
5
441
330
C
100
AcDbEntity
8
0
100
AcDbLine
10
344.373
20
114.239
30
0
11
344.419
21
114.333
31
0
0
LINE
5
442
330
C
100
AcDbEntity
8
0
100
AcDbLine
10
344.419
20
114.333
30
0
11
344.456
21
114.434
31
0
0
LINE
5
443
330
C
100
AcDbEntity
8
0
100
AcDbLine
10
344.456
20
114.434
30
0
11
344.485
21
114.54
31
0
0
LINE
5
444
330
C
100
AcDbEntity
8
0
100
AcDbLine
10
344.485
20
114.54
30
0
11
344.506
21
114.651
31
0
0
LINE
5
445
330
C
100
AcDbEntity
8
0
100
AcDbLine
10
344.506
20
114.651
30
0
11
344.519
21
114.769
31
0
0
LINE
5
446
330
C
100
AcDbEntity
8
0
100
AcDbLine
10
344.519
20
114.769
30
0
11
344.523
21
114.892
31
0
0
LINE
5
447
330
C
100
AcDbEntity
8
0
100
AcDbLine
10
344.523
20
114.892
30
0
11
344.523
21
114.892
31
0
0
LINE
5
448
330
C
100
AcDbEntity
8
0
100
AcDbLine
10
344.523
20
114.892
30
0
11
344.519
21
115.007
31
0
0
LINE
5
449
330
C
100
AcDbEntity
8
0
100
AcDbLine
10
344.519
20
115.007
30
0
11
344.507
21
115.117
31
0
0
LINE
5
44A
330
C
100
AcDbEntity
8
0
100
AcDbLine
10
344.507
20
115.117
30
0
11
344.487
21
115.222
31
0
0
LINE
5
44B
330
C
100
AcDbEntity
8
0
100
AcDbLine
10
344.487
20
115.222
30
0
11
344.458
21
115.321
31
0
0
LINE
5
44C
330
C
100
AcDbEntity
8
0
100
AcDbLine
10
344.458
20
115.321
30
0
11
344.422
21
115.415
31
0
0
LINE
5
44D
330
C
100
AcDbEntity
8
0
100
AcDbLine
10
344.422
20
115.415
30
0
11
344.377
21
115.505
31
0
0
LINE
5
44E
330
C
100
AcDbEntity
8
0
100
AcDbLine
10
344.377
20
115.505
30
0
11
344.325
21
115.589
31
0
0
LINE
5
44F
330
C
100
AcDbEntity
8
0
100
AcDbLine
10
344.325
20
115.589
30
0
11
344.264
21
115.668
31
0
0
LINE
5
450
330
C
100
AcDbEntity
8
0
100
AcDbLine
10
344.264
20
115.668
30
0
11
344.195
21
115.741
31
0
0
LINE
5
451
330
C
100
AcDbEntity
8
0
100
AcDbLine
10
344.195
20
115.741
30
0
11
344.118
21
115.81
31
0
0
LINE
5
452
330
C
100
AcDbEntity
8
0
100
AcDbLine
10
344.118
20
115.81
30
0
11
344.034
21
115.873
31
0
0
LINE
5
453
330
C
100
AcDbEntity
8
0
100
AcDbLine
10
344.034
20
115.873
30
0
11
343.944
21
115.929
31
0
0
LINE
5
454
330
C
100
AcDbEntity
8
0
100
AcDbLine
10
343.944
20
115.929
30
0
11
343.847
21
115.978
31
0
0
LINE
5
455
330
C
100
AcDbEntity
8
0
100
AcDbLine
10
343.847
20
115.978
30
0
11
343.745
21
116.021
31
0
0
LINE
5
456
330
C
100
AcDbEntity
8
0
100
AcDbLine
10
343.745
20
116.021
30
0
11
343.636
21
116.058
31
0
0
LINE
5
457
330
C
100
AcDbEntity
8
0
100
AcDbLine
10
343.636
20
116.058
30
0
11
343.521
21
116.087
31
0
0
LINE
5
458
330
C
100
AcDbEntity
8
0
100
AcDbLine
10
343.521
20
116.087
30
0
11
343.4
21
116.11
31
0
0
LINE
5
459
330
C
100
AcDbEntity
8
0
100
AcDbLine
10
343.4
20
116.11
30
0
11
343.272
21
116.127
31
0
0
LINE
5
45A
330
C
100
AcDbEntity
8
0
100
AcDbLine
10
343.272
20
116.127
30
0
11
343.139
21
116.137
31
0
0
LINE
5
45B
330
C
100
AcDbEntity
8
0
100
AcDbLine
10
343.139
20
116.137
30
0
11
342.999
21
116.14
31
0
0
LINE
5
45C
330
C
100
AcDbEntity
8
0
100
AcDbLine
10
342.999
20
116.14
30
0
11
342.999
21
116.14
31
0
0
LINE
5
45D
330
C
100
AcDbEntity
8
0
100
AcDbLine
10
342.999
20
116.14
30
0
11
342.999
21
116.14
31
0
0
LINE
5
45E
330
C
100
AcDbEntity
8
0
100
AcDbLine
10
352.029
20
109.408
30
0
11
351.213
21
109.408
31
0
0
LINE
5
45F
330
C
100
AcDbEntity
8
0
100
AcDbLine
10
351.213
20
109.408
30
0
11
351.093
21
110.668
31
0
0
LINE
5
460
330
C
100
AcDbEntity
8
0
100
AcDbLine
10
351.093
20
110.668
30
0
11
351.093
21
113.128
31
0
0
LINE
5
461
330
C
100
AcDbEntity
8
0
100
AcDbLine
10
351.093
20
113.128
30
0
11
351.09
21
113.278
31
0
0
LINE
5
462
330
C
100
AcDbEntity
8
0
100
AcDbLine
10
351.09
20
113.278
30
0
11
351.08
21
113.42
31
0
0
LINE
5
463
330
C
100
AcDbEntity
8
0
100
AcDbLine
10
351.08
20
113.42
30
0
11
351.063
21
113.553
31
0
0
LINE
5
464
330
C
100
AcDbEntity
8
0
100
AcDbLine
10
351.063
20
113.553
30
0
11
351.04
21
113.678
31
0
0
LINE
5
465
330
C
100
AcDbEntity
8
0
100
AcDbLine
10
351.04
20
113.678
30
0
11
351.01
21
113.793
31
0
0
LINE
5
466
330
C
100
AcDbEntity
8
0
100
AcDbLine
10
351.01
20
113.793
30
0
11
350.974
21
113.9
31
0
0
LINE
5
467
330
C
100
AcDbEntity
8
0
100
AcDbLine
10
350.974
20
113.9
30
0
11
350.931
21
113.998
31
0
0
LINE
5
468
330
C
100
AcDbEntity
8
0
100
AcDbLine
10
350.931
20
113.998
30
0
11
350.882
21
114.088
31
0
0
LINE
5
469
330
C
100
AcDbEntity
8
0
100
AcDbLine
10
350.882
20
114.088
30
0
11
350.826
21
114.169
31
0
0
LINE
5
46A
330
C
100
AcDbEntity
8
0
100
AcDbLine
10
350.826
20
114.169
30
0
11
350.763
21
114.241
31
0
0
LINE
5
46B
330
C
100
AcDbEntity
8
0
100
AcDbLine
10
350.763
20
114.241
30
0
11
350.694
21
114.305
31
0
0
LINE
5
46C
330
C
100
AcDbEntity
8
0
100
AcDbLine
10
350.694
20
114.305
30
0
11
350.618
21
114.363
31
0
0
LINE
5
46D
330
C
100
AcDbEntity
8
0
100
AcDbLine
10
350.618
20
114.363
30
0
11
350.535
21
114.414
31
0
0
LINE
5
46E
330
C
100
AcDbEntity
8
0
100
AcDbLine
10
350.535
20
114.414
30
0
11
350.446
21
114.458
31
0
0
LINE
5
46F
330
C
100
AcDbEntity
8
0
100
AcDbLine
10
350.446
20
114.458
30
0
11
350.351
21
114.495
31
0
0
LINE
5
470
330
C
100
AcDbEntity
8
0
100
AcDbLine
10
350.351
20
114.495
30
0
11
350.248
21
114.526
31
0
0
LINE
5
471
330
C
100
AcDbEntity
8
0
100
AcDbLine
10
350.248
20
114.526
30
0
11
350.139
21
114.549
31
0
0
LINE
5
472
330
C
100
AcDbEntity
8
0
100
AcDbLine
10
350.139
20
114.549
30
0
11
350.024
21
114.566
31
0
0
LINE
5
473
330
C
100
AcDbEntity
8
0
100
AcDbLine
10
350.024
20
114.566
30
0
11
349.902
21
114.577
31
0
0
LINE
5
474
330
C
100
AcDbEntity
8
0
100
AcDbLine
10
349.902
20
114.577
30
0
11
349.773
21
114.58
31
0
0
LINE
5
475
330
C
100
AcDbEntity
8
0
100
AcDbLine
10
349.773
20
114.58
30
0
11
349.773
21
114.58
31
0
0
LINE
5
476
330
C
100
AcDbEntity
8
0
100
AcDbLine
10
349.773
20
114.58
30
0
11
349.699
21
114.579
31
0
0
LINE
5
477
330
C
100
AcDbEntity
8
0
100
AcDbLine
10
349.699
20
114.579
30
0
11
349.627
21
114.576
31
0
0
LINE
5
478
330
C
100
AcDbEntity
8
0
100
AcDbLine
10
349.627
20
114.576
30
0
11
349.556
21
114.57
31
0
0
LINE
5
479
330
C
100
AcDbEntity
8
0
100
AcDbLine
10
349.556
20
114.57
30
0
11
349.486
21
114.563
31
0
0
LINE
5
47A
330
C
100
AcDbEntity
8
0
100
AcDbLine
10
349.486
20
114.563
30
0
11
349.418
21
114.553
31
0
0
LINE
5
47B
330
C
100
AcDbEntity
8
0
100
AcDbLine
10
349.418
20
114.553
30
0
11
349.351
21
114.541
31
0
0
LINE
5
47C
330
C
100
AcDbEntity
8
0
100
AcDbLine
10
349.351
20
114.541
30
0
11
349.286
21
114.527
31
0
0
LINE
5
47D
330
C
100
AcDbEntity
8
0
100
AcDbLine
10
349.286
20
114.527
30
0
11
349.222
21
114.511
31
0
0
LINE
5
47E
330
C
100
AcDbEntity
8
0
100
AcDbLine
10
349.222
20
114.511
30
0
11
349.159
21
114.493
31
0
0
LINE
5
47F
330
C
100
AcDbEntity
8
0
100
AcDbLine
10
349.159
20
114.493
30
0
11
349.098
21
114.472
31
0
0
LINE
5
480
330
C
100
AcDbEntity
8
0
100
AcDbLine
10
349.098
20
114.472
30
0
11
349.039
21
114.449
31
0
0
LINE
5
481
330
C
100
AcDbEntity
8
0
100
AcDbLine
10
349.039
20
114.449
30
0
11
348.982
21
114.424
31
0
0
LINE
5
482
330
C
100
AcDbEntity
8
0
100
AcDbLine
10
348.982
20
114.424
30
0
11
348.928
21
114.397
31
0
0
LINE
5
483
330
C
100
AcDbEntity
8
0
100
AcDbLine
10
348.928
20
114.397
30
0
11
348.876
21
114.367
31
0
0
LINE
5
484
330
C
100
AcDbEntity
8
0
100
AcDbLine
10
348.876
20
114.367
30
0
11
348.827
21
114.335
31
0
0
LINE
5
485
330
C
100
AcDbEntity
8
0
100
AcDbLine
10
348.827
20
114.335
30
0
11
348.78
21
114.3
31
0
0
LINE
5
486
330
C
100
AcDbEntity
8
0
100
AcDbLine
10
348.78
20
114.3
30
0
11
348.736
21
114.263
31
0
0
LINE
5
487
330
C
100
AcDbEntity
8
0
100
AcDbLine
10
348.736
20
114.263
30
0
11
348.694
21
114.224
31
0
0
LINE
5
488
330
C
100
AcDbEntity
8
0
100
AcDbLine
10
348.694
20
114.224
30
0
11
348.655
21
114.183
31
0
0
LINE
5
489
330
C
100
AcDbEntity
8
0
100
AcDbLine
10
348.655
20
114.183
30
0
11
348.618
21
114.139
31
0
0
LINE
5
48A
330
C
100
AcDbEntity
8
0
100
AcDbLine
10
348.618
20
114.139
30
0
11
348.584
21
114.093
31
0
0
LINE
5
48B
330
C
100
AcDbEntity
8
0
100
AcDbLine
10
348.584
20
114.093
30
0
11
348.554
21
114.044
31
0
0
LINE
5
48C
330
C
100
AcDbEntity
8
0
100
AcDbLine
10
348.554
20
114.044
30
0
11
348.528
21
113.992
31
0
0
LINE
5
48D
330
C
100
AcDbEntity
8
0
100
AcDbLine
10
348.528
20
113.992
30
0
11
348.505
21
113.938
31
0
0
LINE
5
48E
330
C
100
AcDbEntity
8
0
100
AcDbLine
10
348.505
20
113.938
30
0
11
348.485
21
113.882
31
0
0
LINE
5
48F
330
C
100
AcDbEntity
8
0
100
AcDbLine
10
348.485
20
113.882
30
0
11
348.469
21
113.823
31
0
0
LINE
5
490
330
C
100
AcDbEntity
8
0
100
AcDbLine
10
348.469
20
113.823
30
0
11
348.457
21
113.761
31
0
0
LINE
5
491
330
C
100
AcDbEntity
8
0
100
AcDbLine
10
348.457
20
113.761
30
0
11
348.448
21
113.696
31
0
0
LINE
5
492
330
C
100
AcDbEntity
8
0
100
AcDbLine
10
348.448
20
113.696
30
0
11
348.443
21
113.63
31
0
0
LINE
5
493
330
C
100
AcDbEntity
8
0
100
AcDbLine
10
348.443
20
113.63
30
0
11
348.441
21
113.56
31
0
0
LINE
5
494
330
C
100
AcDbEntity
8
0
100
AcDbLine
10
348.441
20
113.56
30
0
11
348.441
21
113.56
31
0
0
LINE
5
495
330
C
100
AcDbEntity
8
0
100
AcDbLine
10
348.441
20
113.56
30
0
11
347.397
21
113.56
31
0
0
LINE
5
496
330
C
100
AcDbEntity
8
0
100
AcDbLine
10
347.397
20
113.56
30
0
11
347.4
21
113.682
31
0
0
LINE
5
497
330
C
100
AcDbEntity
8
0
100
AcDbLine
10
347.4
20
113.682
30
0
11
347.409
21
113.8
31
0
0
LINE
5
498
330
C
100
AcDbEntity
8
0
100
AcDbLine
10
347.409
20
113.8
30
0
11
347.425
21
113.913
31
0
0
LINE
5
499
330
C
100
AcDbEntity
8
0
100
AcDbLine
10
347.425
20
113.913
30
0
11
347.446
21
114.02
31
0
0
LINE
5
49A
330
C
100
AcDbEntity
8
0
100
AcDbLine
10
347.446
20
114.02
30
0
11
347.474
21
114.123
31
0
0
LINE
5
49B
330
C
100
AcDbEntity
8
0
100
AcDbLine
10
347.474
20
114.123
30
0
11
347.507
21
114.221
31
0
0
LINE
5
49C
330
C
100
AcDbEntity
8
0
100
AcDbLine
10
347.507
20
114.221
30
0
11
347.547
21
114.315
31
0
0
LINE
5
49D
330
C
100
AcDbEntity
8
0
100
AcDbLine
10
347.547
20
114.315
30
0
11
347.593
21
114.403
31
0
0
LINE
5
49E
330
C
100
AcDbEntity
8
0
100
AcDbLine
10
347.593
20
114.403
30
0
11
347.645
21
114.486
31
0
0
LINE
5
49F
330
C
100
AcDbEntity
8
0
100
AcDbLine
10
347.645
20
114.486
30
0
11
347.703
21
114.565
31
0
0
LINE
5
4A0
330
C
100
AcDbEntity
8
0
100
AcDbLine
10
347.703
20
114.565
30
0
11
347.767
21
114.639
31
0
0
LINE
5
4A1
330
C
100
AcDbEntity
8
0
100
AcDbLine
10
347.767
20
114.639
30
0
11
347.835
21
114.709
31
0
0
LINE
5
4A2
330
C
100
AcDbEntity
8
0
100
AcDbLine
10
347.835
20
114.709
30
0
11
347.907
21
114.775
31
0
0
LINE
5
4A3
330
C
100
AcDbEntity
8
0
100
AcDbLine
10
347.907
20
114.775
30
0
11
347.985
21
114.836
31
0
0
LINE
5
4A4
330
C
100
AcDbEntity
8
0
100
AcDbLine
10
347.985
20
114.836
30
0
11
348.067
21
114.894
31
0
0
LINE
5
4A5
330
C
100
AcDbEntity
8
0
100
AcDbLine
10
348.067
20
114.894
30
0
11
348.153
21
114.947
31
0
0
LINE
5
4A6
330
C
100
AcDbEntity
8
0
100
AcDbLine
10
348.153
20
114.947
30
0
11
348.245
21
114.995
31
0
0
LINE
5
4A7
330
C
100
AcDbEntity
8
0
100
AcDbLine
10
348.245
20
114.995
30
0
11
348.34
21
115.04
31
0
0
LINE
5
4A8
330
C
100
AcDbEntity
8
0
100
AcDbLine
10
348.34
20
115.04
30
0
11
348.441
21
115.081
31
0
0
LINE
5
4A9
330
C
100
AcDbEntity
8
0
100
AcDbLine
10
348.441
20
115.081
30
0
11
348.546
21
115.117
31
0
0
LINE
5
4AA
330
C
100
AcDbEntity
8
0
100
AcDbLine
10
348.546
20
115.117
30
0
11
348.655
21
115.149
31
0
0
LINE
5
4AB
330
C
100
AcDbEntity
8
0
100
AcDbLine
10
348.655
20
115.149
30
0
11
348.767
21
115.179
31
0
0
LINE
5
4AC
330
C
100
AcDbEntity
8
0
100
AcDbLine
10
348.767
20
115.179
30
0
11
348.882
21
115.204
31
0
0
LINE
5
4AD
330
C
100
AcDbEntity
8
0
100
AcDbLine
10
348.882
20
115.204
30
0
11
349
21
115.226
31
0
0
LINE
5
4AE
330
C
100
AcDbEntity
8
0
100
AcDbLine
10
349
20
115.226
30
0
11
349.121
21
115.245
31
0
0
LINE
5
4AF
330
C
100
AcDbEntity
8
0
100
AcDbLine
10
349.121
20
115.245
30
0
11
349.245
21
115.261
31
0
0
LINE
5
4B0
330
C
100
AcDbEntity
8
0
100
AcDbLine
10
349.245
20
115.261
30
0
11
349.373
21
115.273
31
0
0
LINE
5
4B1
330
C
100
AcDbEntity
8
0
100
AcDbLine
10
349.373
20
115.273
30
0
11
349.503
21
115.281
31
0
0
LINE
5
4B2
330
C
100
AcDbEntity
8
0
100
AcDbLine
10
349.503
20
115.281
30
0
11
349.637
21
115.286
31
0
0
LINE
5
4B3
330
C
100
AcDbEntity
8
0
100
AcDbLine
10
349.637
20
115.286
30
0
11
349.773
21
115.288
31
0
0
LINE
5
4B4
330
C
100
AcDbEntity
8
0
100
AcDbLine
10
349.773
20
115.288
30
0
11
349.773
21
115.288
31
0
0
LINE
5
4B5
330
C
100
AcDbEntity
8
0
100
AcDbLine
10
349.773
20
115.288
30
0
11
349.904
21
115.286
31
0
0
LINE
5
4B6
330
C
100
AcDbEntity
8
0
100
AcDbLine
10
349.904
20
115.286
30
0
11
350.031
21
115.279
31
0
0
LINE
5
4B7
330
C
100
AcDbEntity
8
0
100
AcDbLine
10
350.031
20
115.279
30
0
11
350.156
21
115.268
31
0
0
LINE
5
4B8
330
C
100
AcDbEntity
8
0
100
AcDbLine
10
350.156
20
115.268
30
0
11
350.277
21
115.252
31
0
0
LINE
5
4B9
330
C
100
AcDbEntity
8
0
100
AcDbLine
10
350.277
20
115.252
30
0
11
350.396
21
115.233
31
0
0
LINE
5
4BA
330
C
100
AcDbEntity
8
0
100
AcDbLine
10
350.396
20
115.233
30
0
11
350.511
21
115.208
31
0
0
LINE
5
4BB
330
C
100
AcDbEntity
8
0
100
AcDbLine
10
350.511
20
115.208
30
0
11
350.623
21
115.179
31
0
0
LINE
5
4BC
330
C
100
AcDbEntity
8
0
100
AcDbLine
10
350.623
20
115.179
30
0
11
350.733
21
115.146
31
0
0
LINE
5
4BD
330
C
100
AcDbEntity
8
0
100
AcDbLine
10
350.733
20
115.146
30
0
11
350.839
21
115.108
31
0
0
LINE
5
4BE
330
C
100
AcDbEntity
8
0
100
AcDbLine
10
350.839
20
115.108
30
0
11
350.943
21
115.066
31
0
0
LINE
5
4BF
330
C
100
AcDbEntity
8
0
100
AcDbLine
10
350.943
20
115.066
30
0
11
351.043
21
115.019
31
0
0
LINE
5
4C0
330
C
100
AcDbEntity
8
0
100
AcDbLine
10
351.043
20
115.019
30
0
11
351.138
21
114.967
31
0
0
LINE
5
4C1
330
C
100
AcDbEntity
8
0
100
AcDbLine
10
351.138
20
114.967
30
0
11
351.229
21
114.909
31
0
0
LINE
5
4C2
330
C
100
AcDbEntity
8
0
100
AcDbLine
10
351.229
20
114.909
30
0
11
351.315
21
114.847
31
0
0
LINE
5
4C3
330
C
100
AcDbEntity
8
0
100
AcDbLine
10
351.315
20
114.847
30
0
11
351.397
21
114.779
31
0
0
LINE
5
4C4
330
C
100
AcDbEntity
8
0
100
AcDbLine
10
351.397
20
114.779
30
0
11
351.475
21
114.706
31
0
0
LINE
5
4C5
330
C
100
AcDbEntity
8
0
100
AcDbLine
10
351.475
20
114.706
30
0
11
351.548
21
114.627
31
0
0
LINE
5
4C6
330
C
100
AcDbEntity
8
0
100
AcDbLine
10
351.548
20
114.627
30
0
11
351.617
21
114.544
31
0
0
LINE
5
4C7
330
C
100
AcDbEntity
8
0
100
AcDbLine
10
351.617
20
114.544
30
0
11
351.681
21
114.455
31
0
0
LINE
5
4C8
330
C
100
AcDbEntity
8
0
100
AcDbLine
10
351.681
20
114.455
30
0
11
351.741
21
114.361
31
0
0
LINE
5
4C9
330
C
100
AcDbEntity
8
0
100
AcDbLine
10
351.741
20
114.361
30
0
11
351.796
21
114.261
31
0
0
LINE
5
4CA
330
C
100
AcDbEntity
8
0
100
AcDbLine
10
351.796
20
114.261
30
0
11
351.845
21
114.156
31
0
0
LINE
5
4CB
330
C
100
AcDbEntity
8
0
100
AcDbLine
10
351.845
20
114.156
30
0
11
351.888
21
114.045
31
0
0
LINE
5
4CC
330
C
100
AcDbEntity
8
0
100
AcDbLine
10
351.888
20
114.045
30
0
11
351.925
21
113.928
31
0
0
LINE
5
4CD
330
C
100
AcDbEntity
8
0
100
AcDbLine
10
351.925
20
113.928
30
0
11
351.957
21
113.805
31
0
0
LINE
5
4CE
330
C
100
AcDbEntity
8
0
100
AcDbLine
10
351.957
20
113.805
30
0
11
351.983
21
113.677
31
0
0
LINE
5
4CF
330
C
100
AcDbEntity
8
0
100
AcDbLine
10
351.983
20
113.677
30
0
11
352.003
21
113.542
31
0
0
LINE
5
4D0
330
C
100
AcDbEntity
8
0
100
AcDbLine
10
352.003
20
113.542
30
0
11
352.017
21
113.402
31
0
0
LINE
5
4D1
330
C
100
AcDbEntity
8
0
100
AcDbLine
10
352.017
20
113.402
30
0
11
352.026
21
113.256
31
0
0
LINE
5
4D2
330
C
100
AcDbEntity
8
0
100
AcDbLine
10
352.026
20
113.256
30
0
11
352.029
21
113.104
31
0
0
LINE
5
4D3
330
C
100
AcDbEntity
8
0
100
AcDbLine
10
352.029
20
113.104
30
0
11
352.029
21
113.104
31
0
0
LINE
5
4D4
330
C
100
AcDbEntity
8
0
100
AcDbLine
10
352.029
20
113.104
30
0
11
352.029
21
109.408
31
0
0
LINE
5
4D5
330
C
100
AcDbEntity
8
0
100
AcDbLine
10
352.029
20
109.408
30
0
11
352.029
21
109.408
31
0
0
LINE
5
4D6
330
C
100
AcDbEntity
8
0
100
AcDbLine
10
349.257
20
109.264
30
0
11
349.257
21
109.264
31
0
0
LINE
5
4D7
330
C
100
AcDbEntity
8
0
100
AcDbLine
10
349.257
20
109.264
30
0
11
349.118
21
109.267
31
0
0
LINE
5
4D8
330
C
100
AcDbEntity
8
0
100
AcDbLine
10
349.118
20
109.267
30
0
11
348.984
21
109.274
31
0
0
LINE
5
4D9
330
C
100
AcDbEntity
8
0
100
AcDbLine
10
348.984
20
109.274
30
0
11
348.854
21
109.287
31
0
0
LINE
5
4DA
330
C
100
AcDbEntity
8
0
100
AcDbLine
10
348.854
20
109.287
30
0
11
348.73
21
109.304
31
0
0
LINE
5
4DB
330
C
100
AcDbEntity
8
0
100
AcDbLine
10
348.73
20
109.304
30
0
11
348.611
21
109.327
31
0
0
LINE
5
4DC
330
C
100
AcDbEntity
8
0
100
AcDbLine
10
348.611
20
109.327
30
0
11
348.496
21
109.355
31
0
0
LINE
5
4DD
330
C
100
AcDbEntity
8
0
100
AcDbLine
10
348.496
20
109.355
30
0
11
348.386
21
109.387
31
0
0
LINE
5
4DE
330
C
100
AcDbEntity
8
0
100
AcDbLine
10
348.386
20
109.387
30
0
11
348.282
21
109.425
31
0
0
LINE
5
4DF
330
C
100
AcDbEntity
8
0
100
AcDbLine
10
348.282
20
109.425
30
0
11
348.182
21
109.468
31
0
0
LINE
5
4E0
330
C
100
AcDbEntity
8
0
100
AcDbLine
10
348.182
20
109.468
30
0
11
348.087
21
109.516
31
0
0
LINE
5
4E1
330
C
100
AcDbEntity
8
0
100
AcDbLine
10
348.087
20
109.516
30
0
11
347.997
21
109.568
31
0
0
LINE
5
4E2
330
C
100
AcDbEntity
8
0
100
AcDbLine
10
347.997
20
109.568
30
0
11
347.912
21
109.623
31
0
0
LINE
5
4E3
330
C
100
AcDbEntity
8
0
100
AcDbLine
10
347.912
20
109.623
30
0
11
347.831
21
109.681
31
0
0
LINE
5
4E4
330
C
100
AcDbEntity
8
0
100
AcDbLine
10
347.831
20
109.681
30
0
11
347.755
21
109.742
31
0
0
LINE
5
4E5
330
C
100
AcDbEntity
8
0
100
AcDbLine
10
347.755
20
109.742
30
0
11
347.683
21
109.805
31
0
0
LINE
5
4E6
330
C
100
AcDbEntity
8
0
100
AcDbLine
10
347.683
20
109.805
30
0
11
347.617
21
109.872
31
0
0
LINE
5
4E7
330
C
100
AcDbEntity
8
0
100
AcDbLine
10
347.617
20
109.872
30
0
11
347.555
21
109.942
31
0
0
LINE
5
4E8
330
C
100
AcDbEntity
8
0
100
AcDbLine
10
347.555
20
109.942
30
0
11
347.498
21
110.015
31
0
0
LINE
5
4E9
330
C
100
AcDbEntity
8
0
100
AcDbLine
10
347.498
20
110.015
30
0
11
347.445
21
110.091
31
0
0
LINE
5
4EA
330
C
100
AcDbEntity
8
0
100
AcDbLine
10
347.445
20
110.091
30
0
11
347.397
21
110.17
31
0
0
LINE
5
4EB
330
C
100
AcDbEntity
8
0
100
AcDbLine
10
347.397
20
110.17
30
0
11
347.354
21
110.251
31
0
0
LINE
5
4EC
330
C
100
AcDbEntity
8
0
100
AcDbLine
10
347.354
20
110.251
30
0
11
347.315
21
110.332
31
0
0
LINE
5
4ED
330
C
100
AcDbEntity
8
0
100
AcDbLine
10
347.315
20
110.332
30
0
11
347.281
21
110.415
31
0
0
LINE
5
4EE
330
C
100
AcDbEntity
8
0
100
AcDbLine
10
347.281
20
110.415
30
0
11
347.251
21
110.498
31
0
0
LINE
5
4EF
330
C
100
AcDbEntity
8
0
100
AcDbLine
10
347.251
20
110.498
30
0
11
347.226
21
110.582
31
0
0
LINE
5
4F0
330
C
100
AcDbEntity
8
0
100
AcDbLine
10
347.226
20
110.582
30
0
11
347.205
21
110.668
31
0
0
LINE
5
4F1
330
C
100
AcDbEntity
8
0
100
AcDbLine
10
347.205
20
110.668
30
0
11
347.19
21
110.753
31
0
0
LINE
5
4F2
330
C
100
AcDbEntity
8
0
100
AcDbLine
10
347.19
20
110.753
30
0
11
347.178
21
110.84
31
0
0
LINE
5
4F3
330
C
100
AcDbEntity
8
0
100
AcDbLine
10
347.178
20
110.84
30
0
11
347.171
21
110.928
31
0
0
LINE
5
4F4
330
C
100
AcDbEntity
8
0
100
AcDbLine
10
347.171
20
110.928
30
0
11
347.169
21
111.016
31
0
0
LINE
5
4F5
330
C
100
AcDbEntity
8
0
100
AcDbLine
10
347.169
20
111.016
30
0
11
347.169
21
111.016
31
0
0
LINE
5
4F6
330
C
100
AcDbEntity
8
0
100
AcDbLine
10
347.169
20
111.016
30
0
11
347.172
21
111.13
31
0
0
LINE
5
4F7
330
C
100
AcDbEntity
8
0
100
AcDbLine
10
347.172
20
111.13
30
0
11
347.181
21
111.24
31
0
0
LINE
5
4F8
330
C
100
AcDbEntity
8
0
100
AcDbLine
10
347.181
20
111.24
30
0
11
347.195
21
111.346
31
0
0
LINE
5
4F9
330
C
100
AcDbEntity
8
0
100
AcDbLine
10
347.195
20
111.346
30
0
11
347.216
21
111.447
31
0
0
LINE
5
4FA
330
C
100
AcDbEntity
8
0
100
AcDbLine
10
347.216
20
111.447
30
0
11
347.242
21
111.544
31
0
0
LINE
5
4FB
330
C
100
AcDbEntity
8
0
100
AcDbLine
10
347.242
20
111.544
30
0
11
347.274
21
111.637
31
0
0
LINE
5
4FC
330
C
100
AcDbEntity
8
0
100
AcDbLine
10
347.274
20
111.637
30
0
11
347.312
21
111.725
31
0
0
LINE
5
4FD
330
C
100
AcDbEntity
8
0
100
AcDbLine
10
347.312
20
111.725
30
0
11
347.355
21
111.809
31
0
0
LINE
5
4FE
330
C
100
AcDbEntity
8
0
100
AcDbLine
10
347.355
20
111.809
30
0
11
347.405
21
111.889
31
0
0
LINE
5
4FF
330
C
100
AcDbEntity
8
0
100
AcDbLine
10
347.405
20
111.889
30
0
11
347.46
21
111.964
31
0
0
LINE
5
500
330
C
100
AcDbEntity
8
0
100
AcDbLine
10
347.46
20
111.964
30
0
11
347.52
21
112.035
31
0
0
LINE
5
501
330
C
100
AcDbEntity
8
0
100
AcDbLine
10
347.52
20
112.035
30
0
11
347.585
21
112.103
31
0
0
LINE
5
502
330
C
100
AcDbEntity
8
0
100
AcDbLine
10
347.585
20
112.103
30
0
11
347.654
21
112.166
31
0
0
LINE
5
503
330
C
100
AcDbEntity
8
0
100
AcDbLine
10
347.654
20
112.166
30
0
11
347.727
21
112.226
31
0
0
LINE
5
504
330
C
100
AcDbEntity
8
0
100
AcDbLine
10
347.727
20
112.226
30
0
11
347.804
21
112.281
31
0
0
LINE
5
505
330
C
100
AcDbEntity
8
0
100
AcDbLine
10
347.804
20
112.281
30
0
11
347.886
21
112.333
31
0
0
LINE
5
506
330
C
100
AcDbEntity
8
0
100
AcDbLine
10
347.886
20
112.333
30
0
11
347.972
21
112.381
31
0
0
LINE
5
507
330
C
100
AcDbEntity
8
0
100
AcDbLine
10
347.972
20
112.381
30
0
11
348.062
21
112.425
31
0
0
LINE
5
508
330
C
100
AcDbEntity
8
0
100
AcDbLine
10
348.062
20
112.425
30
0
11
348.156
21
112.465
31
0
0
LINE
5
509
330
C
100
AcDbEntity
8
0
100
AcDbLine
10
348.156
20
112.465
30
0
11
348.255
21
112.501
31
0
0
LINE
5
50A
330
C
100
AcDbEntity
8
0
100
AcDbLine
10
348.255
20
112.501
30
0
11
348.357
21
112.533
31
0
0
LINE
5
50B
330
C
100
AcDbEntity
8
0
100
AcDbLine
10
348.357
20
112.533
30
0
11
348.462
21
112.563
31
0
0
LINE
5
50C
330
C
100
AcDbEntity
8
0
100
AcDbLine
10
348.462
20
112.563
30
0
11
348.569
21
112.588
31
0
0
LINE
5
50D
330
C
100
AcDbEntity
8
0
100
AcDbLine
10
348.569
20
112.588
30
0
11
348.678
21
112.61
31
0
0
LINE
5
50E
330
C
100
AcDbEntity
8
0
100
AcDbLine
10
348.678
20
112.61
30
0
11
348.791
21
112.629
31
0
0
LINE
5
50F
330
C
100
AcDbEntity
8
0
100
AcDbLine
10
348.791
20
112.629
30
0
11
348.905
21
112.645
31
0
0
LINE
5
510
330
C
100
AcDbEntity
8
0
100
AcDbLine
10
348.905
20
112.645
30
0
11
349.022
21
112.657
31
0
0
LINE
5
511
330
C
100
AcDbEntity
8
0
100
AcDbLine
10
349.022
20
112.657
30
0
11
349.142
21
112.665
31
0
0
LINE
5
512
330
C
100
AcDbEntity
8
0
100
AcDbLine
10
349.142
20
112.665
30
0
11
349.264
21
112.67
31
0
0
LINE
5
513
330
C
100
AcDbEntity
8
0
100
AcDbLine
10
349.264
20
112.67
30
0
11
349.389
21
112.672
31
0
0
LINE
5
514
330
C
100
AcDbEntity
8
0
100
AcDbLine
10
349.389
20
112.672
30
0
11
349.389
21
112.672
31
0
0
LINE
5
515
330
C
100
AcDbEntity
8
0
100
AcDbLine
10
349.389
20
112.672
30
0
11
349.479
21
112.671
31
0
0
LINE
5
516
330
C
100
AcDbEntity
8
0
100
AcDbLine
10
349.479
20
112.671
30
0
11
349.569
21
112.668
31
0
0
LINE
5
517
330
C
100
AcDbEntity
8
0
100
AcDbLine
10
349.569
20
112.668
30
0
11
349.659
21
112.664
31
0
0
LINE
5
518
330
C
100
AcDbEntity
8
0
100
AcDbLine
10
349.659
20
112.664
30
0
11
349.749
21
112.658
31
0
0
LINE
5
519
330
C
100
AcDbEntity
8
0
100
AcDbLine
10
349.749
20
112.658
30
0
11
349.84
21
112.65
31
0
0
LINE
5
51A
330
C
100
AcDbEntity
8
0
100
AcDbLine
10
349.84
20
112.65
30
0
11
349.93
21
112.64
31
0
0
LINE
5
51B
330
C
100
AcDbEntity
8
0
100
AcDbLine
10
349.93
20
112.64
30
0
11
350.02
21
112.628
31
0
0
LINE
5
51C
330
C
100
AcDbEntity
8
0
100
AcDbLine
10
350.02
20
112.628
30
0
11
350.111
21
112.614
31
0
0
LINE
5
51D
330
C
100
AcDbEntity
8
0
100
AcDbLine
10
350.111
20
112.614
30
0
11
350.201
21
112.599
31
0
0
LINE
5
51E
330
C
100
AcDbEntity
8
0
100
AcDbLine
10
350.201
20
112.599
30
0
11
350.292
21
112.582
31
0
0
LINE
5
51F
330
C
100
AcDbEntity
8
0
100
AcDbLine
10
350.292
20
112.582
30
0
11
350.382
21
112.563
31
0
0
LINE
5
520
330
C
100
AcDbEntity
8
0
100
AcDbLine
10
350.382
20
112.563
30
0
11
350.472
21
112.543
31
0
0
LINE
5
521
330
C
100
AcDbEntity
8
0
100
AcDbLine
10
350.472
20
112.543
30
0
11
350.562
21
112.522
31
0
0
LINE
5
522
330
C
100
AcDbEntity
8
0
100
AcDbLine
10
350.562
20
112.522
30
0
11
350.651
21
112.499
31
0
0
LINE
5
523
330
C
100
AcDbEntity
8
0
100
AcDbLine
10
350.651
20
112.499
30
0
11
350.74
21
112.475
31
0
0
LINE
5
524
330
C
100
AcDbEntity
8
0
100
AcDbLine
10
350.74
20
112.475
30
0
11
350.828
21
112.45
31
0
0
LINE
5
525
330
C
100
AcDbEntity
8
0
100
AcDbLine
10
350.828
20
112.45
30
0
11
350.916
21
112.424
31
0
0
LINE
5
526
330
C
100
AcDbEntity
8
0
100
AcDbLine
10
350.916
20
112.424
30
0
11
351.003
21
112.396
31
0
0
LINE
5
527
330
C
100
AcDbEntity
8
0
100
AcDbLine
10
351.003
20
112.396
30
0
11
351.09
21
112.367
31
0
0
LINE
5
528
330
C
100
AcDbEntity
8
0
100
AcDbLine
10
351.09
20
112.367
30
0
11
351.177
21
112.336
31
0
0
LINE
5
529
330
C
100
AcDbEntity
8
0
100
AcDbLine
10
351.177
20
112.336
30
0
11
351.177
21
112.336
31
0
0
LINE
5
52A
330
C
100
AcDbEntity
8
0
100
AcDbLine
10
351.177
20
112.336
30
0
11
351.177
21
111.748
31
0
0
LINE
5
52B
330
C
100
AcDbEntity
8
0
100
AcDbLine
10
351.177
20
111.748
30
0
11
351.104
21
111.776
31
0
0
LINE
5
52C
330
C
100
AcDbEntity
8
0
100
AcDbLine
10
351.104
20
111.776
30
0
11
351.029
21
111.803
31
0
0
LINE
5
52D
330
C
100
AcDbEntity
8
0
100
AcDbLine
10
351.029
20
111.803
30
0
11
350.953
21
111.829
31
0
0
LINE
5
52E
330
C
100
AcDbEntity
8
0
100
AcDbLine
10
350.953
20
111.829
30
0
11
350.874
21
111.854
31
0
0
LINE
5
52F
330
C
100
AcDbEntity
8
0
100
AcDbLine
10
350.874
20
111.854
30
0
11
350.794
21
111.877
31
0
0
LINE
5
530
330
C
100
AcDbEntity
8
0
100
AcDbLine
10
350.794
20
111.877
30
0
11
350.712
21
111.899
31
0
0
LINE
5
531
330
C
100
AcDbEntity
8
0
100
AcDbLine
10
350.712
20
111.899
30
0
11
350.627
21
111.92
31
0
0
LINE
5
532
330
C
100
AcDbEntity
8
0
100
AcDbLine
10
350.627
20
111.92
30
0
11
350.541
21
111.94
31
0
0
LINE
5
533
330
C
100
AcDbEntity
8
0
100
AcDbLine
10
350.541
20
111.94
30
0
11
350.454
21
111.959
31
0
0
LINE
5
534
330
C
100
AcDbEntity
8
0
100
AcDbLine
10
350.454
20
111.959
30
0
11
350.364
21
111.976
31
0
0
LINE
5
535
330
C
100
AcDbEntity
8
0
100
AcDbLine
10
350.364
20
111.976
30
0
11
350.274
21
111.992
31
0
0
LINE
5
536
330
C
100
AcDbEntity
8
0
100
AcDbLine
10
350.274
20
111.992
30
0
11
350.186
21
112.006
31
0
0
LINE
5
537
330
C
100
AcDbEntity
8
0
100
AcDbLine
10
350.186
20
112.006
30
0
11
350.099
21
112.019
31
0
0
LINE
5
538
330
C
100
AcDbEntity
8
0
100
AcDbLine
10
350.099
20
112.019
30
0
11
350.014
21
112.03
31
0
0
LINE
5
539
330
C
100
AcDbEntity
8
0
100
AcDbLine
10
350.014
20
112.03
30
0
11
349.93
21
112.039
31
0
0
LINE
5
53A
330
C
100
AcDbEntity
8
0
100
AcDbLine
10
349.93
20
112.039
30
0
11
349.847
21
112.047
31
0
0
LINE
5
53B
330
C
100
AcDbEntity
8
0
100
AcDbLine
10
349.847
20
112.047
30
0
11
349.767
21
112.052
31
0
0
LINE
5
53C
330
C
100
AcDbEntity
8
0
100
AcDbLine
10
349.767
20
112.052
30
0
11
349.687
21
112.057
31
0
0
LINE
5
53D
330
C
100
AcDbEntity
8
0
100
AcDbLine
10
349.687
20
112.057
30
0
11
349.609
21
112.059
31
0
0
LINE
5
53E
330
C
100
AcDbEntity
8
0
100
AcDbLine
10
349.609
20
112.059
30
0
11
349.533
21
112.06
31
0
0
LINE
5
53F
330
C
100
AcDbEntity
8
0
100
AcDbLine
10
349.533
20
112.06
30
0
11
349.533
21
112.06
31
0
0
LINE
5
540
330
C
100
AcDbEntity
8
0
100
AcDbLine
10
349.533
20
112.06
30
0
11
349.42
21
112.058
31
0
0
LINE
5
541
330
C
100
AcDbEntity
8
0
100
AcDbLine
10
349.42
20
112.058
30
0
11
349.31
21
112.051
31
0
0
LINE
5
542
330
C
100
AcDbEntity
8
0
100
AcDbLine
10
349.31
20
112.051
30
0
11
349.204
21
112.039
31
0
0
LINE
5
543
330
C
100
AcDbEntity
8
0
100
AcDbLine
10
349.204
20
112.039
30
0
11
349.101
21
112.022
31
0
0
LINE
5
544
330
C
100
AcDbEntity
8
0
100
AcDbLine
10
349.101
20
112.022
30
0
11
349.002
21
112.001
31
0
0
LINE
5
545
330
C
100
AcDbEntity
8
0
100
AcDbLine
10
349.002
20
112.001
30
0
11
348.907
21
111.975
31
0
0
LINE
5
546
330
C
100
AcDbEntity
8
0
100
AcDbLine
10
348.907
20
111.975
30
0
11
348.815
21
111.944
31
0
0
LINE
5
547
330
C
100
AcDbEntity
8
0
100
AcDbLine
10
348.815
20
111.944
30
0
11
348.727
21
111.908
31
0
0
LINE
5
548
330
C
100
AcDbEntity
8
0
100
AcDbLine
10
348.727
20
111.908
30
0
11
348.642
21
111.868
31
0
0
LINE
5
549
330
C
100
AcDbEntity
8
0
100
AcDbLine
10
348.642
20
111.868
30
0
11
348.561
21
111.823
31
0
0
LINE
5
54A
330
C
100
AcDbEntity
8
0
100
AcDbLine
10
348.561
20
111.823
30
0
11
348.486
21
111.772
31
0
0
LINE
5
54B
330
C
100
AcDbEntity
8
0
100
AcDbLine
10
348.486
20
111.772
30
0
11
348.418
21
111.715
31
0
0
LINE
5
54C
330
C
100
AcDbEntity
8
0
100
AcDbLine
10
348.418
20
111.715
30
0
11
348.359
21
111.651
31
0
0
LINE
5
54D
330
C
100
AcDbEntity
8
0
100
AcDbLine
10
348.359
20
111.651
30
0
11
348.308
21
111.58
31
0
0
LINE
5
54E
330
C
100
AcDbEntity
8
0
100
AcDbLine
10
348.308
20
111.58
30
0
11
348.264
21
111.503
31
0
0
LINE
5
54F
330
C
100
AcDbEntity
8
0
100
AcDbLine
10
348.264
20
111.503
30
0
11
348.228
21
111.419
31
0
0
LINE
5
550
330
C
100
AcDbEntity
8
0
100
AcDbLine
10
348.228
20
111.419
30
0
11
348.201
21
111.328
31
0
0
LINE
5
551
330
C
100
AcDbEntity
8
0
100
AcDbLine
10
348.201
20
111.328
30
0
11
348.181
21
111.231
31
0
0
LINE
5
552
330
C
100
AcDbEntity
8
0
100
AcDbLine
10
348.181
20
111.231
30
0
11
348.169
21
111.127
31
0
0
LINE
5
553
330
C
100
AcDbEntity
8
0
100
AcDbLine
10
348.169
20
111.127
30
0
11
348.165
21
111.016
31
0
0
LINE
5
554
330
C
100
AcDbEntity
8
0
100
AcDbLine
10
348.165
20
111.016
30
0
11
348.165
21
111.016
31
0
0
LINE
5
555
330
C
100
AcDbEntity
8
0
100
AcDbLine
10
348.165
20
111.016
30
0
11
348.168
21
110.933
31
0
0
LINE
5
556
330
C
100
AcDbEntity
8
0
100
AcDbLine
10
348.168
20
110.933
30
0
11
348.177
21
110.853
31
0
0
LINE
5
557
330
C
100
AcDbEntity
8
0
100
AcDbLine
10
348.177
20
110.853
30
0
11
348.192
21
110.775
31
0
0
LINE
5
558
330
C
100
AcDbEntity
8
0
100
AcDbLine
10
348.192
20
110.775
30
0
11
348.213
21
110.699
31
0
0
LINE
5
559
330
C
100
AcDbEntity
8
0
100
AcDbLine
10
348.213
20
110.699
30
0
11
348.241
21
110.626
31
0
0
LINE
5
55A
330
C
100
AcDbEntity
8
0
100
AcDbLine
10
348.241
20
110.626
30
0
11
348.274
21
110.555
31
0
0
LINE
5
55B
330
C
100
AcDbEntity
8
0
100
AcDbLine
10
348.274
20
110.555
30
0
11
348.313
21
110.487
31
0
0
LINE
5
55C
330
C
100
AcDbEntity
8
0
100
AcDbLine
10
348.313
20
110.487
30
0
11
348.359
21
110.421
31
0
0
LINE
5
55D
330
C
100
AcDbEntity
8
0
100
AcDbLine
10
348.359
20
110.421
30
0
11
348.41
21
110.357
31
0
0
LINE
5
55E
330
C
100
AcDbEntity
8
0
100
AcDbLine
10
348.41
20
110.357
30
0
11
348.468
21
110.296
31
0
0
LINE
5
55F
330
C
100
AcDbEntity
8
0
100
AcDbLine
10
348.468
20
110.296
30
0
11
348.532
21
110.239
31
0
0
LINE
5
560
330
C
100
AcDbEntity
8
0
100
AcDbLine
10
348.532
20
110.239
30
0
11
348.604
21
110.188
31
0
0
LINE
5
561
330
C
100
AcDbEntity
8
0
100
AcDbLine
10
348.604
20
110.188
30
0
11
348.682
21
110.143
31
0
0
LINE
5
562
330
C
100
AcDbEntity
8
0
100
AcDbLine
10
348.682
20
110.143
30
0
11
348.768
21
110.104
31
0
0
LINE
5
563
330
C
100
AcDbEntity
8
0
100
AcDbLine
10
348.768
20
110.104
30
0
11
348.862
21
110.071
31
0
0
LINE
5
564
330
C
100
AcDbEntity
8
0
100
AcDbLine
10
348.862
20
110.071
30
0
11
348.962
21
110.044
31
0
0
LINE
5
565
330
C
100
AcDbEntity
8
0
100
AcDbLine
10
348.962
20
110.044
30
0
11
349.07
21
110.023
31
0
0
LINE
5
566
330
C
100
AcDbEntity
8
0
100
AcDbLine
10
349.07
20
110.023
30
0
11
349.185
21
110.008
31
0
0
LINE
5
567
330
C
100
AcDbEntity
8
0
100
AcDbLine
10
349.185
20
110.008
30
0
11
349.307
21
109.999
31
0
0
LINE
5
568
330
C
100
AcDbEntity
8
0
100
AcDbLine
10
349.307
20
109.999
30
0
11
349.437
21
109.996
31
0
0
LINE
5
569
330
C
100
AcDbEntity
8
0
100
AcDbLine
10
349.437
20
109.996
30
0
11
349.437
21
109.996
31
0
0
LINE
5
56A
330
C
100
AcDbEntity
8
0
100
AcDbLine
10
349.437
20
109.996
30
0
11
349.53
21
109.998
31
0
0
LINE
5
56B
330
C
100
AcDbEntity
8
0
100
AcDbLine
10
349.53
20
109.998
30
0
11
349.62
21
110.005
31
0
0
LINE
5
56C
330
C
100
AcDbEntity
8
0
100
AcDbLine
10
349.62
20
110.005
30
0
11
349.709
21
110.016
31
0
0
LINE
5
56D
330
C
100
AcDbEntity
8
0
100
AcDbLine
10
349.709
20
110.016
30
0
11
349.797
21
110.031
31
0
0
LINE
5
56E
330
C
100
AcDbEntity
8
0
100
AcDbLine
10
349.797
20
110.031
30
0
11
349.882
21
110.051
31
0
0
LINE
5
56F
330
C
100
AcDbEntity
8
0
100
AcDbLine
10
349.882
20
110.051
30
0
11
349.965
21
110.075
31
0
0
LINE
5
570
330
C
100
AcDbEntity
8
0
100
AcDbLine
10
349.965
20
110.075
30
0
11
350.047
21
110.103
31
0
0
LINE
5
571
330
C
100
AcDbEntity
8
0
100
AcDbLine
10
350.047
20
110.103
30
0
11
350.126
21
110.136
31
0
0
LINE
5
572
330
C
100
AcDbEntity
8
0
100
AcDbLine
10
350.126
20
110.136
30
0
11
350.204
21
110.173
31
0
0
LINE
5
573
330
C
100
AcDbEntity
8
0
100
AcDbLine
10
350.204
20
110.173
30
0
11
350.28
21
110.215
31
0
0
LINE
5
574
330
C
100
AcDbEntity
8
0
100
AcDbLine
10
350.28
20
110.215
30
0
11
350.353
21
110.26
31
0
0
LINE
5
575
330
C
100
AcDbEntity
8
0
100
AcDbLine
10
350.353
20
110.26
30
0
11
350.424
21
110.307
31
0
0
LINE
5
576
330
C
100
AcDbEntity
8
0
100
AcDbLine
10
350.424
20
110.307
30
0
11
350.491
21
110.356
31
0
0
LINE
5
577
330
C
100
AcDbEntity
8
0
100
AcDbLine
10
350.491
20
110.356
30
0
11
350.555
21
110.408
31
0
0
LINE
5
578
330
C
100
AcDbEntity
8
0
100
AcDbLine
10
350.555
20
110.408
30
0
11
350.616
21
110.462
31
0
0
LINE
5
579
330
C
100
AcDbEntity
8
0
100
AcDbLine
10
350.616
20
110.462
30
0
11
350.674
21
110.518
31
0
0
LINE
5
57A
330
C
100
AcDbEntity
8
0
100
AcDbLine
10
350.674
20
110.518
30
0
11
350.729
21
110.576
31
0
0
LINE
5
57B
330
C
100
AcDbEntity
8
0
100
AcDbLine
10
350.729
20
110.576
30
0
11
350.78
21
110.636
31
0
0
LINE
5
57C
330
C
100
AcDbEntity
8
0
100
AcDbLine
10
350.78
20
110.636
30
0
11
350.829
21
110.699
31
0
0
LINE
5
57D
330
C
100
AcDbEntity
8
0
100
AcDbLine
10
350.829
20
110.699
30
0
11
350.874
21
110.764
31
0
0
LINE
5
57E
330
C
100
AcDbEntity
8
0
100
AcDbLine
10
350.874
20
110.764
30
0
11
350.916
21
110.83
31
0
0
LINE
5
57F
330
C
100
AcDbEntity
8
0
100
AcDbLine
10
350.916
20
110.83
30
0
11
350.953
21
110.896
31
0
0
LINE
5
580
330
C
100
AcDbEntity
8
0
100
AcDbLine
10
350.953
20
110.896
30
0
11
350.986
21
110.962
31
0
0
LINE
5
581
330
C
100
AcDbEntity
8
0
100
AcDbLine
10
350.986
20
110.962
30
0
11
351.014
21
111.028
31
0
0
LINE
5
582
330
C
100
AcDbEntity
8
0
100
AcDbLine
10
351.014
20
111.028
30
0
11
351.038
21
111.094
31
0
0
LINE
5
583
330
C
100
AcDbEntity
8
0
100
AcDbLine
10
351.038
20
111.094
30
0
11
351.058
21
111.16
31
0
0
LINE
5
584
330
C
100
AcDbEntity
8
0
100
AcDbLine
10
351.058
20
111.16
30
0
11
351.073
21
111.226
31
0
0
LINE
5
585
330
C
100
AcDbEntity
8
0
100
AcDbLine
10
351.073
20
111.226
30
0
11
351.084
21
111.292
31
0
0
LINE
5
586
330
C
100
AcDbEntity
8
0
100
AcDbLine
10
351.084
20
111.292
30
0
11
351.091
21
111.358
31
0
0
LINE
5
587
330
C
100
AcDbEntity
8
0
100
AcDbLine
10
351.091
20
111.358
30
0
11
351.093
21
111.424
31
0
0
LINE
5
588
330
C
100
AcDbEntity
8
0
100
AcDbLine
10
351.093
20
111.424
30
0
11
351.093
21
111.424
31
0
0
LINE
5
589
330
C
100
AcDbEntity
8
0
100
AcDbLine
10
351.093
20
111.424
30
0
11
351.321
21
111.424
31
0
0
LINE
5
58A
330
C
100
AcDbEntity
8
0
100
AcDbLine
10
351.321
20
111.424
30
0
11
351.319
21
111.31
31
0
0
LINE
5
58B
330
C
100
AcDbEntity
8
0
100
AcDbLine
10
351.319
20
111.31
30
0
11
351.311
21
111.197
31
0
0
LINE
5
58C
330
C
100
AcDbEntity
8
0
100
AcDbLine
10
351.311
20
111.197
30
0
11
351.299
21
111.086
31
0
0
LINE
5
58D
330
C
100
AcDbEntity
8
0
100
AcDbLine
10
351.299
20
111.086
30
0
11
351.281
21
110.977
31
0
0
LINE
5
58E
330
C
100
AcDbEntity
8
0
100
AcDbLine
10
351.281
20
110.977
30
0
11
351.259
21
110.869
31
0
0
LINE
5
58F
330
C
100
AcDbEntity
8
0
100
AcDbLine
10
351.259
20
110.869
30
0
11
351.231
21
110.763
31
0
0
LINE
5
590
330
C
100
AcDbEntity
8
0
100
AcDbLine
10
351.231
20
110.763
30
0
11
351.199
21
110.659
31
0
0
LINE
5
591
330
C
100
AcDbEntity
8
0
100
AcDbLine
10
351.199
20
110.659
30
0
11
351.162
21
110.556
31
0
0
LINE
5
592
330
C
100
AcDbEntity
8
0
100
AcDbLine
10
351.162
20
110.556
30
0
11
351.119
21
110.455
31
0
0
LINE
5
593
330
C
100
AcDbEntity
8
0
100
AcDbLine
10
351.119
20
110.455
30
0
11
351.072
21
110.356
31
0
0
LINE
5
594
330
C
100
AcDbEntity
8
0
100
AcDbLine
10
351.072
20
110.356
30
0
11
351.02
21
110.26
31
0
0
LINE
5
595
330
C
100
AcDbEntity
8
0
100
AcDbLine
10
351.02
20
110.26
30
0
11
350.964
21
110.167
31
0
0
LINE
5
596
330
C
100
AcDbEntity
8
0
100
AcDbLine
10
350.964
20
110.167
30
0
11
350.903
21
110.078
31
0
0
LINE
5
597
330
C
100
AcDbEntity
8
0
100
AcDbLine
10
350.903
20
110.078
30
0
11
350.839
21
109.993
31
0
0
LINE
5
598
330
C
100
AcDbEntity
8
0
100
AcDbLine
10
350.839
20
109.993
30
0
11
350.77
21
109.912
31
0
0
LINE
5
599
330
C
100
AcDbEntity
8
0
100
AcDbLine
10
350.77
20
109.912
30
0
11
350.697
21
109.835
31
0
0
LINE
5
59A
330
C
100
AcDbEntity
8
0
100
AcDbLine
10
350.697
20
109.835
30
0
11
350.619
21
109.761
31
0
0
LINE
5
59B
330
C
100
AcDbEntity
8
0
100
AcDbLine
10
350.619
20
109.761
30
0
11
350.537
21
109.692
31
0
0
LINE
5
59C
330
C
100
AcDbEntity
8
0
100
AcDbLine
10
350.537
20
109.692
30
0
11
350.451
21
109.626
31
0
0
LINE
5
59D
330
C
100
AcDbEntity
8
0
100
AcDbLine
10
350.451
20
109.626
30
0
11
350.361
21
109.564
31
0
0
LINE
5
59E
330
C
100
AcDbEntity
8
0
100
AcDbLine
10
350.361
20
109.564
30
0
11
350.267
21
109.507
31
0
0
LINE
5
59F
330
C
100
AcDbEntity
8
0
100
AcDbLine
10
350.267
20
109.507
30
0
11
350.169
21
109.456
31
0
0
LINE
5
5A0
330
C
100
AcDbEntity
8
0
100
AcDbLine
10
350.169
20
109.456
30
0
11
350.068
21
109.411
31
0
0
LINE
5
5A1
330
C
100
AcDbEntity
8
0
100
AcDbLine
10
350.068
20
109.411
30
0
11
349.963
21
109.372
31
0
0
LINE
5
5A2
330
C
100
AcDbEntity
8
0
100
AcDbLine
10
349.963
20
109.372
30
0
11
349.854
21
109.339
31
0
0
LINE
5
5A3
330
C
100
AcDbEntity
8
0
100
AcDbLine
10
349.854
20
109.339
30
0
11
349.742
21
109.312
31
0
0
LINE
5
5A4
330
C
100
AcDbEntity
8
0
100
AcDbLine
10
349.742
20
109.312
30
0
11
349.626
21
109.291
31
0
0
LINE
5
5A5
330
C
100
AcDbEntity
8
0
100
AcDbLine
10
349.626
20
109.291
30
0
11
349.507
21
109.276
31
0
0
LINE
5
5A6
330
C
100
AcDbEntity
8
0
100
AcDbLine
10
349.507
20
109.276
30
0
11
349.384
21
109.267
31
0
0
LINE
5
5A7
330
C
100
AcDbEntity
8
0
100
AcDbLine
10
349.384
20
109.267
30
0
11
349.257
21
109.264
31
0
0
LINE
5
5A8
330
C
100
AcDbEntity
8
0
100
AcDbLine
10
349.257
20
109.264
30
0
11
349.257
21
109.264
31
0
0
LINE
5
5A9
330
C
100
AcDbEntity
8
0
100
AcDbLine
10
356.283
20
109.264
30
0
11
356.283
21
109.264
31
0
0
LINE
5
5AA
330
C
100
AcDbEntity
8
0
100
AcDbLine
10
356.283
20
109.264
30
0
11
356.146
21
109.268
31
0
0
LINE
5
5AB
330
C
100
AcDbEntity
8
0
100
AcDbLine
10
356.146
20
109.268
30
0
11
356.011
21
109.279
31
0
0
LINE
5
5AC
330
C
100
AcDbEntity
8
0
100
AcDbLine
10
356.011
20
109.279
30
0
11
355.877
21
109.297
31
0
0
LINE
5
5AD
330
C
100
AcDbEntity
8
0
100
AcDbLine
10
355.877
20
109.297
30
0
11
355.746
21
109.324
31
0
0
LINE
5
5AE
330
C
100
AcDbEntity
8
0
100
AcDbLine
10
355.746
20
109.324
30
0
11
355.616
21
109.357
31
0
0
LINE
5
5AF
330
C
100
AcDbEntity
8
0
100
AcDbLine
10
355.616
20
109.357
30
0
11
355.488
21
109.398
31
0
0
LINE
5
5B0
330
C
100
AcDbEntity
8
0
100
AcDbLine
10
355.488
20
109.398
30
0
11
355.363
21
109.446
31
0
0
LINE
5
5B1
330
C
100
AcDbEntity
8
0
100
AcDbLine
10
355.363
20
109.446
30
0
11
355.239
21
109.502
31
0
0
LINE
5
5B2
330
C
100
AcDbEntity
8
0
100
AcDbLine
10
355.239
20
109.502
30
0
11
355.116
21
109.565
31
0
0
LINE
5
5B3
330
C
100
AcDbEntity
8
0
100
AcDbLine
10
355.116
20
109.565
30
0
11
354.996
21
109.636
31
0
0
LINE
5
5B4
330
C
100
AcDbEntity
8
0
100
AcDbLine
10
354.996
20
109.636
30
0
11
354.879
21
109.713
31
0
0
LINE
5
5B5
330
C
100
AcDbEntity
8
0
100
AcDbLine
10
354.879
20
109.713
30
0
11
354.766
21
109.797
31
0
0
LINE
5
5B6
330
C
100
AcDbEntity
8
0
100
AcDbLine
10
354.766
20
109.797
30
0
11
354.659
21
109.887
31
0
0
LINE
5
5B7
330
C
100
AcDbEntity
8
0
100
AcDbLine
10
354.659
20
109.887
30
0
11
354.555
21
109.983
31
0
0
LINE
5
5B8
330
C
100
AcDbEntity
8
0
100
AcDbLine
10
354.555
20
109.983
30
0
11
354.457
21
110.085
31
0
0
LINE
5
5B9
330
C
100
AcDbEntity
8
0
100
AcDbLine
10
354.457
20
110.085
30
0
11
354.363
21
110.193
31
0
0
LINE
5
5BA
330
C
100
AcDbEntity
8
0
100
AcDbLine
10
354.363
20
110.193
30
0
11
354.273
21
110.307
31
0
0
LINE
5
5BB
330
C
100
AcDbEntity
8
0
100
AcDbLine
10
354.273
20
110.307
30
0
11
354.189
21
110.427
31
0
0
LINE
5
5BC
330
C
100
AcDbEntity
8
0
100
AcDbLine
10
354.189
20
110.427
30
0
11
354.109
21
110.553
31
0
0
LINE
5
5BD
330
C
100
AcDbEntity
8
0
100
AcDbLine
10
354.109
20
110.553
30
0
11
354.033
21
110.686
31
0
0
LINE
5
5BE
330
C
100
AcDbEntity
8
0
100
AcDbLine
10
354.033
20
110.686
30
0
11
353.963
21
110.824
31
0
0
LINE
5
5BF
330
C
100
AcDbEntity
8
0
100
AcDbLine
10
353.963
20
110.824
30
0
11
353.901
21
110.967
31
0
0
LINE
5
5C0
330
C
100
AcDbEntity
8
0
100
AcDbLine
10
353.901
20
110.967
30
0
11
353.846
21
111.115
31
0
0
LINE
5
5C1
330
C
100
AcDbEntity
8
0
100
AcDbLine
10
353.846
20
111.115
30
0
11
353.799
21
111.268
31
0
0
LINE
5
5C2
330
C
100
AcDbEntity
8
0
100
AcDbLine
10
353.799
20
111.268
30
0
11
353.759
21
111.425
31
0
0
LINE
5
5C3
330
C
100
AcDbEntity
8
0
100
AcDbLine
10
353.759
20
111.425
30
0
11
353.726
21
111.588
31
0
0
LINE
5
5C4
330
C
100
AcDbEntity
8
0
100
AcDbLine
10
353.726
20
111.588
30
0
11
353.7
21
111.756
31
0
0
LINE
5
5C5
330
C
100
AcDbEntity
8
0
100
AcDbLine
10
353.7
20
111.756
30
0
11
353.682
21
111.928
31
0
0
LINE
5
5C6
330
C
100
AcDbEntity
8
0
100
AcDbLine
10
353.682
20
111.928
30
0
11
353.671
21
112.106
31
0
0
LINE
5
5C7
330
C
100
AcDbEntity
8
0
100
AcDbLine
10
353.671
20
112.106
30
0
11
353.667
21
112.288
31
0
0
LINE
5
5C8
330
C
100
AcDbEntity
8
0
100
AcDbLine
10
353.667
20
112.288
30
0
11
353.667
21
112.288
31
0
0
LINE
5
5C9
330
C
100
AcDbEntity
8
0
100
AcDbLine
10
353.667
20
112.288
30
0
11
353.671
21
112.475
31
0
0
LINE
5
5CA
330
C
100
AcDbEntity
8
0
100
AcDbLine
10
353.671
20
112.475
30
0
11
353.682
21
112.656
31
0
0
LINE
5
5CB
330
C
100
AcDbEntity
8
0
100
AcDbLine
10
353.682
20
112.656
30
0
11
353.7
21
112.832
31
0
0
LINE
5
5CC
330
C
100
AcDbEntity
8
0
100
AcDbLine
10
353.7
20
112.832
30
0
11
353.726
21
113.002
31
0
0
LINE
5
5CD
330
C
100
AcDbEntity
8
0
100
AcDbLine
10
353.726
20
113.002
30
0
11
353.759
21
113.167
31
0
0
LINE
5
5CE
330
C
100
AcDbEntity
8
0
100
AcDbLine
10
353.759
20
113.167
30
0
11
353.799
21
113.326
31
0
0
LINE
5
5CF
330
C
100
AcDbEntity
8
0
100
AcDbLine
10
353.799
20
113.326
30
0
11
353.846
21
113.48
31
0
0
LINE
5
5D0
330
C
100
AcDbEntity
8
0
100
AcDbLine
10
353.846
20
113.48
30
0
11
353.901
21
113.628
31
0
0
LINE
5
5D1
330
C
100
AcDbEntity
8
0
100
AcDbLine
10
353.901
20
113.628
30
0
11
353.963
21
113.771
31
0
0
LINE
5
5D2
330
C
100
AcDbEntity
8
0
100
AcDbLine
10
353.963
20
113.771
30
0
11
354.033
21
113.908
31
0
0
LINE
5
5D3
330
C
100
AcDbEntity
8
0
100
AcDbLine
10
354.033
20
113.908
30
0
11
354.109
21
114.039
31
0
0
LINE
5
5D4
330
C
100
AcDbEntity
8
0
100
AcDbLine
10
354.109
20
114.039
30
0
11
354.189
21
114.164
31
0
0
LINE
5
5D5
330
C
100
AcDbEntity
8
0
100
AcDbLine
10
354.189
20
114.164
30
0
11
354.273
21
114.283
31
0
0
LINE
5
5D6
330
C
100
AcDbEntity
8
0
100
AcDbLine
10
354.273
20
114.283
30
0
11
354.363
21
114.395
31
0
0
LINE
5
5D7
330
C
100
AcDbEntity
8
0
100
AcDbLine
10
354.363
20
114.395
30
0
11
354.457
21
114.501
31
0
0
LINE
5
5D8
330
C
100
AcDbEntity
8
0
100
AcDbLine
10
354.457
20
114.501
30
0
11
354.555
21
114.6
31
0
0
LINE
5
5D9
330
C
100
AcDbEntity
8
0
100
AcDbLine
10
354.555
20
114.6
30
0
11
354.659
21
114.693
31
0
0
LINE
5
5DA
330
C
100
AcDbEntity
8
0
100
AcDbLine
10
354.659
20
114.693
30
0
11
354.766
21
114.78
31
0
0
LINE
5
5DB
330
C
100
AcDbEntity
8
0
100
AcDbLine
10
354.766
20
114.78
30
0
11
354.879
21
114.86
31
0
0
LINE
5
5DC
330
C
100
AcDbEntity
8
0
100
AcDbLine
10
354.879
20
114.86
30
0
11
354.996
21
114.934
31
0
0
LINE
5
5DD
330
C
100
AcDbEntity
8
0
100
AcDbLine
10
354.996
20
114.934
30
0
11
355.116
21
115.001
31
0
0
LINE
5
5DE
330
C
100
AcDbEntity
8
0
100
AcDbLine
10
355.116
20
115.001
30
0
11
355.239
21
115.061
31
0
0
LINE
5
5DF
330
C
100
AcDbEntity
8
0
100
AcDbLine
10
355.239
20
115.061
30
0
11
355.363
21
115.115
31
0
0
LINE
5
5E0
330
C
100
AcDbEntity
8
0
100
AcDbLine
10
355.363
20
115.115
30
0
11
355.488
21
115.161
31
0
0
LINE
5
5E1
330
C
100
AcDbEntity
8
0
100
AcDbLine
10
355.488
20
115.161
30
0
11
355.616
21
115.2
31
0
0
LINE
5
5E2
330
C
100
AcDbEntity
8
0
100
AcDbLine
10
355.616
20
115.2
30
0
11
355.746
21
115.231
31
0
0
LINE
5
5E3
330
C
100
AcDbEntity
8
0
100
AcDbLine
10
355.746
20
115.231
30
0
11
355.877
21
115.256
31
0
0
LINE
5
5E4
330
C
100
AcDbEntity
8
0
100
AcDbLine
10
355.877
20
115.256
30
0
11
356.011
21
115.274
31
0
0
LINE
5
5E5
330
C
100
AcDbEntity
8
0
100
AcDbLine
10
356.011
20
115.274
30
0
11
356.146
21
115.284
31
0
0
LINE
5
5E6
330
C
100
AcDbEntity
8
0
100
AcDbLine
10
356.146
20
115.284
30
0
11
356.283
21
115.288
31
0
0
LINE
5
5E7
330
C
100
AcDbEntity
8
0
100
AcDbLine
10
356.283
20
115.288
30
0
11
356.283
21
115.288
31
0
0
LINE
5
5E8
330
C
100
AcDbEntity
8
0
100
AcDbLine
10
356.283
20
115.288
30
0
11
356.379
21
115.287
31
0
0
LINE
5
5E9
330
C
100
AcDbEntity
8
0
100
AcDbLine
10
356.379
20
115.287
30
0
11
356.473
21
115.282
31
0
0
LINE
5
5EA
330
C
100
AcDbEntity
8
0
100
AcDbLine
10
356.473
20
115.282
30
0
11
356.566
21
115.275
31
0
0
LINE
5
5EB
330
C
100
AcDbEntity
8
0
100
AcDbLine
10
356.566
20
115.275
30
0
11
356.656
21
115.264
31
0
0
LINE
5
5EC
330
C
100
AcDbEntity
8
0
100
AcDbLine
10
356.656
20
115.264
30
0
11
356.744
21
115.251
31
0
0
LINE
5
5ED
330
C
100
AcDbEntity
8
0
100
AcDbLine
10
356.744
20
115.251
30
0
11
356.831
21
115.235
31
0
0
LINE
5
5EE
330
C
100
AcDbEntity
8
0
100
AcDbLine
10
356.831
20
115.235
30
0
11
356.915
21
115.216
31
0
0
LINE
5
5EF
330
C
100
AcDbEntity
8
0
100
AcDbLine
10
356.915
20
115.216
30
0
11
356.997
21
115.194
31
0
0
LINE
5
5F0
330
C
100
AcDbEntity
8
0
100
AcDbLine
10
356.997
20
115.194
30
0
11
357.078
21
115.169
31
0
0
LINE
5
5F1
330
C
100
AcDbEntity
8
0
100
AcDbLine
10
357.078
20
115.169
30
0
11
357.156
21
115.141
31
0
0
LINE
5
5F2
330
C
100
AcDbEntity
8
0
100
AcDbLine
10
357.156
20
115.141
30
0
11
357.232
21
115.11
31
0
0
LINE
5
5F3
330
C
100
AcDbEntity
8
0
100
AcDbLine
10
357.232
20
115.11
30
0
11
357.307
21
115.078
31
0
0
LINE
5
5F4
330
C
100
AcDbEntity
8
0
100
AcDbLine
10
357.307
20
115.078
30
0
11
357.379
21
115.043
31
0
0
LINE
5
5F5
330
C
100
AcDbEntity
8
0
100
AcDbLine
10
357.379
20
115.043
30
0
11
357.45
21
115.006
31
0
0
LINE
5
5F6
330
C
100
AcDbEntity
8
0
100
AcDbLine
10
357.45
20
115.006
30
0
11
357.518
21
114.966
31
0
0
LINE
5
5F7
330
C
100
AcDbEntity
8
0
100
AcDbLine
10
357.518
20
114.966
30
0
11
357.585
21
114.925
31
0
0
LINE
5
5F8
330
C
100
AcDbEntity
8
0
100
AcDbLine
10
357.585
20
114.925
30
0
11
357.649
21
114.881
31
0
0
LINE
5
5F9
330
C
100
AcDbEntity
8
0
100
AcDbLine
10
357.649
20
114.881
30
0
11
357.712
21
114.835
31
0
0
LINE
5
5FA
330
C
100
AcDbEntity
8
0
100
AcDbLine
10
357.712
20
114.835
30
0
11
357.772
21
114.786
31
0
0
LINE
5
5FB
330
C
100
AcDbEntity
8
0
100
AcDbLine
10
357.772
20
114.786
30
0
11
357.831
21
114.736
31
0
0
LINE
5
5FC
330
C
100
AcDbEntity
8
0
100
AcDbLine
10
357.831
20
114.736
30
0
11
357.888
21
114.684
31
0
0
LINE
5
5FD
330
C
100
AcDbEntity
8
0
100
AcDbLine
10
357.888
20
114.684
30
0
11
357.942
21
114.63
31
0
0
LINE
5
5FE
330
C
100
AcDbEntity
8
0
100
AcDbLine
10
357.942
20
114.63
30
0
11
357.995
21
114.575
31
0
0
LINE
5
5FF
330
C
100
AcDbEntity
8
0
100
AcDbLine
10
357.995
20
114.575
30
0
11
358.046
21
114.519
31
0
0
LINE
5
600
330
C
100
AcDbEntity
8
0
100
AcDbLine
10
358.046
20
114.519
30
0
11
358.094
21
114.461
31
0
0
LINE
5
601
330
C
100
AcDbEntity
8
0
100
AcDbLine
10
358.094
20
114.461
30
0
11
358.141
21
114.402
31
0
0
LINE
5
602
330
C
100
AcDbEntity
8
0
100
AcDbLine
10
358.141
20
114.402
30
0
11
358.186
21
114.341
31
0
0
LINE
5
603
330
C
100
AcDbEntity
8
0
100
AcDbLine
10
358.186
20
114.341
30
0
11
358.228
21
114.279
31
0
0
LINE
5
604
330
C
100
AcDbEntity
8
0
100
AcDbLine
10
358.228
20
114.279
30
0
11
358.269
21
114.216
31
0
0
LINE
5
605
330
C
100
AcDbEntity
8
0
100
AcDbLine
10
358.269
20
114.216
30
0
11
358.308
21
114.151
31
0
0
LINE
5
606
330
C
100
AcDbEntity
8
0
100
AcDbLine
10
358.308
20
114.151
30
0
11
358.345
21
114.085
31
0
0
LINE
5
607
330
C
100
AcDbEntity
8
0
100
AcDbLine
10
358.345
20
114.085
30
0
11
358.38
21
114.019
31
0
0
LINE
5
608
330
C
100
AcDbEntity
8
0
100
AcDbLine
10
358.38
20
114.019
30
0
11
358.412
21
113.952
31
0
0
LINE
5
609
330
C
100
AcDbEntity
8
0
100
AcDbLine
10
358.412
20
113.952
30
0
11
358.443
21
113.884
31
0
0
LINE
5
60A
330
C
100
AcDbEntity
8
0
100
AcDbLine
10
358.443
20
113.884
30
0
11
358.472
21
113.816
31
0
0
LINE
5
60B
330
C
100
AcDbEntity
8
0
100
AcDbLine
10
358.472
20
113.816
30
0
11
358.499
21
113.747
31
0
0
LINE
5
60C
330
C
100
AcDbEntity
8
0
100
AcDbLine
10
358.499
20
113.747
30
0
11
358.524
21
113.677
31
0
0
LINE
5
60D
330
C
100
AcDbEntity
8
0
100
AcDbLine
10
358.524
20
113.677
30
0
11
358.547
21
113.607
31
0
0
LINE
5
60E
330
C
100
AcDbEntity
8
0
100
AcDbLine
10
358.547
20
113.607
30
0
11
358.568
21
113.536
31
0
0
LINE
5
60F
330
C
100
AcDbEntity
8
0
100
AcDbLine
10
358.568
20
113.536
30
0
11
358.587
21
113.464
31
0
0
LINE
5
610
330
C
100
AcDbEntity
8
0
100
AcDbLine
10
358.587
20
113.464
30
0
11
358.587
21
113.464
31
0
0
LINE
5
611
330
C
100
AcDbEntity
8
0
100
AcDbLine
10
358.587
20
113.464
30
0
11
357.627
21
113.38
31
0
0
LINE
5
612
330
C
100
AcDbEntity
8
0
100
AcDbLine
10
357.627
20
113.38
30
0
11
357.595
21
113.478
31
0
0
LINE
5
613
330
C
100
AcDbEntity
8
0
100
AcDbLine
10
357.595
20
113.478
30
0
11
357.559
21
113.571
31
0
0
LINE
5
614
330
C
100
AcDbEntity
8
0
100
AcDbLine
10
357.559
20
113.571
30
0
11
357.519
21
113.66
31
0
0
LINE
5
615
330
C
100
AcDbEntity
8
0
100
AcDbLine
10
357.519
20
113.66
30
0
11
357.475
21
113.745
31
0
0
LINE
5
616
330
C
100
AcDbEntity
8
0
100
AcDbLine
10
357.475
20
113.745
30
0
11
357.427
21
113.826
31
0
0
LINE
5
617
330
C
100
AcDbEntity
8
0
100
AcDbLine
10
357.427
20
113.826
30
0
11
357.375
21
113.903
31
0
0
LINE
5
618
330
C
100
AcDbEntity
8
0
100
AcDbLine
10
357.375
20
113.903
30
0
11
357.319
21
113.976
31
0
0
LINE
5
619
330
C
100
AcDbEntity
8
0
100
AcDbLine
10
357.319
20
113.976
30
0
11
357.258
21
114.044
31
0
0
LINE
5
61A
330
C
100
AcDbEntity
8
0
100
AcDbLine
10
357.258
20
114.044
30
0
11
357.194
21
114.109
31
0
0
LINE
5
61B
330
C
100
AcDbEntity
8
0
100
AcDbLine
10
357.194
20
114.109
30
0
11
357.126
21
114.169
31
0
0
LINE
5
61C
330
C
100
AcDbEntity
8
0
100
AcDbLine
10
357.126
20
114.169
30
0
11
357.054
21
114.224
31
0
0
LINE
5
61D
330
C
100
AcDbEntity
8
0
100
AcDbLine
10
357.054
20
114.224
30
0
11
356.979
21
114.274
31
0
0
LINE
5
61E
330
C
100
AcDbEntity
8
0
100
AcDbLine
10
356.979
20
114.274
30
0
11
356.902
21
114.317
31
0
0
LINE
5
61F
330
C
100
AcDbEntity
8
0
100
AcDbLine
10
356.902
20
114.317
30
0
11
356.821
21
114.355
31
0
0
LINE
5
620
330
C
100
AcDbEntity
8
0
100
AcDbLine
10
356.821
20
114.355
30
0
11
356.737
21
114.387
31
0
0
LINE
5
621
330
C
100
AcDbEntity
8
0
100
AcDbLine
10
356.737
20
114.387
30
0
11
356.65
21
114.413
31
0
0
LINE
5
622
330
C
100
AcDbEntity
8
0
100
AcDbLine
10
356.65
20
114.413
30
0
11
356.56
21
114.434
31
0
0
LINE
5
623
330
C
100
AcDbEntity
8
0
100
AcDbLine
10
356.56
20
114.434
30
0
11
356.466
21
114.448
31
0
0
LINE
5
624
330
C
100
AcDbEntity
8
0
100
AcDbLine
10
356.466
20
114.448
30
0
11
356.37
21
114.457
31
0
0
LINE
5
625
330
C
100
AcDbEntity
8
0
100
AcDbLine
10
356.37
20
114.457
30
0
11
356.271
21
114.46
31
0
0
LINE
5
626
330
C
100
AcDbEntity
8
0
100
AcDbLine
10
356.271
20
114.46
30
0
11
356.271
21
114.46
31
0
0
LINE
5
627
330
C
100
AcDbEntity
8
0
100
AcDbLine
10
356.271
20
114.46
30
0
11
356.186
21
114.458
31
0
0
LINE
5
628
330
C
100
AcDbEntity
8
0
100
AcDbLine
10
356.186
20
114.458
30
0
11
356.103
21
114.45
31
0
0
LINE
5
629
330
C
100
AcDbEntity
8
0
100
AcDbLine
10
356.103
20
114.45
30
0
11
356.02
21
114.438
31
0
0
LINE
5
62A
330
C
100
AcDbEntity
8
0
100
AcDbLine
10
356.02
20
114.438
30
0
11
355.938
21
114.421
31
0
0
LINE
5
62B
330
C
100
AcDbEntity
8
0
100
AcDbLine
10
355.938
20
114.421
30
0
11
355.858
21
114.399
31
0
0
LINE
5
62C
330
C
100
AcDbEntity
8
0
100
AcDbLine
10
355.858
20
114.399
30
0
11
355.778
21
114.373
31
0
0
LINE
5
62D
330
C
100
AcDbEntity
8
0
100
AcDbLine
10
355.778
20
114.373
30
0
11
355.7
21
114.341
31
0
0
LINE
5
62E
330
C
100
AcDbEntity
8
0
100
AcDbLine
10
355.7
20
114.341
30
0
11
355.622
21
114.304
31
0
0
LINE
5
62F
330
C
100
AcDbEntity
8
0
100
AcDbLine
10
355.622
20
114.304
30
0
11
355.546
21
114.263
31
0
0
LINE
5
630
330
C
100
AcDbEntity
8
0
100
AcDbLine
10
355.546
20
114.263
30
0
11
355.47
21
114.217
31
0
0
LINE
5
631
330
C
100
AcDbEntity
8
0
100
AcDbLine
10
355.47
20
114.217
30
0
11
355.396
21
114.166
31
0
0
LINE
5
632
330
C
100
AcDbEntity
8
0
100
AcDbLine
10
355.396
20
114.166
30
0
11
355.326
21
114.11
31
0
0
LINE
5
633
330
C
100
AcDbEntity
8
0
100
AcDbLine
10
355.326
20
114.11
30
0
11
355.258
21
114.05
31
0
0
LINE
5
634
330
C
100
AcDbEntity
8
0
100
AcDbLine
10
355.258
20
114.05
30
0
11
355.193
21
113.984
31
0
0
LINE
5
635
330
C
100
AcDbEntity
8
0
100
AcDbLine
10
355.193
20
113.984
30
0
11
355.13
21
113.914
31
0
0
LINE
5
636
330
C
100
AcDbEntity
8
0
100
AcDbLine
10
355.13
20
113.914
30
0
11
355.071
21
113.839
31
0
0
LINE
5
637
330
C
100
AcDbEntity
8
0
100
AcDbLine
10
355.071
20
113.839
30
0
11
355.014
21
113.759
31
0
0
LINE
5
638
330
C
100
AcDbEntity
8
0
100
AcDbLine
10
355.014
20
113.759
30
0
11
354.96
21
113.675
31
0
0
LINE
5
639
330
C
100
AcDbEntity
8
0
100
AcDbLine
10
354.96
20
113.675
30
0
11
354.909
21
113.585
31
0
0
LINE
5
63A
330
C
100
AcDbEntity
8
0
100
AcDbLine
10
354.909
20
113.585
30
0
11
354.861
21
113.491
31
0
0
LINE
5
63B
330
C
100
AcDbEntity
8
0
100
AcDbLine
10
354.861
20
113.491
30
0
11
354.817
21
113.392
31
0
0
LINE
5
63C
330
C
100
AcDbEntity
8
0
100
AcDbLine
10
354.817
20
113.392
30
0
11
354.777
21
113.288
31
0
0
LINE
5
63D
330
C
100
AcDbEntity
8
0
100
AcDbLine
10
354.777
20
113.288
30
0
11
354.742
21
113.18
31
0
0
LINE
5
63E
330
C
100
AcDbEntity
8
0
100
AcDbLine
10
354.742
20
113.18
30
0
11
354.711
21
113.067
31
0
0
LINE
5
63F
330
C
100
AcDbEntity
8
0
100
AcDbLine
10
354.711
20
113.067
30
0
11
354.685
21
112.949
31
0
0
LINE
5
640
330
C
100
AcDbEntity
8
0
100
AcDbLine
10
354.685
20
112.949
30
0
11
354.664
21
112.826
31
0
0
LINE
5
641
330
C
100
AcDbEntity
8
0
100
AcDbLine
10
354.664
20
112.826
30
0
11
354.648
21
112.699
31
0
0
LINE
5
642
330
C
100
AcDbEntity
8
0
100
AcDbLine
10
354.648
20
112.699
30
0
11
354.636
21
112.567
31
0
0
LINE
5
643
330
C
100
AcDbEntity
8
0
100
AcDbLine
10
354.636
20
112.567
30
0
11
354.629
21
112.43
31
0
0
LINE
5
644
330
C
100
AcDbEntity
8
0
100
AcDbLine
10
354.629
20
112.43
30
0
11
354.627
21
112.288
31
0
0
LINE
5
645
330
C
100
AcDbEntity
8
0
100
AcDbLine
10
354.627
20
112.288
30
0
11
354.627
21
112.288
31
0
0
LINE
5
646
330
C
100
AcDbEntity
8
0
100
AcDbLine
10
354.627
20
112.288
30
0
11
354.629
21
112.157
31
0
0
LINE
5
647
330
C
100
AcDbEntity
8
0
100
AcDbLine
10
354.629
20
112.157
30
0
11
354.636
21
112.029
31
0
0
LINE
5
648
330
C
100
AcDbEntity
8
0
100
AcDbLine
10
354.636
20
112.029
30
0
11
354.646
21
111.904
31
0
0
LINE
5
649
330
C
100
AcDbEntity
8
0
100
AcDbLine
10
354.646
20
111.904
30
0
11
354.661
21
111.784
31
0
0
LINE
5
64A
330
C
100
AcDbEntity
8
0
100
AcDbLine
10
354.661
20
111.784
30
0
11
354.68
21
111.666
31
0
0
LINE
5
64B
330
C
100
AcDbEntity
8
0
100
AcDbLine
10
354.68
20
111.666
30
0
11
354.704
21
111.553
31
0
0
LINE
5
64C
330
C
100
AcDbEntity
8
0
100
AcDbLine
10
354.704
20
111.553
30
0
11
354.731
21
111.442
31
0
0
LINE
5
64D
330
C
100
AcDbEntity
8
0
100
AcDbLine
10
354.731
20
111.442
30
0
11
354.763
21
111.336
31
0
0
LINE
5
64E
330
C
100
AcDbEntity
8
0
100
AcDbLine
10
354.763
20
111.336
30
0
11
354.8
21
111.233
31
0
0
LINE
5
64F
330
C
100
AcDbEntity
8
0
100
AcDbLine
10
354.8
20
111.233
30
0
11
354.84
21
111.133
31
0
0
LINE
5
650
330
C
100
AcDbEntity
8
0
100
AcDbLine
10
354.84
20
111.133
30
0
11
354.884
21
111.037
31
0
0
LINE
5
651
330
C
100
AcDbEntity
8
0
100
AcDbLine
10
354.884
20
111.037
30
0
11
354.932
21
110.946
31
0
0
LINE
5
652
330
C
100
AcDbEntity
8
0
100
AcDbLine
10
354.932
20
110.946
30
0
11
354.982
21
110.859
31
0
0
LINE
5
653
330
C
100
AcDbEntity
8
0
100
AcDbLine
10
354.982
20
110.859
30
0
11
355.036
21
110.777
31
0
0
LINE
5
654
330
C
100
AcDbEntity
8
0
100
AcDbLine
10
355.036
20
110.777
30
0
11
355.093
21
110.699
31
0
0
LINE
5
655
330
C
100
AcDbEntity
8
0
100
AcDbLine
10
355.093
20
110.699
30
0
11
355.153
21
110.625
31
0
0
LINE
5
656
330
C
100
AcDbEntity
8
0
100
AcDbLine
10
355.153
20
110.625
30
0
11
355.216
21
110.556
31
0
0
LINE
5
657
330
C
100
AcDbEntity
8
0
100
AcDbLine
10
355.216
20
110.556
30
0
11
355.283
21
110.491
31
0
0
LINE
5
658
330
C
100
AcDbEntity
8
0
100
AcDbLine
10
355.283
20
110.491
30
0
11
355.352
21
110.43
31
0
0
LINE
5
659
330
C
100
AcDbEntity
8
0
100
AcDbLine
10
355.352
20
110.43
30
0
11
355.425
21
110.374
31
0
0
LINE
5
65A
330
C
100
AcDbEntity
8
0
100
AcDbLine
10
355.425
20
110.374
30
0
11
355.5
21
110.323
31
0
0
LINE
5
65B
330
C
100
AcDbEntity
8
0
100
AcDbLine
10
355.5
20
110.323
30
0
11
355.578
21
110.277
31
0
0
LINE
5
65C
330
C
100
AcDbEntity
8
0
100
AcDbLine
10
355.578
20
110.277
30
0
11
355.657
21
110.236
31
0
0
LINE
5
65D
330
C
100
AcDbEntity
8
0
100
AcDbLine
10
355.657
20
110.236
30
0
11
355.739
21
110.201
31
0
0
LINE
5
65E
330
C
100
AcDbEntity
8
0
100
AcDbLine
10
355.739
20
110.201
30
0
11
355.822
21
110.171
31
0
0
LINE
5
65F
330
C
100
AcDbEntity
8
0
100
AcDbLine
10
355.822
20
110.171
30
0
11
355.908
21
110.147
31
0
0
LINE
5
660
330
C
100
AcDbEntity
8
0
100
AcDbLine
10
355.908
20
110.147
30
0
11
355.996
21
110.128
31
0
0
LINE
5
661
330
C
100
AcDbEntity
8
0
100
AcDbLine
10
355.996
20
110.128
30
0
11
356.085
21
110.115
31
0
0
LINE
5
662
330
C
100
AcDbEntity
8
0
100
AcDbLine
10
356.085
20
110.115
30
0
11
356.177
21
110.107
31
0
0
LINE
5
663
330
C
100
AcDbEntity
8
0
100
AcDbLine
10
356.177
20
110.107
30
0
11
356.271
21
110.104
31
0
0
LINE
5
664
330
C
100
AcDbEntity
8
0
100
AcDbLine
10
356.271
20
110.104
30
0
11
356.271
21
110.104
31
0
0
LINE
5
665
330
C
100
AcDbEntity
8
0
100
AcDbLine
10
356.271
20
110.104
30
0
11
356.401
21
110.107
31
0
0
LINE
5
666
330
C
100
AcDbEntity
8
0
100
AcDbLine
10
356.401
20
110.107
30
0
11
356.525
21
110.117
31
0
0
LINE
5
667
330
C
100
AcDbEntity
8
0
100
AcDbLine
10
356.525
20
110.117
30
0
11
356.642
21
110.133
31
0
0
LINE
5
668
330
C
100
AcDbEntity
8
0
100
AcDbLine
10
356.642
20
110.133
30
0
11
356.752
21
110.156
31
0
0
LINE
5
669
330
C
100
AcDbEntity
8
0
100
AcDbLine
10
356.752
20
110.156
30
0
11
356.857
21
110.186
31
0
0
LINE
5
66A
330
C
100
AcDbEntity
8
0
100
AcDbLine
10
356.857
20
110.186
30
0
11
356.955
21
110.222
31
0
0
LINE
5
66B
330
C
100
AcDbEntity
8
0
100
AcDbLine
10
356.955
20
110.222
30
0
11
357.046
21
110.264
31
0
0
LINE
5
66C
330
C
100
AcDbEntity
8
0
100
AcDbLine
10
357.046
20
110.264
30
0
11
357.131
21
110.313
31
0
0
LINE
5
66D
330
C
100
AcDbEntity
8
0
100
AcDbLine
10
357.131
20
110.313
30
0
11
357.21
21
110.369
31
0
0
LINE
5
66E
330
C
100
AcDbEntity
8
0
100
AcDbLine
10
357.21
20
110.369
30
0
11
357.282
21
110.431
31
0
0
LINE
5
66F
330
C
100
AcDbEntity
8
0
100
AcDbLine
10
357.282
20
110.431
30
0
11
357.348
21
110.499
31
0
0
LINE
5
670
330
C
100
AcDbEntity
8
0
100
AcDbLine
10
357.348
20
110.499
30
0
11
357.406
21
110.572
31
0
0
LINE
5
671
330
C
100
AcDbEntity
8
0
100
AcDbLine
10
357.406
20
110.572
30
0
11
357.458
21
110.65
31
0
0
LINE
5
672
330
C
100
AcDbEntity
8
0
100
AcDbLine
10
357.458
20
110.65
30
0
11
357.503
21
110.733
31
0
0
LINE
5
673
330
C
100
AcDbEntity
8
0
100
AcDbLine
10
357.503
20
110.733
30
0
11
357.541
21
110.822
31
0
0
LINE
5
674
330
C
100
AcDbEntity
8
0
100
AcDbLine
10
357.541
20
110.822
30
0
11
357.572
21
110.915
31
0
0
LINE
5
675
330
C
100
AcDbEntity
8
0
100
AcDbLine
10
357.572
20
110.915
30
0
11
357.596
21
111.014
31
0
0
LINE
5
676
330
C
100
AcDbEntity
8
0
100
AcDbLine
10
357.596
20
111.014
30
0
11
357.613
21
111.117
31
0
0
LINE
5
677
330
C
100
AcDbEntity
8
0
100
AcDbLine
10
357.613
20
111.117
30
0
11
357.624
21
111.226
31
0
0
LINE
5
678
330
C
100
AcDbEntity
8
0
100
AcDbLine
10
357.624
20
111.226
30
0
11
357.627
21
111.34
31
0
0
LINE
5
679
330
C
100
AcDbEntity
8
0
100
AcDbLine
10
357.627
20
111.34
30
0
11
357.627
21
111.34
31
0
0
LINE
5
67A
330
C
100
AcDbEntity
8
0
100
AcDbLine
10
357.627
20
111.34
30
0
11
358.587
21
111.34
31
0
0
LINE
5
67B
330
C
100
AcDbEntity
8
0
100
AcDbLine
10
358.587
20
111.34
30
0
11
358.584
21
111.221
31
0
0
LINE
5
67C
330
C
100
AcDbEntity
8
0
100
AcDbLine
10
358.584
20
111.221
30
0
11
358.576
21
111.105
31
0
0
LINE
5
67D
330
C
100
AcDbEntity
8
0
100
AcDbLine
10
358.576
20
111.105
30
0
11
358.562
21
110.992
31
0
0
LINE
5
67E
330
C
100
AcDbEntity
8
0
100
AcDbLine
10
358.562
20
110.992
30
0
11
358.542
21
110.881
31
0
0
LINE
5
67F
330
C
100
AcDbEntity
8
0
100
AcDbLine
10
358.542
20
110.881
30
0
11
358.517
21
110.773
31
0
0
LINE
5
680
330
C
100
AcDbEntity
8
0
100
AcDbLine
10
358.517
20
110.773
30
0
11
358.485
21
110.668
31
0
0
LINE
5
681
330
C
100
AcDbEntity
8
0
100
AcDbLine
10
358.485
20
110.668
30
0
11
358.449
21
110.565
31
0
0
LINE
5
682
330
C
100
AcDbEntity
8
0
100
AcDbLine
10
358.449
20
110.565
30
0
11
358.407
21
110.464
31
0
0
LINE
5
683
330
C
100
AcDbEntity
8
0
100
AcDbLine
10
358.407
20
110.464
30
0
11
358.359
21
110.367
31
0
0
LINE
5
684
330
C
100
AcDbEntity
8
0
100
AcDbLine
10
358.359
20
110.367
30
0
11
358.305
21
110.272
31
0
0
LINE
5
685
330
C
100
AcDbEntity
8
0
100
AcDbLine
10
358.305
20
110.272
30
0
11
358.246
21
110.18
31
0
0
LINE
5
686
330
C
100
AcDbEntity
8
0
100
AcDbLine
10
358.246
20
110.18
30
0
11
358.183
21
110.093
31
0
0
LINE
5
687
330
C
100
AcDbEntity
8
0
100
AcDbLine
10
358.183
20
110.093
30
0
11
358.114
21
110.009
31
0
0
LINE
5
688
330
C
100
AcDbEntity
8
0
100
AcDbLine
10
358.114
20
110.009
30
0
11
358.041
21
109.929
31
0
0
LINE
5
689
330
C
100
AcDbEntity
8
0
100
AcDbLine
10
358.041
20
109.929
30
0
11
357.964
21
109.853
31
0
0
LINE
5
68A
330
C
100
AcDbEntity
8
0
100
AcDbLine
10
357.964
20
109.853
30
0
11
357.881
21
109.782
31
0
0
LINE
5
68B
330
C
100
AcDbEntity
8
0
100
AcDbLine
10
357.881
20
109.782
30
0
11
357.794
21
109.714
31
0
0
LINE
5
68C
330
C
100
AcDbEntity
8
0
100
AcDbLine
10
357.794
20
109.714
30
0
11
357.702
21
109.65
31
0
0
LINE
5
68D
330
C
100
AcDbEntity
8
0
100
AcDbLine
10
357.702
20
109.65
30
0
11
357.605
21
109.59
31
0
0
LINE
5
68E
330
C
100
AcDbEntity
8
0
100
AcDbLine
10
357.605
20
109.59
30
0
11
357.504
21
109.534
31
0
0
LINE
5
68F
330
C
100
AcDbEntity
8
0
100
AcDbLine
10
357.504
20
109.534
30
0
11
357.398
21
109.483
31
0
0
LINE
5
690
330
C
100
AcDbEntity
8
0
100
AcDbLine
10
357.398
20
109.483
30
0
11
357.289
21
109.437
31
0
0
LINE
5
691
330
C
100
AcDbEntity
8
0
100
AcDbLine
10
357.289
20
109.437
30
0
11
357.176
21
109.396
31
0
0
LINE
5
692
330
C
100
AcDbEntity
8
0
100
AcDbLine
10
357.176
20
109.396
30
0
11
357.06
21
109.361
31
0
0
LINE
5
693
330
C
100
AcDbEntity
8
0
100
AcDbLine
10
357.06
20
109.361
30
0
11
356.939
21
109.332
31
0
0
LINE
5
694
330
C
100
AcDbEntity
8
0
100
AcDbLine
10
356.939
20
109.332
30
0
11
356.815
21
109.307
31
0
0
LINE
5
695
330
C
100
AcDbEntity
8
0
100
AcDbLine
10
356.815
20
109.307
30
0
11
356.688
21
109.288
31
0
0
LINE
5
696
330
C
100
AcDbEntity
8
0
100
AcDbLine
10
356.688
20
109.288
30
0
11
356.556
21
109.275
31
0
0
LINE
5
697
330
C
100
AcDbEntity
8
0
100
AcDbLine
10
356.556
20
109.275
30
0
11
356.422
21
109.267
31
0
0
LINE
5
698
330
C
100
AcDbEntity
8
0
100
AcDbLine
10
356.422
20
109.267
30
0
11
356.283
21
109.264
31
0
0
LINE
5
699
330
C
100
AcDbEntity
8
0
100
AcDbLine
10
356.283
20
109.264
30
0
11
356.283
21
109.264
31
0
0
LINE
5
69A
330
C
100
AcDbEntity
8
0
100
AcDbLine
10
361.395
20
109.408
30
0
11
360.459
21
109.408
31
0
0
LINE
5
69B
330
C
100
AcDbEntity
8
0
100
AcDbLine
10
360.459
20
109.408
30
0
11
360.459
21
117.592
31
0
0
LINE
5
69C
330
C
100
AcDbEntity
8
0
100
AcDbLine
10
360.459
20
117.592
30
0
11
361.395
21
117.592
31
0
0
LINE
5
69D
330
C
100
AcDbEntity
8
0
100
AcDbLine
10
361.395
20
117.592
30
0
11
361.395
21
109.408
31
0
0
LINE
5
69E
330
C
100
AcDbEntity
8
0
100
AcDbLine
10
361.395
20
109.408
30
0
11
361.395
21
109.408
31
0
0
LINE
5
69F
330
C
100
AcDbEntity
8
0
100
AcDbLine
10
361.251
20
111.7
30
0
11
361.251
21
112.696
31
0
0
LINE
5
6A0
330
C
100
AcDbEntity
8
0
100
AcDbLine
10
361.251
20
112.696
30
0
11
364.179
21
115.144
31
0
0
LINE
5
6A1
330
C
100
AcDbEntity
8
0
100
AcDbLine
10
364.179
20
115.144
30
0
11
365.487
21
115.144
31
0
0
LINE
5
6A2
330
C
100
AcDbEntity
8
0
100
AcDbLine
10
365.487
20
115.144
30
0
11
361.251
21
111.7
31
0
0
LINE
5
6A3
330
C
100
AcDbEntity
8
0
100
AcDbLine
10
361.251
20
111.7
30
0
11
361.251
21
111.7
31
0
0
LINE
5
6A4
330
C
100
AcDbEntity
8
0
100
AcDbLine
10
365.619
20
109.408
30
0
11
364.467
21
109.408
31
0
0
LINE
5
6A5
330
C
100
AcDbEntity
8
0
100
AcDbLine
10
364.467
20
109.408
30
0
11
361.743
21
113.032
31
0
0
LINE
5
6A6
330
C
100
AcDbEntity
8
0
100
AcDbLine
10
361.743
20
113.032
30
0
11
362.691
21
113.2
31
0
0
LINE
5
6A7
330
C
100
AcDbEntity
8
0
100
AcDbLine
10
362.691
20
113.2
30
0
11
365.619
21
109.408
31
0
0
LINE
5
6A8
330
C
100
AcDbEntity
8
0
100
AcDbLine
10
365.619
20
109.408
30
0
11
365.619
21
109.408
31
0
0
LINE
5
6A9
330
C
100
AcDbEntity
8
0
100
AcDbLine
10
256
20
230
30
0
11
256
21
227
31
0
0
LINE
5
6AA
330
C
100
AcDbEntity
8
0
100
AcDbLine
10
256
20
227
30
0
11
265
21
227
31
0
0
LINE
5
6AB
330
C
100
AcDbEntity
8
0
100
AcDbLine
10
265
20
227
30
0
11
265
21
230
31
0
0
LINE
5
6AC
330
C
100
AcDbEntity
8
0
100
AcDbLine
10
265
20
230
30
0
11
274
21
230
31
0
0
LINE
5
6AD
330
C
100
AcDbEntity
8
0
100
AcDbLine
10
274
20
230
30
0
11
274
21
227
31
0
0
LINE
5
6AE
330
C
100
AcDbEntity
8
0
100
AcDbLine
10
274
20
227
30
0
11
283
21
227
31
0
0
LINE
5
6AF
330
C
100
AcDbEntity
8
0
100
AcDbLine
10
283
20
227
30
0
11
283
21
230
31
0
0
LINE
5
6B0
330
C
100
AcDbEntity
8
0
100
AcDbLine
10
283
20
230
30
0
11
292
21
230
31
0
0
LINE
5
6B1
330
C
100
AcDbEntity
8
0
100
AcDbLine
10
292
20
230
30
0
11
292
21
227
31
0
0
LINE
5
6B2
330
C
100
AcDbEntity
8
0
100
AcDbLine
10
292
20
227
30
0
11
301
21
227
31
0
0
LINE
5
6B3
330
C
100
AcDbEntity
8
0
100
AcDbLine
10
301
20
227
30
0
11
301
21
230
31
0
0
LINE
5
6B4
330
C
100
AcDbEntity
8
0
100
AcDbLine
10
301
20
230
30
0
11
310
21
230
31
0
0
LINE
5
6B5
330
C
100
AcDbEntity
8
0
100
AcDbLine
10
310
20
230
30
0
11
310
21
227
31
0
0
LINE
5
6B6
330
C
100
AcDbEntity
8
0
100
AcDbLine
10
310
20
227
30
0
11
319
21
227
31
0
0
LINE
5
6B7
330
C
100
AcDbEntity
8
0
100
AcDbLine
10
319
20
227
30
0
11
319
21
230
31
0
0
LINE
5
6B8
330
C
100
AcDbEntity
8
0
100
AcDbLine
10
319
20
230
30
0
11
328
21
230
31
0
0
LINE
5
6B9
330
C
100
AcDbEntity
8
0
100
AcDbLine
10
328
20
230
30
0
11
328
21
227
31
0
0
LINE
5
6BA
330
C
100
AcDbEntity
8
0
100
AcDbLine
10
328
20
227
30
0
11
337
21
227
31
0
0
LINE
5
6BB
330
C
100
AcDbEntity
8
0
100
AcDbLine
10
337
20
227
30
0
11
337
21
230
31
0
0
LINE
5
6BC
330
C
100
AcDbEntity
8
0
100
AcDbLine
10
337
20
230
30
0
11
346
21
230
31
0
0
LINE
5
6BD
330
C
100
AcDbEntity
8
0
100
AcDbLine
10
346
20
230
30
0
11
346
21
227
31
0
0
LINE
5
6BE
330
C
100
AcDbEntity
8
0
100
AcDbLine
10
346
20
227
30
0
11
355
21
227
31
0
0
LINE
5
6BF
330
C
100
AcDbEntity
8
0
100
AcDbLine
10
355
20
227
30
0
11
355
21
230
31
0
0
LINE
5
6C0
330
C
100
AcDbEntity
8
0
100
AcDbLine
10
355
20
230
30
0
11
364
21
230
31
0
0
LINE
5
6C1
330
C
100
AcDbEntity
8
0
100
AcDbLine
10
364
20
230
30
0
11
364
21
227
31
0
0
LINE
5
6C2
330
C
100
AcDbEntity
8
0
100
AcDbLine
10
364
20
227
30
0
11
373
21
227
31
0
0
LINE
5
6C3
330
C
100
AcDbEntity
8
0
100
AcDbLine
10
373
20
227
30
0
11
373
21
230
31
0
0
LINE
5
6C4
330
C
100
AcDbEntity
8
0
100
AcDbLine
10
373
20
230
30
0
11
382
21
230
31
0
0
LINE
5
6C5
330
C
100
AcDbEntity
8
0
100
AcDbLine
10
382
20
230
30
0
11
382
21
227
31
0
0
LINE
5
6C6
330
C
100
AcDbEntity
8
0
100
AcDbLine
10
382
20
227
30
0
11
391
21
227
31
0
0
LINE
5
6C7
330
C
100
AcDbEntity
8
0
100
AcDbLine
10
391
20
227
30
0
11
391
21
230
31
0
0
LINE
5
6C8
330
C
100
AcDbEntity
8
0
100
AcDbLine
10
391
20
230
30
0
11
400
21
230
31
0
0
LINE
5
6C9
330
C
100
AcDbEntity
8
0
100
AcDbLine
10
400
20
230
30
0
11
400
21
227
31
0
0
LINE
5
6CA
330
C
100
AcDbEntity
8
0
100
AcDbLine
10
400
20
227
30
0
11
409
21
227
31
0
0
LINE
5
6CB
330
C
100
AcDbEntity
8
0
100
AcDbLine
10
409
20
227
30
0
11
409
21
230
31
0
0
LINE
5
6CC
330
C
100
AcDbEntity
8
0
100
AcDbLine
10
409
20
230
30
0
11
418
21
230
31
0
0
LINE
5
6CD
330
C
100
AcDbEntity
8
0
100
AcDbLine
10
418
20
230
30
0
11
418
21
227
31
0
0
LINE
5
6CE
330
C
100
AcDbEntity
8
0
100
AcDbLine
10
418
20
227
30
0
11
426
21
227
31
0
0
LINE
5
6CF
330
C
100
AcDbEntity
8
0
100
AcDbLine
10
426
20
227
30
0
11
429
21
227
31
0
0
LINE
5
6D0
330
C
100
AcDbEntity
8
0
100
AcDbLine
10
429
20
227
30
0
11
429
21
230
31
0
0
LINE
5
6D1
330
C
100
AcDbEntity
8
0
100
AcDbLine
10
429
20
230
30
0
11
429
21
237
31
0
0
LINE
5
6D2
330
C
100
AcDbEntity
8
0
100
AcDbLine
10
429
20
237
30
0
11
426
21
237
31
0
0
LINE
5
6D3
330
C
100
AcDbEntity
8
0
100
AcDbLine
10
426
20
237
30
0
11
426
21
246
31
0
0
LINE
5
6D4
330
C
100
AcDbEntity
8
0
100
AcDbLine
10
426
20
246
30
0
11
429
21
246
31
0
0
LINE
5
6D5
330
C
100
AcDbEntity
8
0
100
AcDbLine
10
429
20
246
30
0
11
429
21
255
31
0
0
LINE
5
6D6
330
C
100
AcDbEntity
8
0
100
AcDbLine
10
429
20
255
30
0
11
426
21
255
31
0
0
LINE
5
6D7
330
C
100
AcDbEntity
8
0
100
AcDbLine
10
426
20
255
30
0
11
426
21
264
31
0
0
LINE
5
6D8
330
C
100
AcDbEntity
8
0
100
AcDbLine
10
426
20
264
30
0
11
429
21
264
31
0
0
LINE
5
6D9
330
C
100
AcDbEntity
8
0
100
AcDbLine
10
429
20
264
30
0
11
429
21
273
31
0
0
LINE
5
6DA
330
C
100
AcDbEntity
8
0
100
AcDbLine
10
429
20
273
30
0
11
426
21
273
31
0
0
LINE
5
6DB
330
C
100
AcDbEntity
8
0
100
AcDbLine
10
426
20
273
30
0
11
426
21
282
31
0
0
LINE
5
6DC
330
C
100
AcDbEntity
8
0
100
AcDbLine
10
426
20
282
30
0
11
429
21
282
31
0
0
LINE
5
6DD
330
C
100
AcDbEntity
8
0
100
AcDbLine
10
429
20
282
30
0
11
429
21
291
31
0
0
LINE
5
6DE
330
C
100
AcDbEntity
8
0
100
AcDbLine
10
429
20
291
30
0
11
426
21
291
31
0
0
LINE
5
6DF
330
C
100
AcDbEntity
8
0
100
AcDbLine
10
426
20
291
30
0
11
426
21
300
31
0
0
LINE
5
6E0
330
C
100
AcDbEntity
8
0
100
AcDbLine
10
426
20
300
30
0
11
429
21
300
31
0
0
LINE
5
6E1
330
C
100
AcDbEntity
8
0
100
AcDbLine
10
429
20
300
30
0
11
429
21
309
31
0
0
LINE
5
6E2
330
C
100
AcDbEntity
8
0
100
AcDbLine
10
429
20
309
30
0
11
426
21
309
31
0
0
LINE
5
6E3
330
C
100
AcDbEntity
8
0
100
AcDbLine
10
426
20
309
30
0
11
426
21
318
31
0
0
LINE
5
6E4
330
C
100
AcDbEntity
8
0
100
AcDbLine
10
426
20
318
30
0
11
429
21
318
31
0
0
LINE
5
6E5
330
C
100
AcDbEntity
8
0
100
AcDbLine
10
429
20
318
30
0
11
429
21
327
31
0
0
LINE
5
6E6
330
C
100
AcDbEntity
8
0
100
AcDbLine
10
429
20
327
30
0
11
426
21
327
31
0
0
LINE
5
6E7
330
C
100
AcDbEntity
8
0
100
AcDbLine
10
426
20
327
30
0
11
426
21
336
31
0
0
LINE
5
6E8
330
C
100
AcDbEntity
8
0
100
AcDbLine
10
426
20
336
30
0
11
429
21
336
31
0
0
LINE
5
6E9
330
C
100
AcDbEntity
8
0
100
AcDbLine
10
429
20
336
30
0
11
429
21
345
31
0
0
LINE
5
6EA
330
C
100
AcDbEntity
8
0
100
AcDbLine
10
429
20
345
30
0
11
426
21
345
31
0
0
LINE
5
6EB
330
C
100
AcDbEntity
8
0
100
AcDbLine
10
426
20
345
30
0
11
426
21
354
31
0
0
LINE
5
6EC
330
C
100
AcDbEntity
8
0
100
AcDbLine
10
426
20
354
30
0
11
429
21
354
31
0
0
LINE
5
6ED
330
C
100
AcDbEntity
8
0
100
AcDbLine
10
429
20
354
30
0
11
429
21
363
31
0
0
LINE
5
6EE
330
C
100
AcDbEntity
8
0
100
AcDbLine
10
429
20
363
30
0
11
426
21
363
31
0
0
LINE
5
6EF
330
C
100
AcDbEntity
8
0
100
AcDbLine
10
426
20
363
30
0
11
426
21
372
31
0
0
LINE
5
6F0
330
C
100
AcDbEntity
8
0
100
AcDbLine
10
426
20
372
30
0
11
429
21
372
31
0
0
LINE
5
6F1
330
C
100
AcDbEntity
8
0
100
AcDbLine
10
429
20
372
30
0
11
429
21
381
31
0
0
LINE
5
6F2
330
C
100
AcDbEntity
8
0
100
AcDbLine
10
429
20
381
30
0
11
426
21
381
31
0
0
LINE
5
6F3
330
C
100
AcDbEntity
8
0
100
AcDbLine
10
426
20
381
30
0
11
426
21
390
31
0
0
LINE
5
6F4
330
C
100
AcDbEntity
8
0
100
AcDbLine
10
426
20
390
30
0
11
429
21
390
31
0
0
LINE
5
6F5
330
C
100
AcDbEntity
8
0
100
AcDbLine
10
429
20
390
30
0
11
429
21
399
31
0
0
LINE
5
6F6
330
C
100
AcDbEntity
8
0
100
AcDbLine
10
429
20
399
30
0
11
426
21
399
31
0
0
LINE
5
6F7
330
C
100
AcDbEntity
8
0
100
AcDbLine
10
426
20
399
30
0
11
426
21
408
31
0
0
LINE
5
6F8
330
C
100
AcDbEntity
8
0
100
AcDbLine
10
426
20
408
30
0
11
429
21
408
31
0
0
LINE
5
6F9
330
C
100
AcDbEntity
8
0
100
AcDbLine
10
429
20
408
30
0
11
429
21
417
31
0
0
LINE
5
6FA
330
C
100
AcDbEntity
8
0
100
AcDbLine
10
429
20
417
30
0
11
426
21
417
31
0
0
LINE
5
6FB
330
C
100
AcDbEntity
8
0
100
AcDbLine
10
426
20
417
30
0
11
426
21
426
31
0
0
LINE
5
6FC
330
C
100
AcDbEntity
8
0
100
AcDbLine
10
426
20
426
30
0
11
429
21
426
31
0
0
LINE
5
6FD
330
C
100
AcDbEntity
8
0
100
AcDbLine
10
429
20
426
30
0
11
429
21
435
31
0
0
LINE
5
6FE
330
C
100
AcDbEntity
8
0
100
AcDbLine
10
429
20
435
30
0
11
426
21
435
31
0
0
LINE
5
6FF
330
C
100
AcDbEntity
8
0
100
AcDbLine
10
426
20
435
30
0
11
426
21
444
31
0
0
LINE
5
700
330
C
100
AcDbEntity
8
0
100
AcDbLine
10
426
20
444
30
0
11
429
21
444
31
0
0
LINE
5
701
330
C
100
AcDbEntity
8
0
100
AcDbLine
10
429
20
444
30
0
11
429
21
451
31
0
0
LINE
5
702
330
C
100
AcDbEntity
8
0
100
AcDbLine
10
429
20
451
30
0
11
426
21
451
31
0
0
LINE
5
703
330
C
100
AcDbEntity
8
0
100
AcDbLine
10
426
20
451
30
0
11
239
21
451
31
0
0
LINE
5
704
330
C
100
AcDbEntity
8
0
100
AcDbLine
10
239
20
451
30
0
11
236
21
451
31
0
0
LINE
5
705
330
C
100
AcDbEntity
8
0
100
AcDbLine
10
236
20
451
30
0
11
236
21
444
31
0
0
LINE
5
706
330
C
100
AcDbEntity
8
0
100
AcDbLine
10
236
20
444
30
0
11
239
21
444
31
0
0
LINE
5
707
330
C
100
AcDbEntity
8
0
100
AcDbLine
10
239
20
444
30
0
11
239
21
435
31
0
0
LINE
5
708
330
C
100
AcDbEntity
8
0
100
AcDbLine
10
239
20
435
30
0
11
236
21
435
31
0
0
LINE
5
709
330
C
100
AcDbEntity
8
0
100
AcDbLine
10
236
20
435
30
0
11
236
21
426
31
0
0
LINE
5
70A
330
C
100
AcDbEntity
8
0
100
AcDbLine
10
236
20
426
30
0
11
239
21
426
31
0
0
LINE
5
70B
330
C
100
AcDbEntity
8
0
100
AcDbLine
10
239
20
426
30
0
11
239
21
417
31
0
0
LINE
5
70C
330
C
100
AcDbEntity
8
0
100
AcDbLine
10
239
20
417
30
0
11
236
21
417
31
0
0
LINE
5
70D
330
C
100
AcDbEntity
8
0
100
AcDbLine
10
236
20
417
30
0
11
236
21
408
31
0
0
LINE
5
70E
330
C
100
AcDbEntity
8
0
100
AcDbLine
10
236
20
408
30
0
11
239
21
408
31
0
0
LINE
5
70F
330
C
100
AcDbEntity
8
0
100
AcDbLine
10
239
20
408
30
0
11
239
21
399
31
0
0
LINE
5
710
330
C
100
AcDbEntity
8
0
100
AcDbLine
10
239
20
399
30
0
11
236
21
399
31
0
0
LINE
5
711
330
C
100
AcDbEntity
8
0
100
AcDbLine
10
236
20
399
30
0
11
236
21
390
31
0
0
LINE
5
712
330
C
100
AcDbEntity
8
0
100
AcDbLine
10
236
20
390
30
0
11
239
21
390
31
0
0
LINE
5
713
330
C
100
AcDbEntity
8
0
100
AcDbLine
10
239
20
390
30
0
11
239
21
381
31
0
0
LINE
5
714
330
C
100
AcDbEntity
8
0
100
AcDbLine
10
239
20
381
30
0
11
236
21
381
31
0
0
LINE
5
715
330
C
100
AcDbEntity
8
0
100
AcDbLine
10
236
20
381
30
0
11
236
21
372
31
0
0
LINE
5
716
330
C
100
AcDbEntity
8
0
100
AcDbLine
10
236
20
372
30
0
11
239
21
372
31
0
0
LINE
5
717
330
C
100
AcDbEntity
8
0
100
AcDbLine
10
239
20
372
30
0
11
239
21
363
31
0
0
LINE
5
718
330
C
100
AcDbEntity
8
0
100
AcDbLine
10
239
20
363
30
0
11
236
21
363
31
0
0
LINE
5
719
330
C
100
AcDbEntity
8
0
100
AcDbLine
10
236
20
363
30
0
11
236
21
354
31
0
0
LINE
5
71A
330
C
100
AcDbEntity
8
0
100
AcDbLine
10
236
20
354
30
0
11
239
21
354
31
0
0
LINE
5
71B
330
C
100
AcDbEntity
8
0
100
AcDbLine
10
239
20
354
30
0
11
239
21
345
31
0
0
LINE
5
71C
330
C
100
AcDbEntity
8
0
100
AcDbLine
10
239
20
345
30
0
11
236
21
345
31
0
0
LINE
5
71D
330
C
100
AcDbEntity
8
0
100
AcDbLine
10
236
20
345
30
0
11
236
21
336
31
0
0
LINE
5
71E
330
C
100
AcDbEntity
8
0
100
AcDbLine
10
236
20
336
30
0
11
239
21
336
31
0
0
LINE
5
71F
330
C
100
AcDbEntity
8
0
100
AcDbLine
10
239
20
336
30
0
11
239
21
327
31
0
0
LINE
5
720
330
C
100
AcDbEntity
8
0
100
AcDbLine
10
239
20
327
30
0
11
236
21
327
31
0
0
LINE
5
721
330
C
100
AcDbEntity
8
0
100
AcDbLine
10
236
20
327
30
0
11
236
21
318
31
0
0
LINE
5
722
330
C
100
AcDbEntity
8
0
100
AcDbLine
10
236
20
318
30
0
11
239
21
318
31
0
0
LINE
5
723
330
C
100
AcDbEntity
8
0
100
AcDbLine
10
239
20
318
30
0
11
239
21
309
31
0
0
LINE
5
724
330
C
100
AcDbEntity
8
0
100
AcDbLine
10
239
20
309
30
0
11
236
21
309
31
0
0
LINE
5
725
330
C
100
AcDbEntity
8
0
100
AcDbLine
10
236
20
309
30
0
11
236
21
300
31
0
0
LINE
5
726
330
C
100
AcDbEntity
8
0
100
AcDbLine
10
236
20
300
30
0
11
239
21
300
31
0
0
LINE
5
727
330
C
100
AcDbEntity
8
0
100
AcDbLine
10
239
20
300
30
0
11
239
21
291
31
0
0
LINE
5
728
330
C
100
AcDbEntity
8
0
100
AcDbLine
10
239
20
291
30
0
11
236
21
291
31
0
0
LINE
5
729
330
C
100
AcDbEntity
8
0
100
AcDbLine
10
236
20
291
30
0
11
236
21
282
31
0
0
LINE
5
72A
330
C
100
AcDbEntity
8
0
100
AcDbLine
10
236
20
282
30
0
11
239
21
282
31
0
0
LINE
5
72B
330
C
100
AcDbEntity
8
0
100
AcDbLine
10
239
20
282
30
0
11
239
21
273
31
0
0
LINE
5
72C
330
C
100
AcDbEntity
8
0
100
AcDbLine
10
239
20
273
30
0
11
236
21
273
31
0
0
LINE
5
72D
330
C
100
AcDbEntity
8
0
100
AcDbLine
10
236
20
273
30
0
11
236
21
264
31
0
0
LINE
5
72E
330
C
100
AcDbEntity
8
0
100
AcDbLine
10
236
20
264
30
0
11
239
21
264
31
0
0
LINE
5
72F
330
C
100
AcDbEntity
8
0
100
AcDbLine
10
239
20
264
30
0
11
239
21
255
31
0
0
LINE
5
730
330
C
100
AcDbEntity
8
0
100
AcDbLine
10
239
20
255
30
0
11
236
21
255
31
0
0
LINE
5
731
330
C
100
AcDbEntity
8
0
100
AcDbLine
10
236
20
255
30
0
11
236
21
246
31
0
0
LINE
5
732
330
C
100
AcDbEntity
8
0
100
AcDbLine
10
236
20
246
30
0
11
239
21
246
31
0
0
LINE
5
733
330
C
100
AcDbEntity
8
0
100
AcDbLine
10
239
20
246
30
0
11
239
21
237
31
0
0
LINE
5
734
330
C
100
AcDbEntity
8
0
100
AcDbLine
10
239
20
237
30
0
11
236
21
237
31
0
0
LINE
5
735
330
C
100
AcDbEntity
8
0
100
AcDbLine
10
236
20
237
30
0
11
236
21
230
31
0
0
LINE
5
736
330
C
100
AcDbEntity
8
0
100
AcDbLine
10
236
20
230
30
0
11
236
21
227
31
0
0
LINE
5
737
330
C
100
AcDbEntity
8
0
100
AcDbLine
10
236
20
227
30
0
11
239
21
227
31
0
0
LINE
5
738
330
C
100
AcDbEntity
8
0
100
AcDbLine
10
239
20
227
30
0
11
247
21
227
31
0
0
LINE
5
739
330
C
100
AcDbEntity
8
0
100
AcDbLine
10
247
20
227
30
0
11
247
21
230
31
0
0
LINE
5
73A
330
C
100
AcDbEntity
8
0
100
AcDbLine
10
247
20
230
30
0
11
256
21
230
31
0
0
LINE
5
73B
330
C
100
AcDbEntity
8
0
100
AcDbLine
10
323.515
20
343.902
30
0
11
324.451
21
343.902
31
0
0
LINE
5
73C
330
C
100
AcDbEntity
8
0
100
AcDbLine
10
324.451
20
343.902
30
0
11
324.451
21
337.182
31
0
0
LINE
5
73D
330
C
100
AcDbEntity
8
0
100
AcDbLine
10
324.451
20
337.182
30
0
11
327.811
21
337.182
31
0
0
LINE
5
73E
330
C
100
AcDbEntity
8
0
100
AcDbLine
10
327.811
20
337.182
30
0
11
327.811
21
336.366
31
0
0
LINE
5
73F
330
C
100
AcDbEntity
8
0
100
AcDbLine
10
327.811
20
336.366
30
0
11
323.515
21
336.366
31
0
0
LINE
5
740
330
C
100
AcDbEntity
8
0
100
AcDbLine
10
323.515
20
336.366
30
0
11
323.515
21
343.902
31
0
0
LINE
5
741
330
C
100
AcDbEntity
8
0
100
AcDbLine
10
323.515
20
343.902
30
0
11
323.515
21
343.902
31
0
0
LINE
5
742
330
C
100
AcDbEntity
8
0
100
AcDbLine
10
331.117
20
336.222
30
0
11
331.117
21
336.222
31
0
0
LINE
5
743
330
C
100
AcDbEntity
8
0
100
AcDbLine
10
331.117
20
336.222
30
0
11
330.97
21
336.226
31
0
0
LINE
5
744
330
C
100
AcDbEntity
8
0
100
AcDbLine
10
330.97
20
336.226
30
0
11
330.826
21
336.237
31
0
0
LINE
5
745
330
C
100
AcDbEntity
8
0
100
AcDbLine
10
330.826
20
336.237
30
0
11
330.685
21
336.256
31
0
0
LINE
5
746
330
C
100
AcDbEntity
8
0
100
AcDbLine
10
330.685
20
336.256
30
0
11
330.547
21
336.283
31
0
0
LINE
5
747
330
C
100
AcDbEntity
8
0
100
AcDbLine
10
330.547
20
336.283
30
0
11
330.413
21
336.317
31
0
0
LINE
5
748
330
C
100
AcDbEntity
8
0
100
AcDbLine
10
330.413
20
336.317
30
0
11
330.281
21
336.359
31
0
0
LINE
5
749
330
C
100
AcDbEntity
8
0
100
AcDbLine
10
330.281
20
336.359
30
0
11
330.153
21
336.409
31
0
0
LINE
5
74A
330
C
100
AcDbEntity
8
0
100
AcDbLine
10
330.153
20
336.409
30
0
11
330.028
21
336.466
31
0
0
LINE
5
74B
330
C
100
AcDbEntity
8
0
100
AcDbLine
10
330.028
20
336.466
30
0
11
329.907
21
336.531
31
0
0
LINE
5
74C
330
C
100
AcDbEntity
8
0
100
AcDbLine
10
329.907
20
336.531
30
0
11
329.788
21
336.603
31
0
0
LINE
5
74D
330
C
100
AcDbEntity
8
0
100
AcDbLine
10
329.788
20
336.603
30
0
11
329.673
21
336.682
31
0
0
LINE
5
74E
330
C
100
AcDbEntity
8
0
100
AcDbLine
10
329.673
20
336.682
30
0
11
329.564
21
336.767
31
0
0
LINE
5
74F
330
C
100
AcDbEntity
8
0
100
AcDbLine
10
329.564
20
336.767
30
0
11
329.459
21
336.858
31
0
0
LINE
5
750
330
C
100
AcDbEntity
8
0
100
AcDbLine
10
329.459
20
336.858
30
0
11
329.359
21
336.955
31
0
0
LINE
5
751
330
C
100
AcDbEntity
8
0
100
AcDbLine
10
329.359
20
336.955
30
0
11
329.264
21
337.058
31
0
0
LINE
5
752
330
C
100
AcDbEntity
8
0
100
AcDbLine
10
329.264
20
337.058
30
0
11
329.175
21
337.167
31
0
0
LINE
5
753
330
C
100
AcDbEntity
8
0
100
AcDbLine
10
329.175
20
337.167
30
0
11
329.09
21
337.282
31
0
0
LINE
5
754
330
C
100
AcDbEntity
8
0
100
AcDbLine
10
329.09
20
337.282
30
0
11
329.009
21
337.403
31
0
0
LINE
5
755
330
C
100
AcDbEntity
8
0
100
AcDbLine
10
329.009
20
337.403
30
0
11
328.934
21
337.529
31
0
0
LINE
5
756
330
C
100
AcDbEntity
8
0
100
AcDbLine
10
328.934
20
337.529
30
0
11
328.864
21
337.662
31
0
0
LINE
5
757
330
C
100
AcDbEntity
8
0
100
AcDbLine
10
328.864
20
337.662
30
0
11
328.8
21
337.8
31
0
0
LINE
5
758
330
C
100
AcDbEntity
8
0
100
AcDbLine
10
328.8
20
337.8
30
0
11
328.742
21
337.941
31
0
0
LINE
5
759
330
C
100
AcDbEntity
8
0
100
AcDbLine
10
328.742
20
337.941
30
0
11
328.691
21
338.087
31
0
0
LINE
5
75A
330
C
100
AcDbEntity
8
0
100
AcDbLine
10
328.691
20
338.087
30
0
11
328.647
21
338.237
31
0
0
LINE
5
75B
330
C
100
AcDbEntity
8
0
100
AcDbLine
10
328.647
20
338.237
30
0
11
328.61
21
338.391
31
0
0
LINE
5
75C
330
C
100
AcDbEntity
8
0
100
AcDbLine
10
328.61
20
338.391
30
0
11
328.579
21
338.549
31
0
0
LINE
5
75D
330
C
100
AcDbEntity
8
0
100
AcDbLine
10
328.579
20
338.549
30
0
11
328.556
21
338.711
31
0
0
LINE
5
75E
330
C
100
AcDbEntity
8
0
100
AcDbLine
10
328.556
20
338.711
30
0
11
328.539
21
338.877
31
0
0
LINE
5
75F
330
C
100
AcDbEntity
8
0
100
AcDbLine
10
328.539
20
338.877
30
0
11
328.528
21
339.048
31
0
0
LINE
5
760
330
C
100
AcDbEntity
8
0
100
AcDbLine
10
328.528
20
339.048
30
0
11
328.525
21
339.222
31
0
0
LINE
5
761
330
C
100
AcDbEntity
8
0
100
AcDbLine
10
328.525
20
339.222
30
0
11
328.525
21
339.222
31
0
0
LINE
5
762
330
C
100
AcDbEntity
8
0
100
AcDbLine
10
328.525
20
339.222
30
0
11
328.528
21
339.408
31
0
0
LINE
5
763
330
C
100
AcDbEntity
8
0
100
AcDbLine
10
328.528
20
339.408
30
0
11
328.538
21
339.588
31
0
0
LINE
5
764
330
C
100
AcDbEntity
8
0
100
AcDbLine
10
328.538
20
339.588
30
0
11
328.555
21
339.763
31
0
0
LINE
5
765
330
C
100
AcDbEntity
8
0
100
AcDbLine
10
328.555
20
339.763
30
0
11
328.579
21
339.933
31
0
0
LINE
5
766
330
C
100
AcDbEntity
8
0
100
AcDbLine
10
328.579
20
339.933
30
0
11
328.609
21
340.098
31
0
0
LINE
5
767
330
C
100
AcDbEntity
8
0
100
AcDbLine
10
328.609
20
340.098
30
0
11
328.646
21
340.257
31
0
0
LINE
5
768
330
C
100
AcDbEntity
8
0
100
AcDbLine
10
328.646
20
340.257
30
0
11
328.69
21
340.411
31
0
0
LINE
5
769
330
C
100
AcDbEntity
8
0
100
AcDbLine
10
328.69
20
340.411
30
0
11
328.74
21
340.56
31
0
0
LINE
5
76A
330
C
100
AcDbEntity
8
0
100
AcDbLine
10
328.74
20
340.56
30
0
11
328.797
21
340.704
31
0
0
LINE
5
76B
330
C
100
AcDbEntity
8
0
100
AcDbLine
10
328.797
20
340.704
30
0
11
328.861
21
340.842
31
0
0
LINE
5
76C
330
C
100
AcDbEntity
8
0
100
AcDbLine
10
328.861
20
340.842
30
0
11
328.931
21
340.974
31
0
0
LINE
5
76D
330
C
100
AcDbEntity
8
0
100
AcDbLine
10
328.931
20
340.974
30
0
11
329.005
21
341.101
31
0
0
LINE
5
76E
330
C
100
AcDbEntity
8
0
100
AcDbLine
10
329.005
20
341.101
30
0
11
329.085
21
341.22
31
0
0
LINE
5
76F
330
C
100
AcDbEntity
8
0
100
AcDbLine
10
329.085
20
341.22
30
0
11
329.17
21
341.334
31
0
0
LINE
5
770
330
C
100
AcDbEntity
8
0
100
AcDbLine
10
329.17
20
341.334
30
0
11
329.259
21
341.441
31
0
0
LINE
5
771
330
C
100
AcDbEntity
8
0
100
AcDbLine
10
329.259
20
341.441
30
0
11
329.354
21
341.542
31
0
0
LINE
5
772
330
C
100
AcDbEntity
8
0
100
AcDbLine
10
329.354
20
341.542
30
0
11
329.453
21
341.637
31
0
0
LINE
5
773
330
C
100
AcDbEntity
8
0
100
AcDbLine
10
329.453
20
341.637
30
0
11
329.558
21
341.725
31
0
0
LINE
5
774
330
C
100
AcDbEntity
8
0
100
AcDbLine
10
329.558
20
341.725
30
0
11
329.667
21
341.807
31
0
0
LINE
5
775
330
C
100
AcDbEntity
8
0
100
AcDbLine
10
329.667
20
341.807
30
0
11
329.782
21
341.883
31
0
0
LINE
5
776
330
C
100
AcDbEntity
8
0
100
AcDbLine
10
329.782
20
341.883
30
0
11
329.901
21
341.952
31
0
0
LINE
5
777
330
C
100
AcDbEntity
8
0
100
AcDbLine
10
329.901
20
341.952
30
0
11
330.023
21
342.014
31
0
0
LINE
5
778
330
C
100
AcDbEntity
8
0
100
AcDbLine
10
330.023
20
342.014
30
0
11
330.148
21
342.068
31
0
0
LINE
5
779
330
C
100
AcDbEntity
8
0
100
AcDbLine
10
330.148
20
342.068
30
0
11
330.276
21
342.115
31
0
0
LINE
5
77A
330
C
100
AcDbEntity
8
0
100
AcDbLine
10
330.276
20
342.115
30
0
11
330.408
21
342.155
31
0
0
LINE
5
77B
330
C
100
AcDbEntity
8
0
100
AcDbLine
10
330.408
20
342.155
30
0
11
330.543
21
342.188
31
0
0
LINE
5
77C
330
C
100
AcDbEntity
8
0
100
AcDbLine
10
330.543
20
342.188
30
0
11
330.682
21
342.213
31
0
0
LINE
5
77D
330
C
100
AcDbEntity
8
0
100
AcDbLine
10
330.682
20
342.213
30
0
11
330.824
21
342.231
31
0
0
LINE
5
77E
330
C
100
AcDbEntity
8
0
100
AcDbLine
10
330.824
20
342.231
30
0
11
330.969
21
342.242
31
0
0
LINE
5
77F
330
C
100
AcDbEntity
8
0
100
AcDbLine
10
330.969
20
342.242
30
0
11
331.117
21
342.246
31
0
0
LINE
5
780
330
C
100
AcDbEntity
8
0
100
AcDbLine
10
331.117
20
342.246
30
0
11
331.117
21
342.246
31
0
0
LINE
5
781
330
C
100
AcDbEntity
8
0
100
AcDbLine
10
331.117
20
342.246
30
0
11
331.246
21
342.243
31
0
0
LINE
5
782
330
C
100
AcDbEntity
8
0
100
AcDbLine
10
331.246
20
342.243
30
0
11
331.371
21
342.235
31
0
0
LINE
5
783
330
C
100
AcDbEntity
8
0
100
AcDbLine
10
331.371
20
342.235
30
0
11
331.492
21
342.222
31
0
0
LINE
5
784
330
C
100
AcDbEntity
8
0
100
AcDbLine
10
331.492
20
342.222
30
0
11
331.609
21
342.204
31
0
0
LINE
5
785
330
C
100
AcDbEntity
8
0
100
AcDbLine
10
331.609
20
342.204
30
0
11
331.723
21
342.18
31
0
0
LINE
5
786
330
C
100
AcDbEntity
8
0
100
AcDbLine
10
331.723
20
342.18
30
0
11
331.833
21
342.151
31
0
0
LINE
5
787
330
C
100
AcDbEntity
8
0
100
AcDbLine
10
331.833
20
342.151
30
0
11
331.939
21
342.117
31
0
0
LINE
5
788
330
C
100
AcDbEntity
8
0
100
AcDbLine
10
331.939
20
342.117
30
0
11
332.041
21
342.077
31
0
0
LINE
5
789
330
C
100
AcDbEntity
8
0
100
AcDbLine
10
332.041
20
342.077
30
0
11
332.139
21
342.032
31
0
0
LINE
5
78A
330
C
100
AcDbEntity
8
0
100
AcDbLine
10
332.139
20
342.032
30
0
11
332.233
21
341.982
31
0
0
LINE
5
78B
330
C
100
AcDbEntity
8
0
100
AcDbLine
10
332.233
20
341.982
30
0
11
332.324
21
341.927
31
0
0
LINE
5
78C
330
C
100
AcDbEntity
8
0
100
AcDbLine
10
332.324
20
341.927
30
0
11
332.411
21
341.869
31
0
0
LINE
5
78D
330
C
100
AcDbEntity
8
0
100
AcDbLine
10
332.411
20
341.869
30
0
11
332.494
21
341.807
31
0
0
LINE
5
78E
330
C
100
AcDbEntity
8
0
100
AcDbLine
10
332.494
20
341.807
30
0
11
332.574
21
341.741
31
0
0
LINE
5
78F
330
C
100
AcDbEntity
8
0
100
AcDbLine
10
332.574
20
341.741
30
0
11
332.65
21
341.671
31
0
0
LINE
5
790
330
C
100
AcDbEntity
8
0
100
AcDbLine
10
332.65
20
341.671
30
0
11
332.723
21
341.598
31
0
0
LINE
5
791
330
C
100
AcDbEntity
8
0
100
AcDbLine
10
332.723
20
341.598
30
0
11
332.792
21
341.521
31
0
0
LINE
5
792
330
C
100
AcDbEntity
8
0
100
AcDbLine
10
332.792
20
341.521
30
0
11
332.857
21
341.441
31
0
0
LINE
5
793
330
C
100
AcDbEntity
8
0
100
AcDbLine
10
332.857
20
341.441
30
0
11
332.919
21
341.356
31
0
0
LINE
5
794
330
C
100
AcDbEntity
8
0
100
AcDbLine
10
332.919
20
341.356
30
0
11
332.977
21
341.268
31
0
0
LINE
5
795
330
C
100
AcDbEntity
8
0
100
AcDbLine
10
332.977
20
341.268
30
0
11
333.032
21
341.177
31
0
0
LINE
5
796
330
C
100
AcDbEntity
8
0
100
AcDbLine
10
333.032
20
341.177
30
0
11
333.083
21
341.083
31
0
0
LINE
5
797
330
C
100
AcDbEntity
8
0
100
AcDbLine
10
333.083
20
341.083
30
0
11
333.131
21
340.987
31
0
0
LINE
5
798
330
C
100
AcDbEntity
8
0
100
AcDbLine
10
333.131
20
340.987
30
0
11
333.175
21
340.889
31
0
0
LINE
5
799
330
C
100
AcDbEntity
8
0
100
AcDbLine
10
333.175
20
340.889
30
0
11
333.216
21
340.789
31
0
0
LINE
5
79A
330
C
100
AcDbEntity
8
0
100
AcDbLine
10
333.216
20
340.789
30
0
11
333.254
21
340.686
31
0
0
LINE
5
79B
330
C
100
AcDbEntity
8
0
100
AcDbLine
10
333.254
20
340.686
30
0
11
333.288
21
340.581
31
0
0
LINE
5
79C
330
C
100
AcDbEntity
8
0
100
AcDbLine
10
333.288
20
340.581
30
0
11
333.319
21
340.473
31
0
0
LINE
5
79D
330
C
100
AcDbEntity
8
0
100
AcDbLine
10
333.319
20
340.473
30
0
11
333.346
21
340.363
31
0
0
LINE
5
79E
330
C
100
AcDbEntity
8
0
100
AcDbLine
10
333.346
20
340.363
30
0
11
333.37
21
340.251
31
0
0
LINE
5
79F
330
C
100
AcDbEntity
8
0
100
AcDbLine
10
333.37
20
340.251
30
0
11
333.391
21
340.137
31
0
0
LINE
5
7A0
330
C
100
AcDbEntity
8
0
100
AcDbLine
10
333.391
20
340.137
30
0
11
333.408
21
340.023
31
0
0
LINE
5
7A1
330
C
100
AcDbEntity
8
0
100
AcDbLine
10
333.408
20
340.023
30
0
11
333.422
21
339.907
31
0
0
LINE
5
7A2
330
C
100
AcDbEntity
8
0
100
AcDbLine
10
333.422
20
339.907
30
0
11
333.433
21
339.791
31
0
0
LINE
5
7A3
330
C
100
AcDbEntity
8
0
100
AcDbLine
10
333.433
20
339.791
30
0
11
333.441
21
339.674
31
0
0
LINE
5
7A4
330
C
100
AcDbEntity
8
0
100
AcDbLine
10
333.441
20
339.674
30
0
11
333.446
21
339.557
31
0
0
LINE
5
7A5
330
C
100
AcDbEntity
8
0
100
AcDbLine
10
333.446
20
339.557
30
0
11
333.447
21
339.438
31
0
0
LINE
5
7A6
330
C
100
AcDbEntity
8
0
100
AcDbLine
10
333.447
20
339.438
30
0
11
333.446
21
339.319
31
0
0
LINE
5
7A7
330
C
100
AcDbEntity
8
0
100
AcDbLine
10
333.446
20
339.319
30
0
11
333.441
21
339.199
31
0
0
LINE
5
7A8
330
C
100
AcDbEntity
8
0
100
AcDbLine
10
333.441
20
339.199
30
0
11
333.433
21
339.078
31
0
0
LINE
5
7A9
330
C
100
AcDbEntity
8
0
100
AcDbLine
10
333.433
20
339.078
30
0
11
333.433
21
339.078
31
0
0
LINE
5
7AA
330
C
100
AcDbEntity
8
0
100
AcDbLine
10
333.433
20
339.078
30
0
11
329.281
21
339.078
31
0
0
LINE
5
7AB
330
C
100
AcDbEntity
8
0
100
AcDbLine
10
329.281
20
339.078
30
0
11
329.281
21
339.654
31
0
0
LINE
5
7AC
330
C
100
AcDbEntity
8
0
100
AcDbLine
10
329.281
20
339.654
30
0
11
332.815
21
339.654
31
0
0
LINE
5
7AD
330
C
100
AcDbEntity
8
0
100
AcDbLine
10
332.815
20
339.654
30
0
11
332.539
21
339.474
31
0
0
LINE
5
7AE
330
C
100
AcDbEntity
8
0
100
AcDbLine
10
332.539
20
339.474
30
0
11
332.542
21
339.545
31
0
0
LINE
5
7AF
330
C
100
AcDbEntity
8
0
100
AcDbLine
10
332.542
20
339.545
30
0
11
332.543
21
339.616
31
0
0
LINE
5
7B0
330
C
100
AcDbEntity
8
0
100
AcDbLine
10
332.543
20
339.616
30
0
11
332.543
21
339.686
31
0
0
LINE
5
7B1
330
C
100
AcDbEntity
8
0
100
AcDbLine
10
332.543
20
339.686
30
0
11
332.541
21
339.757
31
0
0
LINE
5
7B2
330
C
100
AcDbEntity
8
0
100
AcDbLine
10
332.541
20
339.757
30
0
11
332.538
21
339.828
31
0
0
LINE
5
7B3
330
C
100
AcDbEntity
8
0
100
AcDbLine
10
332.538
20
339.828
30
0
11
332.534
21
339.899
31
0
0
LINE
5
7B4
330
C
100
AcDbEntity
8
0
100
AcDbLine
10
332.534
20
339.899
30
0
11
332.527
21
339.97
31
0
0
LINE
5
7B5
330
C
100
AcDbEntity
8
0
100
AcDbLine
10
332.527
20
339.97
30
0
11
332.52
21
340.04
31
0
0
LINE
5
7B6
330
C
100
AcDbEntity
8
0
100
AcDbLine
10
332.52
20
340.04
30
0
11
332.511
21
340.111
31
0
0
LINE
5
7B7
330
C
100
AcDbEntity
8
0
100
AcDbLine
10
332.511
20
340.111
30
0
11
332.5
21
340.182
31
0
0
LINE
5
7B8
330
C
100
AcDbEntity
8
0
100
AcDbLine
10
332.5
20
340.182
30
0
11
332.488
21
340.252
31
0
0
LINE
5
7B9
330
C
100
AcDbEntity
8
0
100
AcDbLine
10
332.488
20
340.252
30
0
11
332.473
21
340.321
31
0
0
LINE
5
7BA
330
C
100
AcDbEntity
8
0
100
AcDbLine
10
332.473
20
340.321
30
0
11
332.457
21
340.389
31
0
0
LINE
5
7BB
330
C
100
AcDbEntity
8
0
100
AcDbLine
10
332.457
20
340.389
30
0
11
332.439
21
340.456
31
0
0
LINE
5
7BC
330
C
100
AcDbEntity
8
0
100
AcDbLine
10
332.439
20
340.456
30
0
11
332.418
21
340.522
31
0
0
LINE
5
7BD
330
C
100
AcDbEntity
8
0
100
AcDbLine
10
332.418
20
340.522
30
0
11
332.396
21
340.586
31
0
0
LINE
5
7BE
330
C
100
AcDbEntity
8
0
100
AcDbLine
10
332.396
20
340.586
30
0
11
332.372
21
340.65
31
0
0
LINE
5
7BF
330
C
100
AcDbEntity
8
0
100
AcDbLine
10
332.372
20
340.65
30
0
11
332.345
21
340.712
31
0
0
LINE
5
7C0
330
C
100
AcDbEntity
8
0
100
AcDbLine
10
332.345
20
340.712
30
0
11
332.317
21
340.773
31
0
0
LINE
5
7C1
330
C
100
AcDbEntity
8
0
100
AcDbLine
10
332.317
20
340.773
30
0
11
332.287
21
340.833
31
0
0
LINE
5
7C2
330
C
100
AcDbEntity
8
0
100
AcDbLine
10
332.287
20
340.833
30
0
11
332.255
21
340.891
31
0
0
LINE
5
7C3
330
C
100
AcDbEntity
8
0
100
AcDbLine
10
332.255
20
340.891
30
0
11
332.22
21
340.947
31
0
0
LINE
5
7C4
330
C
100
AcDbEntity
8
0
100
AcDbLine
10
332.22
20
340.947
30
0
11
332.182
21
341.001
31
0
0
LINE
5
7C5
330
C
100
AcDbEntity
8
0
100
AcDbLine
10
332.182
20
341.001
30
0
11
332.142
21
341.052
31
0
0
LINE
5
7C6
330
C
100
AcDbEntity
8
0
100
AcDbLine
10
332.142
20
341.052
30
0
11
332.099
21
341.101
31
0
0
LINE
5
7C7
330
C
100
AcDbEntity
8
0
100
AcDbLine
10
332.099
20
341.101
30
0
11
332.054
21
341.147
31
0
0
LINE
5
7C8
330
C
100
AcDbEntity
8
0
100
AcDbLine
10
332.054
20
341.147
30
0
11
332.007
21
341.191
31
0
0
LINE
5
7C9
330
C
100
AcDbEntity
8
0
100
AcDbLine
10
332.007
20
341.191
30
0
11
331.957
21
341.233
31
0
0
LINE
5
7CA
330
C
100
AcDbEntity
8
0
100
AcDbLine
10
331.957
20
341.233
30
0
11
331.904
21
341.273
31
0
0
LINE
5
7CB
330
C
100
AcDbEntity
8
0
100
AcDbLine
10
331.904
20
341.273
30
0
11
331.849
21
341.31
31
0
0
LINE
5
7CC
330
C
100
AcDbEntity
8
0
100
AcDbLine
10
331.849
20
341.31
30
0
11
331.791
21
341.344
31
0
0
LINE
5
7CD
330
C
100
AcDbEntity
8
0
100
AcDbLine
10
331.791
20
341.344
30
0
11
331.73
21
341.375
31
0
0
LINE
5
7CE
330
C
100
AcDbEntity
8
0
100
AcDbLine
10
331.73
20
341.375
30
0
11
331.666
21
341.402
31
0
0
LINE
5
7CF
330
C
100
AcDbEntity
8
0
100
AcDbLine
10
331.666
20
341.402
30
0
11
331.598
21
341.425
31
0
0
LINE
5
7D0
330
C
100
AcDbEntity
8
0
100
AcDbLine
10
331.598
20
341.425
30
0
11
331.528
21
341.445
31
0
0
LINE
5
7D1
330
C
100
AcDbEntity
8
0
100
AcDbLine
10
331.528
20
341.445
30
0
11
331.454
21
341.461
31
0
0
LINE
5
7D2
330
C
100
AcDbEntity
8
0
100
AcDbLine
10
331.454
20
341.461
30
0
11
331.378
21
341.474
31
0
0
LINE
5
7D3
330
C
100
AcDbEntity
8
0
100
AcDbLine
10
331.378
20
341.474
30
0
11
331.298
21
341.483
31
0
0
LINE
5
7D4
330
C
100
AcDbEntity
8
0
100
AcDbLine
10
331.298
20
341.483
30
0
11
331.215
21
341.488
31
0
0
LINE
5
7D5
330
C
100
AcDbEntity
8
0
100
AcDbLine
10
331.215
20
341.488
30
0
11
331.129
21
341.49
31
0
0
LINE
5
7D6
330
C
100
AcDbEntity
8
0
100
AcDbLine
10
331.129
20
341.49
30
0
11
331.129
21
341.49
31
0
0
LINE
5
7D7
330
C
100
AcDbEntity
8
0
100
AcDbLine
10
331.129
20
341.49
30
0
11
331.02
21
341.487
31
0
0
LINE
5
7D8
330
C
100
AcDbEntity
8
0
100
AcDbLine
10
331.02
20
341.487
30
0
11
330.915
21
341.479
31
0
0
LINE
5
7D9
330
C
100
AcDbEntity
8
0
100
AcDbLine
10
330.915
20
341.479
30
0
11
330.814
21
341.465
31
0
0
LINE
5
7DA
330
C
100
AcDbEntity
8
0
100
AcDbLine
10
330.814
20
341.465
30
0
11
330.716
21
341.445
31
0
0
LINE
5
7DB
330
C
100
AcDbEntity
8
0
100
AcDbLine
10
330.716
20
341.445
30
0
11
330.622
21
341.42
31
0
0
LINE
5
7DC
330
C
100
AcDbEntity
8
0
100
AcDbLine
10
330.622
20
341.42
30
0
11
330.531
21
341.388
31
0
0
LINE
5
7DD
330
C
100
AcDbEntity
8
0
100
AcDbLine
10
330.531
20
341.388
30
0
11
330.444
21
341.352
31
0
0
LINE
5
7DE
330
C
100
AcDbEntity
8
0
100
AcDbLine
10
330.444
20
341.352
30
0
11
330.361
21
341.31
31
0
0
LINE
5
7DF
330
C
100
AcDbEntity
8
0
100
AcDbLine
10
330.361
20
341.31
30
0
11
330.281
21
341.262
31
0
0
LINE
5
7E0
330
C
100
AcDbEntity
8
0
100
AcDbLine
10
330.281
20
341.262
30
0
11
330.205
21
341.208
31
0
0
LINE
5
7E1
330
C
100
AcDbEntity
8
0
100
AcDbLine
10
330.205
20
341.208
30
0
11
330.132
21
341.15
31
0
0
LINE
5
7E2
330
C
100
AcDbEntity
8
0
100
AcDbLine
10
330.132
20
341.15
30
0
11
330.064
21
341.088
31
0
0
LINE
5
7E3
330
C
100
AcDbEntity
8
0
100
AcDbLine
10
330.064
20
341.088
30
0
11
329.999
21
341.023
31
0
0
LINE
5
7E4
330
C
100
AcDbEntity
8
0
100
AcDbLine
10
329.999
20
341.023
30
0
11
329.937
21
340.954
31
0
0
LINE
5
7E5
330
C
100
AcDbEntity
8
0
100
AcDbLine
10
329.937
20
340.954
30
0
11
329.88
21
340.882
31
0
0
LINE
5
7E6
330
C
100
AcDbEntity
8
0
100
AcDbLine
10
329.88
20
340.882
30
0
11
329.826
21
340.806
31
0
0
LINE
5
7E7
330
C
100
AcDbEntity
8
0
100
AcDbLine
10
329.826
20
340.806
30
0
11
329.775
21
340.726
31
0
0
LINE
5
7E8
330
C
100
AcDbEntity
8
0
100
AcDbLine
10
329.775
20
340.726
30
0
11
329.729
21
340.644
31
0
0
LINE
5
7E9
330
C
100
AcDbEntity
8
0
100
AcDbLine
10
329.729
20
340.644
30
0
11
329.686
21
340.557
31
0
0
LINE
5
7EA
330
C
100
AcDbEntity
8
0
100
AcDbLine
10
329.686
20
340.557
30
0
11
329.647
21
340.467
31
0
0
LINE
5
7EB
330
C
100
AcDbEntity
8
0
100
AcDbLine
10
329.647
20
340.467
30
0
11
329.612
21
340.374
31
0
0
LINE
5
7EC
330
C
100
AcDbEntity
8
0
100
AcDbLine
10
329.612
20
340.374
30
0
11
329.58
21
340.28
31
0
0
LINE
5
7ED
330
C
100
AcDbEntity
8
0
100
AcDbLine
10
329.58
20
340.28
30
0
11
329.552
21
340.185
31
0
0
LINE
5
7EE
330
C
100
AcDbEntity
8
0
100
AcDbLine
10
329.552
20
340.185
30
0
11
329.528
21
340.088
31
0
0
LINE
5
7EF
330
C
100
AcDbEntity
8
0
100
AcDbLine
10
329.528
20
340.088
30
0
11
329.507
21
339.989
31
0
0
LINE
5
7F0
330
C
100
AcDbEntity
8
0
100
AcDbLine
10
329.507
20
339.989
30
0
11
329.491
21
339.889
31
0
0
LINE
5
7F1
330
C
100
AcDbEntity
8
0
100
AcDbLine
10
329.491
20
339.889
30
0
11
329.478
21
339.788
31
0
0
LINE
5
7F2
330
C
100
AcDbEntity
8
0
100
AcDbLine
10
329.478
20
339.788
30
0
11
329.468
21
339.685
31
0
0
LINE
5
7F3
330
C
100
AcDbEntity
8
0
100
AcDbLine
10
329.468
20
339.685
30
0
11
329.463
21
339.58
31
0
0
LINE
5
7F4
330
C
100
AcDbEntity
8
0
100
AcDbLine
10
329.463
20
339.58
30
0
11
329.461
21
339.474
31
0
0
LINE
5
7F5
330
C
100
AcDbEntity
8
0
100
AcDbLine
10
329.461
20
339.474
30
0
11
329.461
21
339.474
31
0
0
LINE
5
7F6
330
C
100
AcDbEntity
8
0
100
AcDbLine
10
329.461
20
339.474
30
0
11
329.461
21
339.09
31
0
0
LINE
5
7F7
330
C
100
AcDbEntity
8
0
100
AcDbLine
10
329.461
20
339.09
30
0
11
329.463
21
338.971
31
0
0
LINE
5
7F8
330
C
100
AcDbEntity
8
0
100
AcDbLine
10
329.463
20
338.971
30
0
11
329.468
21
338.855
31
0
0
LINE
5
7F9
330
C
100
AcDbEntity
8
0
100
AcDbLine
10
329.468
20
338.855
30
0
11
329.477
21
338.741
31
0
0
LINE
5
7FA
330
C
100
AcDbEntity
8
0
100
AcDbLine
10
329.477
20
338.741
30
0
11
329.49
21
338.63
31
0
0
LINE
5
7FB
330
C
100
AcDbEntity
8
0
100
AcDbLine
10
329.49
20
338.63
30
0
11
329.507
21
338.522
31
0
0
LINE
5
7FC
330
C
100
AcDbEntity
8
0
100
AcDbLine
10
329.507
20
338.522
30
0
11
329.527
21
338.415
31
0
0
LINE
5
7FD
330
C
100
AcDbEntity
8
0
100
AcDbLine
10
329.527
20
338.415
30
0
11
329.551
21
338.312
31
0
0
LINE
5
7FE
330
C
100
AcDbEntity
8
0
100
AcDbLine
10
329.551
20
338.312
30
0
11
329.578
21
338.211
31
0
0
LINE
5
7FF
330
C
100
AcDbEntity
8
0
100
AcDbLine
10
329.578
20
338.211
30
0
11
329.609
21
338.112
31
0
0
LINE
5
800
330
C
100
AcDbEntity
8
0
100
AcDbLine
10
329.609
20
338.112
30
0
11
329.644
21
338.016
31
0
0
LINE
5
801
330
C
100
AcDbEntity
8
0
100
AcDbLine
10
329.644
20
338.016
30
0
11
329.682
21
337.923
31
0
0
LINE
5
802
330
C
100
AcDbEntity
8
0
100
AcDbLine
10
329.682
20
337.923
30
0
11
329.725
21
337.834
31
0
0
LINE
5
803
330
C
100
AcDbEntity
8
0
100
AcDbLine
10
329.725
20
337.834
30
0
11
329.77
21
337.749
31
0
0
LINE
5
804
330
C
100
AcDbEntity
8
0
100
AcDbLine
10
329.77
20
337.749
30
0
11
329.82
21
337.668
31
0
0
LINE
5
805
330
C
100
AcDbEntity
8
0
100
AcDbLine
10
329.82
20
337.668
30
0
11
329.873
21
337.591
31
0
0
LINE
5
806
330
C
100
AcDbEntity
8
0
100
AcDbLine
10
329.873
20
337.591
30
0
11
329.929
21
337.518
31
0
0
LINE
5
807
330
C
100
AcDbEntity
8
0
100
AcDbLine
10
329.929
20
337.518
30
0
11
329.99
21
337.449
31
0
0
LINE
5
808
330
C
100
AcDbEntity
8
0
100
AcDbLine
10
329.99
20
337.449
30
0
11
330.054
21
337.384
31
0
0
LINE
5
809
330
C
100
AcDbEntity
8
0
100
AcDbLine
10
330.054
20
337.384
30
0
11
330.122
21
337.323
31
0
0
LINE
5
80A
330
C
100
AcDbEntity
8
0
100
AcDbLine
10
330.122
20
337.323
30
0
11
330.193
21
337.266
31
0
0
LINE
5
80B
330
C
100
AcDbEntity
8
0
100
AcDbLine
10
330.193
20
337.266
30
0
11
330.268
21
337.214
31
0
0
LINE
5
80C
330
C
100
AcDbEntity
8
0
100
AcDbLine
10
330.268
20
337.214
30
0
11
330.347
21
337.167
31
0
0
LINE
5
80D
330
C
100
AcDbEntity
8
0
100
AcDbLine
10
330.347
20
337.167
30
0
11
330.43
21
337.125
31
0
0
LINE
5
80E
330
C
100
AcDbEntity
8
0
100
AcDbLine
10
330.43
20
337.125
30
0
11
330.517
21
337.089
31
0
0
LINE
5
80F
330
C
100
AcDbEntity
8
0
100
AcDbLine
10
330.517
20
337.089
30
0
11
330.607
21
337.059
31
0
0
LINE
5
810
330
C
100
AcDbEntity
8
0
100
AcDbLine
10
330.607
20
337.059
30
0
11
330.701
21
337.034
31
0
0
LINE
5
811
330
C
100
AcDbEntity
8
0
100
AcDbLine
10
330.701
20
337.034
30
0
11
330.799
21
337.015
31
0
0
LINE
5
812
330
C
100
AcDbEntity
8
0
100
AcDbLine
10
330.799
20
337.015
30
0
11
330.901
21
337.001
31
0
0
LINE
5
813
330
C
100
AcDbEntity
8
0
100
AcDbLine
10
330.901
20
337.001
30
0
11
331.007
21
336.993
31
0
0
LINE
5
814
330
C
100
AcDbEntity
8
0
100
AcDbLine
10
331.007
20
336.993
30
0
11
331.117
21
336.99
31
0
0
LINE
5
815
330
C
100
AcDbEntity
8
0
100
AcDbLine
10
331.117
20
336.99
30
0
11
331.117
21
336.99
31
0
0
LINE
5
816
330
C
100
AcDbEntity
8
0
100
AcDbLine
10
331.117
20
336.99
30
0
11
331.227
21
336.993
31
0
0
LINE
5
817
330
C
100
AcDbEntity
8
0
100
AcDbLine
10
331.227
20
336.993
30
0
11
331.332
21
337.001
31
0
0
LINE
5
818
330
C
100
AcDbEntity
8
0
100
AcDbLine
10
331.332
20
337.001
30
0
11
331.434
21
337.014
31
0
0
LINE
5
819
330
C
100
AcDbEntity
8
0
100
AcDbLine
10
331.434
20
337.014
30
0
11
331.532
21
337.033
31
0
0
LINE
5
81A
330
C
100
AcDbEntity
8
0
100
AcDbLine
10
331.532
20
337.033
30
0
11
331.625
21
337.058
31
0
0
LINE
5
81B
330
C
100
AcDbEntity
8
0
100
AcDbLine
10
331.625
20
337.058
30
0
11
331.715
21
337.087
31
0
0
LINE
5
81C
330
C
100
AcDbEntity
8
0
100
AcDbLine
10
331.715
20
337.087
30
0
11
331.801
21
337.122
31
0
0
LINE
5
81D
330
C
100
AcDbEntity
8
0
100
AcDbLine
10
331.801
20
337.122
30
0
11
331.883
21
337.163
31
0
0
LINE
5
81E
330
C
100
AcDbEntity
8
0
100
AcDbLine
10
331.883
20
337.163
30
0
11
331.961
21
337.209
31
0
0
LINE
5
81F
330
C
100
AcDbEntity
8
0
100
AcDbLine
10
331.961
20
337.209
30
0
11
332.035
21
337.26
31
0
0
LINE
5
820
330
C
100
AcDbEntity
8
0
100
AcDbLine
10
332.035
20
337.26
30
0
11
332.104
21
337.317
31
0
0
LINE
5
821
330
C
100
AcDbEntity
8
0
100
AcDbLine
10
332.104
20
337.317
30
0
11
332.168
21
337.378
31
0
0
LINE
5
822
330
C
100
AcDbEntity
8
0
100
AcDbLine
10
332.168
20
337.378
30
0
11
332.226
21
337.445
31
0
0
LINE
5
823
330
C
100
AcDbEntity
8
0
100
AcDbLine
10
332.226
20
337.445
30
0
11
332.278
21
337.517
31
0
0
LINE
5
824
330
C
100
AcDbEntity
8
0
100
AcDbLine
10
332.278
20
337.517
30
0
11
332.325
21
337.594
31
0
0
LINE
5
825
330
C
100
AcDbEntity
8
0
100
AcDbLine
10
332.325
20
337.594
30
0
11
332.365
21
337.677
31
0
0
LINE
5
826
330
C
100
AcDbEntity
8
0
100
AcDbLine
10
332.365
20
337.677
30
0
11
332.401
21
337.764
31
0
0
LINE
5
827
330
C
100
AcDbEntity
8
0
100
AcDbLine
10
332.401
20
337.764
30
0
11
332.431
21
337.857
31
0
0
LINE
5
828
330
C
100
AcDbEntity
8
0
100
AcDbLine
10
332.431
20
337.857
30
0
11
332.455
21
337.955
31
0
0
LINE
5
829
330
C
100
AcDbEntity
8
0
100
AcDbLine
10
332.455
20
337.955
30
0
11
332.473
21
338.058
31
0
0
LINE
5
82A
330
C
100
AcDbEntity
8
0
100
AcDbLine
10
332.473
20
338.058
30
0
11
332.473
21
338.058
31
0
0
LINE
5
82B
330
C
100
AcDbEntity
8
0
100
AcDbLine
10
332.473
20
338.058
30
0
11
333.445
21
338.058
31
0
0
LINE
5
82C
330
C
100
AcDbEntity
8
0
100
AcDbLine
10
333.445
20
338.058
30
0
11
333.425
21
337.946
31
0
0
LINE
5
82D
330
C
100
AcDbEntity
8
0
100
AcDbLine
10
333.425
20
337.946
30
0
11
333.4
21
337.836
31
0
0
LINE
5
82E
330
C
100
AcDbEntity
8
0
100
AcDbLine
10
333.4
20
337.836
30
0
11
333.37
21
337.73
31
0
0
LINE
5
82F
330
C
100
AcDbEntity
8
0
100
AcDbLine
10
333.37
20
337.73
30
0
11
333.337
21
337.627
31
0
0
LINE
5
830
330
C
100
AcDbEntity
8
0
100
AcDbLine
10
333.337
20
337.627
30
0
11
333.298
21
337.528
31
0
0
LINE
5
831
330
C
100
AcDbEntity
8
0
100
AcDbLine
10
333.298
20
337.528
30
0
11
333.255
21
337.431
31
0
0
LINE
5
832
330
C
100
AcDbEntity
8
0
100
AcDbLine
10
333.255
20
337.431
30
0
11
333.207
21
337.338
31
0
0
LINE
5
833
330
C
100
AcDbEntity
8
0
100
AcDbLine
10
333.207
20
337.338
30
0
11
333.155
21
337.248
31
0
0
LINE
5
834
330
C
100
AcDbEntity
8
0
100
AcDbLine
10
333.155
20
337.248
30
0
11
333.098
21
337.161
31
0
0
LINE
5
835
330
C
100
AcDbEntity
8
0
100
AcDbLine
10
333.098
20
337.161
30
0
11
333.037
21
337.077
31
0
0
LINE
5
836
330
C
100
AcDbEntity
8
0
100
AcDbLine
10
333.037
20
337.077
30
0
11
332.972
21
336.997
31
0
0
LINE
5
837
330
C
100
AcDbEntity
8
0
100
AcDbLine
10
332.972
20
336.997
30
0
11
332.903
21
336.92
31
0
0
LINE
5
838
330
C
100
AcDbEntity
8
0
100
AcDbLine
10
332.903
20
336.92
30
0
11
332.831
21
336.847
31
0
0
LINE
5
839
330
C
100
AcDbEntity
8
0
100
AcDbLine
10
332.831
20
336.847
30
0
11
332.755
21
336.778
31
0
0
LINE
5
83A
330
C
100
AcDbEntity
8
0
100
AcDbLine
10
332.755
20
336.778
30
0
11
332.675
21
336.713
31
0
0
LINE
5
83B
330
C
100
AcDbEntity
8
0
100
AcDbLine
10
332.675
20
336.713
30
0
11
332.593
21
336.652
31
0
0
LINE
5
83C
330
C
100
AcDbEntity
8
0
100
AcDbLine
10
332.593
20
336.652
30
0
11
332.507
21
336.594
31
0
0
LINE
5
83D
330
C
100
AcDbEntity
8
0
100
AcDbLine
10
332.507
20
336.594
30
0
11
332.417
21
336.54
31
0
0
LINE
5
83E
330
C
100
AcDbEntity
8
0
100
AcDbLine
10
332.417
20
336.54
30
0
11
332.324
21
336.49
31
0
0
LINE
5
83F
330
C
100
AcDbEntity
8
0
100
AcDbLine
10
332.324
20
336.49
30
0
11
332.227
21
336.444
31
0
0
LINE
5
840
330
C
100
AcDbEntity
8
0
100
AcDbLine
10
332.227
20
336.444
30
0
11
332.127
21
336.402
31
0
0
LINE
5
841
330
C
100
AcDbEntity
8
0
100
AcDbLine
10
332.127
20
336.402
30
0
11
332.025
21
336.364
31
0
0
LINE
5
842
330
C
100
AcDbEntity
8
0
100
AcDbLine
10
332.025
20
336.364
30
0
11
331.92
21
336.331
31
0
0
LINE
5
843
330
C
100
AcDbEntity
8
0
100
AcDbLine
10
331.92
20
336.331
30
0
11
331.813
21
336.302
31
0
0
LINE
5
844
330
C
100
AcDbEntity
8
0
100
AcDbLine
10
331.813
20
336.302
30
0
11
331.704
21
336.277
31
0
0
LINE
5
845
330
C
100
AcDbEntity
8
0
100
AcDbLine
10
331.704
20
336.277
30
0
11
331.591
21
336.258
31
0
0
LINE
5
846
330
C
100
AcDbEntity
8
0
100
AcDbLine
10
331.591
20
336.258
30
0
11
331.476
21
336.242
31
0
0
LINE
5
847
330
C
100
AcDbEntity
8
0
100
AcDbLine
10
331.476
20
336.242
30
0
11
331.359
21
336.231
31
0
0
LINE
5
848
330
C
100
AcDbEntity
8
0
100
AcDbLine
10
331.359
20
336.231
30
0
11
331.239
21
336.224
31
0
0
LINE
5
849
330
C
100
AcDbEntity
8
0
100
AcDbLine
10
331.239
20
336.224
30
0
11
331.117
21
336.222
31
0
0
LINE
5
84A
330
C
100
AcDbEntity
8
0
100
AcDbLine
10
331.117
20
336.222
30
0
11
331.117
21
336.222
31
0
0
LINE
5
84B
330
C
100
AcDbEntity
8
0
100
AcDbLine
10
336.535
20
336.366
30
0
11
335.599
21
336.366
31
0
0
LINE
5
84C
330
C
100
AcDbEntity
8
0
100
AcDbLine
10
335.599
20
336.366
30
0
11
335.599
21
342.99
31
0
0
LINE
5
84D
330
C
100
AcDbEntity
8
0
100
AcDbLine
10
335.599
20
342.99
30
0
11
335.601
21
343.102
31
0
0
LINE
5
84E
330
C
100
AcDbEntity
8
0
100
AcDbLine
10
335.601
20
343.102
30
0
11
335.608
21
343.21
31
0
0
LINE
5
84F
330
C
100
AcDbEntity
8
0
100
AcDbLine
10
335.608
20
343.21
30
0
11
335.619
21
343.313
31
0
0
LINE
5
850
330
C
100
AcDbEntity
8
0
100
AcDbLine
10
335.619
20
343.313
30
0
11
335.634
21
343.413
31
0
0
LINE
5
851
330
C
100
AcDbEntity
8
0
100
AcDbLine
10
335.634
20
343.413
30
0
11
335.654
21
343.508
31
0
0
LINE
5
852
330
C
100
AcDbEntity
8
0
100
AcDbLine
10
335.654
20
343.508
30
0
11
335.678
21
343.599
31
0
0
LINE
5
853
330
C
100
AcDbEntity
8
0
100
AcDbLine
10
335.678
20
343.599
30
0
11
335.706
21
343.687
31
0
0
LINE
5
854
330
C
100
AcDbEntity
8
0
100
AcDbLine
10
335.706
20
343.687
30
0
11
335.739
21
343.77
31
0
0
LINE
5
855
330
C
100
AcDbEntity
8
0
100
AcDbLine
10
335.739
20
343.77
30
0
11
335.776
21
343.848
31
0
0
LINE
5
856
330
C
100
AcDbEntity
8
0
100
AcDbLine
10
335.776
20
343.848
30
0
11
335.818
21
343.923
31
0
0
LINE
5
857
330
C
100
AcDbEntity
8
0
100
AcDbLine
10
335.818
20
343.923
30
0
11
335.863
21
343.994
31
0
0
LINE
5
858
330
C
100
AcDbEntity
8
0
100
AcDbLine
10
335.863
20
343.994
30
0
11
335.912
21
344.061
31
0
0
LINE
5
859
330
C
100
AcDbEntity
8
0
100
AcDbLine
10
335.912
20
344.061
30
0
11
335.963
21
344.124
31
0
0
LINE
5
85A
330
C
100
AcDbEntity
8
0
100
AcDbLine
10
335.963
20
344.124
30
0
11
336.017
21
344.183
31
0
0
LINE
5
85B
330
C
100
AcDbEntity
8
0
100
AcDbLine
10
336.017
20
344.183
30
0
11
336.075
21
344.239
31
0
0
LINE
5
85C
330
C
100
AcDbEntity
8
0
100
AcDbLine
10
336.075
20
344.239
30
0
11
336.135
21
344.291
31
0
0
LINE
5
85D
330
C
100
AcDbEntity
8
0
100
AcDbLine
10
336.135
20
344.291
30
0
11
336.198
21
344.339
31
0
0
LINE
5
85E
330
C
100
AcDbEntity
8
0
100
AcDbLine
10
336.198
20
344.339
30
0
11
336.264
21
344.383
31
0
0
LINE
5
85F
330
C
100
AcDbEntity
8
0
100
AcDbLine
10
336.264
20
344.383
30
0
11
336.334
21
344.423
31
0
0
LINE
5
860
330
C
100
AcDbEntity
8
0
100
AcDbLine
10
336.334
20
344.423
30
0
11
336.406
21
344.46
31
0
0
LINE
5
861
330
C
100
AcDbEntity
8
0
100
AcDbLine
10
336.406
20
344.46
30
0
11
336.481
21
344.493
31
0
0
LINE
5
862
330
C
100
AcDbEntity
8
0
100
AcDbLine
10
336.481
20
344.493
30
0
11
336.557
21
344.523
31
0
0
LINE
5
863
330
C
100
AcDbEntity
8
0
100
AcDbLine
10
336.557
20
344.523
30
0
11
336.635
21
344.549
31
0
0
LINE
5
864
330
C
100
AcDbEntity
8
0
100
AcDbLine
10
336.635
20
344.549
30
0
11
336.715
21
344.571
31
0
0
LINE
5
865
330
C
100
AcDbEntity
8
0
100
AcDbLine
10
336.715
20
344.571
30
0
11
336.797
21
344.591
31
0
0
LINE
5
866
330
C
100
AcDbEntity
8
0
100
AcDbLine
10
336.797
20
344.591
30
0
11
336.88
21
344.606
31
0
0
LINE
5
867
330
C
100
AcDbEntity
8
0
100
AcDbLine
10
336.88
20
344.606
30
0
11
336.965
21
344.618
31
0
0
LINE
5
868
330
C
100
AcDbEntity
8
0
100
AcDbLine
10
336.965
20
344.618
30
0
11
337.052
21
344.627
31
0
0
LINE
5
869
330
C
100
AcDbEntity
8
0
100
AcDbLine
10
337.052
20
344.627
30
0
11
337.141
21
344.632
31
0
0
LINE
5
86A
330
C
100
AcDbEntity
8
0
100
AcDbLine
10
337.141
20
344.632
30
0
11
337.231
21
344.634
31
0
0
LINE
5
86B
330
C
100
AcDbEntity
8
0
100
AcDbLine
10
337.231
20
344.634
30
0
11
337.231
21
344.634
31
0
0
LINE
5
86C
330
C
100
AcDbEntity
8
0
100
AcDbLine
10
337.231
20
344.634
30
0
11
337.28
21
344.634
31
0
0
LINE
5
86D
330
C
100
AcDbEntity
8
0
100
AcDbLine
10
337.28
20
344.634
30
0
11
337.33
21
344.633
31
0
0
LINE
5
86E
330
C
100
AcDbEntity
8
0
100
AcDbLine
10
337.33
20
344.633
30
0
11
337.379
21
344.631
31
0
0
LINE
5
86F
330
C
100
AcDbEntity
8
0
100
AcDbLine
10
337.379
20
344.631
30
0
11
337.429
21
344.628
31
0
0
LINE
5
870
330
C
100
AcDbEntity
8
0
100
AcDbLine
10
337.429
20
344.628
30
0
11
337.479
21
344.625
31
0
0
LINE
5
871
330
C
100
AcDbEntity
8
0
100
AcDbLine
10
337.479
20
344.625
30
0
11
337.529
21
344.621
31
0
0
LINE
5
872
330
C
100
AcDbEntity
8
0
100
AcDbLine
10
337.529
20
344.621
30
0
11
337.58
21
344.616
31
0
0
LINE
5
873
330
C
100
AcDbEntity
8
0
100
AcDbLine
10
337.58
20
344.616
30
0
11
337.63
21
344.611
31
0
0
LINE
5
874
330
C
100
AcDbEntity
8
0
100
AcDbLine
10
337.63
20
344.611
30
0
11
337.681
21
344.605
31
0
0
LINE
5
875
330
C
100
AcDbEntity
8
0
100
AcDbLine
10
337.681
20
344.605
30
0
11
337.732
21
344.598
31
0
0
LINE
5
876
330
C
100
AcDbEntity
8
0
100
AcDbLine
10
337.732
20
344.598
30
0
11
337.783
21
344.59
31
0
0
LINE
5
877
330
C
100
AcDbEntity
8
0
100
AcDbLine
10
337.783
20
344.59
30
0
11
337.834
21
344.582
31
0
0
LINE
5
878
330
C
100
AcDbEntity
8
0
100
AcDbLine
10
337.834
20
344.582
30
0
11
337.885
21
344.573
31
0
0
LINE
5
879
330
C
100
AcDbEntity
8
0
100
AcDbLine
10
337.885
20
344.573
30
0
11
337.936
21
344.563
31
0
0
LINE
5
87A
330
C
100
AcDbEntity
8
0
100
AcDbLine
10
337.936
20
344.563
30
0
11
337.986
21
344.553
31
0
0
LINE
5
87B
330
C
100
AcDbEntity
8
0
100
AcDbLine
10
337.986
20
344.553
30
0
11
338.037
21
344.542
31
0
0
LINE
5
87C
330
C
100
AcDbEntity
8
0
100
AcDbLine
10
338.037
20
344.542
30
0
11
338.088
21
344.53
31
0
0
LINE
5
87D
330
C
100
AcDbEntity
8
0
100
AcDbLine
10
338.088
20
344.53
30
0
11
338.138
21
344.517
31
0
0
LINE
5
87E
330
C
100
AcDbEntity
8
0
100
AcDbLine
10
338.138
20
344.517
30
0
11
338.189
21
344.504
31
0
0
LINE
5
87F
330
C
100
AcDbEntity
8
0
100
AcDbLine
10
338.189
20
344.504
30
0
11
338.239
21
344.49
31
0
0
LINE
5
880
330
C
100
AcDbEntity
8
0
100
AcDbLine
10
338.239
20
344.49
30
0
11
338.239
21
344.49
31
0
0
LINE
5
881
330
C
100
AcDbEntity
8
0
100
AcDbLine
10
338.239
20
344.49
30
0
11
338.059
21
343.746
31
0
0
LINE
5
882
330
C
100
AcDbEntity
8
0
100
AcDbLine
10
338.059
20
343.746
30
0
11
338.023
21
343.76
31
0
0
LINE
5
883
330
C
100
AcDbEntity
8
0
100
AcDbLine
10
338.023
20
343.76
30
0
11
337.987
21
343.773
31
0
0
LINE
5
884
330
C
100
AcDbEntity
8
0
100
AcDbLine
10
337.987
20
343.773
30
0
11
337.951
21
343.786
31
0
0
LINE
5
885
330
C
100
AcDbEntity
8
0
100
AcDbLine
10
337.951
20
343.786
30
0
11
337.915
21
343.798
31
0
0
LINE
5
886
330
C
100
AcDbEntity
8
0
100
AcDbLine
10
337.915
20
343.798
30
0
11
337.88
21
343.809
31
0
0
LINE
5
887
330
C
100
AcDbEntity
8
0
100
AcDbLine
10
337.88
20
343.809
30
0
11
337.844
21
343.819
31
0
0
LINE
5
888
330
C
100
AcDbEntity
8
0
100
AcDbLine
10
337.844
20
343.819
30
0
11
337.808
21
343.829
31
0
0
LINE
5
889
330
C
100
AcDbEntity
8
0
100
AcDbLine
10
337.808
20
343.829
30
0
11
337.773
21
343.838
31
0
0
LINE
5
88A
330
C
100
AcDbEntity
8
0
100
AcDbLine
10
337.773
20
343.838
30
0
11
337.737
21
343.846
31
0
0
LINE
5
88B
330
C
100
AcDbEntity
8
0
100
AcDbLine
10
337.737
20
343.846
30
0
11
337.702
21
343.854
31
0
0
LINE
5
88C
330
C
100
AcDbEntity
8
0
100
AcDbLine
10
337.702
20
343.854
30
0
11
337.667
21
343.861
31
0
0
LINE
5
88D
330
C
100
AcDbEntity
8
0
100
AcDbLine
10
337.667
20
343.861
30
0
11
337.632
21
343.867
31
0
0
LINE
5
88E
330
C
100
AcDbEntity
8
0
100
AcDbLine
10
337.632
20
343.867
30
0
11
337.597
21
343.872
31
0
0
LINE
5
88F
330
C
100
AcDbEntity
8
0
100
AcDbLine
10
337.597
20
343.872
30
0
11
337.563
21
343.877
31
0
0
LINE
5
890
330
C
100
AcDbEntity
8
0
100
AcDbLine
10
337.563
20
343.877
30
0
11
337.529
21
343.881
31
0
0
LINE
5
891
330
C
100
AcDbEntity
8
0
100
AcDbLine
10
337.529
20
343.881
30
0
11
337.495
21
343.884
31
0
0
LINE
5
892
330
C
100
AcDbEntity
8
0
100
AcDbLine
10
337.495
20
343.884
30
0
11
337.462
21
343.887
31
0
0
LINE
5
893
330
C
100
AcDbEntity
8
0
100
AcDbLine
10
337.462
20
343.887
30
0
11
337.428
21
343.889
31
0
0
LINE
5
894
330
C
100
AcDbEntity
8
0
100
AcDbLine
10
337.428
20
343.889
30
0
11
337.396
21
343.89
31
0
0
LINE
5
895
330
C
100
AcDbEntity
8
0
100
AcDbLine
10
337.396
20
343.89
30
0
11
337.363
21
343.89
31
0
0
LINE
5
896
330
C
100
AcDbEntity
8
0
100
AcDbLine
10
337.363
20
343.89
30
0
11
337.363
21
343.89
31
0
0
LINE
5
897
330
C
100
AcDbEntity
8
0
100
AcDbLine
10
337.363
20
343.89
30
0
11
337.325
21
343.889
31
0
0
LINE
5
898
330
C
100
AcDbEntity
8
0
100
AcDbLine
10
337.325
20
343.889
30
0
11
337.286
21
343.887
31
0
0
LINE
5
899
330
C
100
AcDbEntity
8
0
100
AcDbLine
10
337.286
20
343.887
30
0
11
337.248
21
343.884
31
0
0
LINE
5
89A
330
C
100
AcDbEntity
8
0
100
AcDbLine
10
337.248
20
343.884
30
0
11
337.209
21
343.878
31
0
0
LINE
5
89B
330
C
100
AcDbEntity
8
0
100
AcDbLine
10
337.209
20
343.878
30
0
11
337.171
21
343.872
31
0
0
LINE
5
89C
330
C
100
AcDbEntity
8
0
100
AcDbLine
10
337.171
20
343.872
30
0
11
337.133
21
343.864
31
0
0
LINE
5
89D
330
C
100
AcDbEntity
8
0
100
AcDbLine
10
337.133
20
343.864
30
0
11
337.094
21
343.855
31
0
0
LINE
5
89E
330
C
100
AcDbEntity
8
0
100
AcDbLine
10
337.094
20
343.855
30
0
11
337.056
21
343.844
31
0
0
LINE
5
89F
330
C
100
AcDbEntity
8
0
100
AcDbLine
10
337.056
20
343.844
30
0
11
337.017
21
343.832
31
0
0
LINE
5
8A0
330
C
100
AcDbEntity
8
0
100
AcDbLine
10
337.017
20
343.832
30
0
11
336.979
21
343.818
31
0
0
LINE
5
8A1
330
C
100
AcDbEntity
8
0
100
AcDbLine
10
336.979
20
343.818
30
0
11
336.941
21
343.802
31
0
0
LINE
5
8A2
330
C
100
AcDbEntity
8
0
100
AcDbLine
10
336.941
20
343.802
30
0
11
336.905
21
343.784
31
0
0
LINE
5
8A3
330
C
100
AcDbEntity
8
0
100
AcDbLine
10
336.905
20
343.784
30
0
11
336.87
21
343.763
31
0
0
LINE
5
8A4
330
C
100
AcDbEntity
8
0
100
AcDbLine
10
336.87
20
343.763
30
0
11
336.836
21
343.74
31
0
0
LINE
5
8A5
330
C
100
AcDbEntity
8
0
100
AcDbLine
10
336.836
20
343.74
30
0
11
336.803
21
343.714
31
0
0
LINE
5
8A6
330
C
100
AcDbEntity
8
0
100
AcDbLine
10
336.803
20
343.714
30
0
11
336.772
21
343.686
31
0
0
LINE
5
8A7
330
C
100
AcDbEntity
8
0
100
AcDbLine
10
336.772
20
343.686
30
0
11
336.743
21
343.655
31
0
0
LINE
5
8A8
330
C
100
AcDbEntity
8
0
100
AcDbLine
10
336.743
20
343.655
30
0
11
336.714
21
343.622
31
0
0
LINE
5
8A9
330
C
100
AcDbEntity
8
0
100
AcDbLine
10
336.714
20
343.622
30
0
11
336.687
21
343.586
31
0
0
LINE
5
8AA
330
C
100
AcDbEntity
8
0
100
AcDbLine
10
336.687
20
343.586
30
0
11
336.661
21
343.548
31
0
0
LINE
5
8AB
330
C
100
AcDbEntity
8
0
100
AcDbLine
10
336.661
20
343.548
30
0
11
336.637
21
343.507
31
0
0
LINE
5
8AC
330
C
100
AcDbEntity
8
0
100
AcDbLine
10
336.637
20
343.507
30
0
11
336.616
21
343.462
31
0
0
LINE
5
8AD
330
C
100
AcDbEntity
8
0
100
AcDbLine
10
336.616
20
343.462
30
0
11
336.597
21
343.414
31
0
0
LINE
5
8AE
330
C
100
AcDbEntity
8
0
100
AcDbLine
10
336.597
20
343.414
30
0
11
336.58
21
343.362
31
0
0
LINE
5
8AF
330
C
100
AcDbEntity
8
0
100
AcDbLine
10
336.58
20
343.362
30
0
11
336.567
21
343.307
31
0
0
LINE
5
8B0
330
C
100
AcDbEntity
8
0
100
AcDbLine
10
336.567
20
343.307
30
0
11
336.555
21
343.248
31
0
0
LINE
5
8B1
330
C
100
AcDbEntity
8
0
100
AcDbLine
10
336.555
20
343.248
30
0
11
336.546
21
343.186
31
0
0
LINE
5
8B2
330
C
100
AcDbEntity
8
0
100
AcDbLine
10
336.546
20
343.186
30
0
11
336.54
21
343.12
31
0
0
LINE
5
8B3
330
C
100
AcDbEntity
8
0
100
AcDbLine
10
336.54
20
343.12
30
0
11
336.536
21
343.051
31
0
0
LINE
5
8B4
330
C
100
AcDbEntity
8
0
100
AcDbLine
10
336.536
20
343.051
30
0
11
336.535
21
342.978
31
0
0
LINE
5
8B5
330
C
100
AcDbEntity
8
0
100
AcDbLine
10
336.535
20
342.978
30
0
11
336.535
21
342.978
31
0
0
LINE
5
8B6
330
C
100
AcDbEntity
8
0
100
AcDbLine
10
336.535
20
342.978
30
0
11
336.535
21
336.366
31
0
0
LINE
5
8B7
330
C
100
AcDbEntity
8
0
100
AcDbLine
10
336.535
20
336.366
30
0
11
336.535
21
336.366
31
0
0
LINE
5
8B8
330
C
100
AcDbEntity
8
0
100
AcDbLine
10
337.723
20
341.454
30
0
11
334.663
21
341.454
31
0
0
LINE
5
8B9
330
C
100
AcDbEntity
8
0
100
AcDbLine
10
334.663
20
341.454
30
0
11
334.663
21
342.102
31
0
0
LINE
5
8BA
330
C
100
AcDbEntity
8
0
100
AcDbLine
10
334.663
20
342.102
30
0
11
337.723
21
342.102
31
0
0
LINE
5
8BB
330
C
100
AcDbEntity
8
0
100
AcDbLine
10
337.723
20
342.102
30
0
11
337.723
21
341.454
31
0
0
LINE
5
8BC
330
C
100
AcDbEntity
8
0
100
AcDbLine
10
337.723
20
341.454
30
0
11
337.723
21
341.454
31
0
0
LINE
5
8BD
330
C
100
AcDbEntity
8
0
100
AcDbLine
10
341.161
20
336.222
30
0
11
341.161
21
336.222
31
0
0
LINE
5
8BE
330
C
100
AcDbEntity
8
0
100
AcDbLine
10
341.161
20
336.222
30
0
11
341.068
21
336.224
31
0
0
LINE
5
8BF
330
C
100
AcDbEntity
8
0
100
AcDbLine
10
341.068
20
336.224
30
0
11
340.978
21
336.229
31
0
0
LINE
5
8C0
330
C
100
AcDbEntity
8
0
100
AcDbLine
10
340.978
20
336.229
30
0
11
340.889
21
336.238
31
0
0
LINE
5
8C1
330
C
100
AcDbEntity
8
0
100
AcDbLine
10
340.889
20
336.238
30
0
11
340.802
21
336.251
31
0
0
LINE
5
8C2
330
C
100
AcDbEntity
8
0
100
AcDbLine
10
340.802
20
336.251
30
0
11
340.717
21
336.267
31
0
0
LINE
5
8C3
330
C
100
AcDbEntity
8
0
100
AcDbLine
10
340.717
20
336.267
30
0
11
340.634
21
336.287
31
0
0
LINE
5
8C4
330
C
100
AcDbEntity
8
0
100
AcDbLine
10
340.634
20
336.287
30
0
11
340.553
21
336.31
31
0
0
LINE
5
8C5
330
C
100
AcDbEntity
8
0
100
AcDbLine
10
340.553
20
336.31
30
0
11
340.474
21
336.337
31
0
0
LINE
5
8C6
330
C
100
AcDbEntity
8
0
100
AcDbLine
10
340.474
20
336.337
30
0
11
340.396
21
336.368
31
0
0
LINE
5
8C7
330
C
100
AcDbEntity
8
0
100
AcDbLine
10
340.396
20
336.368
30
0
11
340.321
21
336.402
31
0
0
LINE
5
8C8
330
C
100
AcDbEntity
8
0
100
AcDbLine
10
340.321
20
336.402
30
0
11
340.248
21
336.44
31
0
0
LINE
5
8C9
330
C
100
AcDbEntity
8
0
100
AcDbLine
10
340.248
20
336.44
30
0
11
340.178
21
336.481
31
0
0
LINE
5
8CA
330
C
100
AcDbEntity
8
0
100
AcDbLine
10
340.178
20
336.481
30
0
11
340.112
21
336.526
31
0
0
LINE
5
8CB
330
C
100
AcDbEntity
8
0
100
AcDbLine
10
340.112
20
336.526
30
0
11
340.048
21
336.575
31
0
0
LINE
5
8CC
330
C
100
AcDbEntity
8
0
100
AcDbLine
10
340.048
20
336.575
30
0
11
339.988
21
336.627
31
0
0
LINE
5
8CD
330
C
100
AcDbEntity
8
0
100
AcDbLine
10
339.988
20
336.627
30
0
11
339.931
21
336.683
31
0
0
LINE
5
8CE
330
C
100
AcDbEntity
8
0
100
AcDbLine
10
339.931
20
336.683
30
0
11
339.877
21
336.742
31
0
0
LINE
5
8CF
330
C
100
AcDbEntity
8
0
100
AcDbLine
10
339.877
20
336.742
30
0
11
339.826
21
336.805
31
0
0
LINE
5
8D0
330
C
100
AcDbEntity
8
0
100
AcDbLine
10
339.826
20
336.805
30
0
11
339.778
21
336.872
31
0
0
LINE
5
8D1
330
C
100
AcDbEntity
8
0
100
AcDbLine
10
339.778
20
336.872
30
0
11
339.733
21
336.942
31
0
0
LINE
5
8D2
330
C
100
AcDbEntity
8
0
100
AcDbLine
10
339.733
20
336.942
30
0
11
339.692
21
337.016
31
0
0
LINE
5
8D3
330
C
100
AcDbEntity
8
0
100
AcDbLine
10
339.692
20
337.016
30
0
11
339.655
21
337.093
31
0
0
LINE
5
8D4
330
C
100
AcDbEntity
8
0
100
AcDbLine
10
339.655
20
337.093
30
0
11
339.623
21
337.174
31
0
0
LINE
5
8D5
330
C
100
AcDbEntity
8
0
100
AcDbLine
10
339.623
20
337.174
30
0
11
339.595
21
337.259
31
0
0
LINE
5
8D6
330
C
100
AcDbEntity
8
0
100
AcDbLine
10
339.595
20
337.259
30
0
11
339.571
21
337.347
31
0
0
LINE
5
8D7
330
C
100
AcDbEntity
8
0
100
AcDbLine
10
339.571
20
337.347
30
0
11
339.552
21
337.439
31
0
0
LINE
5
8D8
330
C
100
AcDbEntity
8
0
100
AcDbLine
10
339.552
20
337.439
30
0
11
339.536
21
337.534
31
0
0
LINE
5
8D9
330
C
100
AcDbEntity
8
0
100
AcDbLine
10
339.536
20
337.534
30
0
11
339.526
21
337.633
31
0
0
LINE
5
8DA
330
C
100
AcDbEntity
8
0
100
AcDbLine
10
339.526
20
337.633
30
0
11
339.519
21
337.736
31
0
0
LINE
5
8DB
330
C
100
AcDbEntity
8
0
100
AcDbLine
10
339.519
20
337.736
30
0
11
339.517
21
337.842
31
0
0
LINE
5
8DC
330
C
100
AcDbEntity
8
0
100
AcDbLine
10
339.517
20
337.842
30
0
11
339.517
21
337.842
31
0
0
LINE
5
8DD
330
C
100
AcDbEntity
8
0
100
AcDbLine
10
339.517
20
337.842
30
0
11
339.517
21
343.698
31
0
0
LINE
5
8DE
330
C
100
AcDbEntity
8
0
100
AcDbLine
10
339.517
20
343.698
30
0
11
340.441
21
343.698
31
0
0
LINE
5
8DF
330
C
100
AcDbEntity
8
0
100
AcDbLine
10
340.441
20
343.698
30
0
11
340.441
21
337.866
31
0
0
LINE
5
8E0
330
C
100
AcDbEntity
8
0
100
AcDbLine
10
340.441
20
337.866
30
0
11
340.449
21
337.697
31
0
0
LINE
5
8E1
330
C
100
AcDbEntity
8
0
100
AcDbLine
10
340.449
20
337.697
30
0
11
340.474
21
337.546
31
0
0
LINE
5
8E2
330
C
100
AcDbEntity
8
0
100
AcDbLine
10
340.474
20
337.546
30
0
11
340.516
21
337.413
31
0
0
LINE
5
8E3
330
C
100
AcDbEntity
8
0
100
AcDbLine
10
340.516
20
337.413
30
0
11
340.573
21
337.298
31
0
0
LINE
5
8E4
330
C
100
AcDbEntity
8
0
100
AcDbLine
10
340.573
20
337.298
30
0
11
340.648
21
337.2
31
0
0
LINE
5
8E5
330
C
100
AcDbEntity
8
0
100
AcDbLine
10
340.648
20
337.2
30
0
11
340.739
21
337.12
31
0
0
LINE
5
8E6
330
C
100
AcDbEntity
8
0
100
AcDbLine
10
340.739
20
337.12
30
0
11
340.847
21
337.058
31
0
0
LINE
5
8E7
330
C
100
AcDbEntity
8
0
100
AcDbLine
10
340.847
20
337.058
30
0
11
340.971
21
337.014
31
0
0
LINE
5
8E8
330
C
100
AcDbEntity
8
0
100
AcDbLine
10
340.971
20
337.014
30
0
11
341.112
21
336.987
31
0
0
LINE
5
8E9
330
C
100
AcDbEntity
8
0
100
AcDbLine
10
341.112
20
336.987
30
0
11
341.269
21
336.978
31
0
0
LINE
5
8EA
330
C
100
AcDbEntity
8
0
100
AcDbLine
10
341.269
20
336.978
30
0
11
341.269
21
336.978
31
0
0
LINE
5
8EB
330
C
100
AcDbEntity
8
0
100
AcDbLine
10
341.269
20
336.978
30
0
11
341.318
21
336.979
31
0
0
LINE
5
8EC
330
C
100
AcDbEntity
8
0
100
AcDbLine
10
341.318
20
336.979
30
0
11
341.367
21
336.98
31
0
0
LINE
5
8ED
330
C
100
AcDbEntity
8
0
100
AcDbLine
10
341.367
20
336.98
30
0
11
341.415
21
336.983
31
0
0
LINE
5
8EE
330
C
100
AcDbEntity
8
0
100
AcDbLine
10
341.415
20
336.983
30
0
11
341.463
21
336.987
31
0
0
LINE
5
8EF
330
C
100
AcDbEntity
8
0
100
AcDbLine
10
341.463
20
336.987
30
0
11
341.511
21
336.991
31
0
0
LINE
5
8F0
330
C
100
AcDbEntity
8
0
100
AcDbLine
10
341.511
20
336.991
30
0
11
341.559
21
336.997
31
0
0
LINE
5
8F1
330
C
100
AcDbEntity
8
0
100
AcDbLine
10
341.559
20
336.997
30
0
11
341.606
21
337.004
31
0
0
LINE
5
8F2
330
C
100
AcDbEntity
8
0
100
AcDbLine
10
341.606
20
337.004
30
0
11
341.653
21
337.013
31
0
0
LINE
5
8F3
330
C
100
AcDbEntity
8
0
100
AcDbLine
10
341.653
20
337.013
30
0
11
341.7
21
337.022
31
0
0
LINE
5
8F4
330
C
100
AcDbEntity
8
0
100
AcDbLine
10
341.7
20
337.022
30
0
11
341.746
21
337.032
31
0
0
LINE
5
8F5
330
C
100
AcDbEntity
8
0
100
AcDbLine
10
341.746
20
337.032
30
0
11
341.793
21
337.043
31
0
0
LINE
5
8F6
330
C
100
AcDbEntity
8
0
100
AcDbLine
10
341.793
20
337.043
30
0
11
341.841
21
337.056
31
0
0
LINE
5
8F7
330
C
100
AcDbEntity
8
0
100
AcDbLine
10
341.841
20
337.056
30
0
11
341.89
21
337.069
31
0
0
LINE
5
8F8
330
C
100
AcDbEntity
8
0
100
AcDbLine
10
341.89
20
337.069
30
0
11
341.94
21
337.084
31
0
0
LINE
5
8F9
330
C
100
AcDbEntity
8
0
100
AcDbLine
10
341.94
20
337.084
30
0
11
341.991
21
337.099
31
0
0
LINE
5
8FA
330
C
100
AcDbEntity
8
0
100
AcDbLine
10
341.991
20
337.099
30
0
11
342.044
21
337.116
31
0
0
LINE
5
8FB
330
C
100
AcDbEntity
8
0
100
AcDbLine
10
342.044
20
337.116
30
0
11
342.097
21
337.134
31
0
0
LINE
5
8FC
330
C
100
AcDbEntity
8
0
100
AcDbLine
10
342.097
20
337.134
30
0
11
342.152
21
337.153
31
0
0
LINE
5
8FD
330
C
100
AcDbEntity
8
0
100
AcDbLine
10
342.152
20
337.153
30
0
11
342.208
21
337.173
31
0
0
LINE
5
8FE
330
C
100
AcDbEntity
8
0
100
AcDbLine
10
342.208
20
337.173
30
0
11
342.265
21
337.194
31
0
0
LINE
5
8FF
330
C
100
AcDbEntity
8
0
100
AcDbLine
10
342.265
20
337.194
30
0
11
342.265
21
337.194
31
0
0
LINE
5
900
330
C
100
AcDbEntity
8
0
100
AcDbLine
10
342.265
20
337.194
30
0
11
342.397
21
336.522
31
0
0
LINE
5
901
330
C
100
AcDbEntity
8
0
100
AcDbLine
10
342.397
20
336.522
30
0
11
342.336
21
336.496
31
0
0
LINE
5
902
330
C
100
AcDbEntity
8
0
100
AcDbLine
10
342.336
20
336.496
30
0
11
342.275
21
336.471
31
0
0
LINE
5
903
330
C
100
AcDbEntity
8
0
100
AcDbLine
10
342.275
20
336.471
30
0
11
342.214
21
336.447
31
0
0
LINE
5
904
330
C
100
AcDbEntity
8
0
100
AcDbLine
10
342.214
20
336.447
30
0
11
342.153
21
336.424
31
0
0
LINE
5
905
330
C
100
AcDbEntity
8
0
100
AcDbLine
10
342.153
20
336.424
30
0
11
342.092
21
336.402
31
0
0
LINE
5
906
330
C
100
AcDbEntity
8
0
100
AcDbLine
10
342.092
20
336.402
30
0
11
342.031
21
336.381
31
0
0
LINE
5
907
330
C
100
AcDbEntity
8
0
100
AcDbLine
10
342.031
20
336.381
30
0
11
341.97
21
336.361
31
0
0
LINE
5
908
330
C
100
AcDbEntity
8
0
100
AcDbLine
10
341.97
20
336.361
30
0
11
341.909
21
336.342
31
0
0
LINE
5
909
330
C
100
AcDbEntity
8
0
100
AcDbLine
10
341.909
20
336.342
30
0
11
341.849
21
336.323
31
0
0
LINE
5
90A
330
C
100
AcDbEntity
8
0
100
AcDbLine
10
341.849
20
336.323
30
0
11
341.788
21
336.306
31
0
0
LINE
5
90B
330
C
100
AcDbEntity
8
0
100
AcDbLine
10
341.788
20
336.306
30
0
11
341.727
21
336.29
31
0
0
LINE
5
90C
330
C
100
AcDbEntity
8
0
100
AcDbLine
10
341.727
20
336.29
30
0
11
341.666
21
336.276
31
0
0
LINE
5
90D
330
C
100
AcDbEntity
8
0
100
AcDbLine
10
341.666
20
336.276
30
0
11
341.604
21
336.263
31
0
0
LINE
5
90E
330
C
100
AcDbEntity
8
0
100
AcDbLine
10
341.604
20
336.263
30
0
11
341.542
21
336.252
31
0
0
LINE
5
90F
330
C
100
AcDbEntity
8
0
100
AcDbLine
10
341.542
20
336.252
30
0
11
341.48
21
336.243
31
0
0
LINE
5
910
330
C
100
AcDbEntity
8
0
100
AcDbLine
10
341.48
20
336.243
30
0
11
341.417
21
336.235
31
0
0
LINE
5
911
330
C
100
AcDbEntity
8
0
100
AcDbLine
10
341.417
20
336.235
30
0
11
341.354
21
336.23
31
0
0
LINE
5
912
330
C
100
AcDbEntity
8
0
100
AcDbLine
10
341.354
20
336.23
30
0
11
341.29
21
336.225
31
0
0
LINE
5
913
330
C
100
AcDbEntity
8
0
100
AcDbLine
10
341.29
20
336.225
30
0
11
341.226
21
336.223
31
0
0
LINE
5
914
330
C
100
AcDbEntity
8
0
100
AcDbLine
10
341.226
20
336.223
30
0
11
341.161
21
336.222
31
0
0
LINE
5
915
330
C
100
AcDbEntity
8
0
100
AcDbLine
10
341.161
20
336.222
30
0
11
341.161
21
336.222
31
0
0
LINE
5
916
330
C
100
AcDbEntity
8
0
100
AcDbLine
10
342.253
20
341.454
30
0
11
338.593
21
341.454
31
0
0
LINE
5
917
330
C
100
AcDbEntity
8
0
100
AcDbLine
10
338.593
20
341.454
30
0
11
338.593
21
342.102
31
0
0
LINE
5
918
330
C
100
AcDbEntity
8
0
100
AcDbLine
10
338.593
20
342.102
30
0
11
342.253
21
342.102
31
0
0
LINE
5
919
330
C
100
AcDbEntity
8
0
100
AcDbLine
10
342.253
20
342.102
30
0
11
342.253
21
341.454
31
0
0
LINE
5
91A
330
C
100
AcDbEntity
8
0
100
AcDbLine
10
342.253
20
341.454
30
0
11
342.253
21
341.454
31
0
0
LINE
5
91B
330
C
100
AcDbEntity
8
0
100
AcDbLine
10
492
20
3
30
0
11
492
21
0
31
0
0
LINE
5
91C
330
C
100
AcDbEntity
8
0
100
AcDbLine
10
492
20
0
30
0
11
501
21
0
31
0
0
LINE
5
91D
330
C
100
AcDbEntity
8
0
100
AcDbLine
10
501
20
0
30
0
11
501
21
3
31
0
0
LINE
5
91E
330
C
100
AcDbEntity
8
0
100
AcDbLine
10
501
20
3
30
0
11
510
21
3
31
0
0
LINE
5
91F
330
C
100
AcDbEntity
8
0
100
AcDbLine
10
510
20
3
30
0
11
510
21
0
31
0
0
LINE
5
920
330
C
100
AcDbEntity
8
0
100
AcDbLine
10
510
20
0
30
0
11
519
21
0
31
0
0
LINE
5
921
330
C
100
AcDbEntity
8
0
100
AcDbLine
10
519
20
0
30
0
11
519
21
3
31
0
0
LINE
5
922
330
C
100
AcDbEntity
8
0
100
AcDbLine
10
519
20
3
30
0
11
528
21
3
31
0
0
LINE
5
923
330
C
100
AcDbEntity
8
0
100
AcDbLine
10
528
20
3
30
0
11
528
21
0
31
0
0
LINE
5
924
330
C
100
AcDbEntity
8
0
100
AcDbLine
10
528
20
0
30
0
11
537
21
0
31
0
0
LINE
5
925
330
C
100
AcDbEntity
8
0
100
AcDbLine
10
537
20
0
30
0
11
537
21
3
31
0
0
LINE
5
926
330
C
100
AcDbEntity
8
0
100
AcDbLine
10
537
20
3
30
0
11
546
21
3
31
0
0
LINE
5
927
330
C
100
AcDbEntity
8
0
100
AcDbLine
10
546
20
3
30
0
11
546
21
0
31
0
0
LINE
5
928
330
C
100
AcDbEntity
8
0
100
AcDbLine
10
546
20
0
30
0
11
555
21
0
31
0
0
LINE
5
929
330
C
100
AcDbEntity
8
0
100
AcDbLine
10
555
20
0
30
0
11
555
21
3
31
0
0
LINE
5
92A
330
C
100
AcDbEntity
8
0
100
AcDbLine
10
555
20
3
30
0
11
564
21
3
31
0
0
LINE
5
92B
330
C
100
AcDbEntity
8
0
100
AcDbLine
10
564
20
3
30
0
11
564
21
0
31
0
0
LINE
5
92C
330
C
100
AcDbEntity
8
0
100
AcDbLine
10
564
20
0
30
0
11
573
21
0
31
0
0
LINE
5
92D
330
C
100
AcDbEntity
8
0
100
AcDbLine
10
573
20
0
30
0
11
573
21
3
31
0
0
LINE
5
92E
330
C
100
AcDbEntity
8
0
100
AcDbLine
10
573
20
3
30
0
11
582
21
3
31
0
0
LINE
5
92F
330
C
100
AcDbEntity
8
0
100
AcDbLine
10
582
20
3
30
0
11
582
21
0
31
0
0
LINE
5
930
330
C
100
AcDbEntity
8
0
100
AcDbLine
10
582
20
0
30
0
11
591
21
0
31
0
0
LINE
5
931
330
C
100
AcDbEntity
8
0
100
AcDbLine
10
591
20
0
30
0
11
591
21
3
31
0
0
LINE
5
932
330
C
100
AcDbEntity
8
0
100
AcDbLine
10
591
20
3
30
0
11
600
21
3
31
0
0
LINE
5
933
330
C
100
AcDbEntity
8
0
100
AcDbLine
10
600
20
3
30
0
11
600
21
0
31
0
0
LINE
5
934
330
C
100
AcDbEntity
8
0
100
AcDbLine
10
600
20
0
30
0
11
609
21
0
31
0
0
LINE
5
935
330
C
100
AcDbEntity
8
0
100
AcDbLine
10
609
20
0
30
0
11
609
21
3
31
0
0
LINE
5
936
330
C
100
AcDbEntity
8
0
100
AcDbLine
10
609
20
3
30
0
11
618
21
3
31
0
0
LINE
5
937
330
C
100
AcDbEntity
8
0
100
AcDbLine
10
618
20
3
30
0
11
618
21
0
31
0
0
LINE
5
938
330
C
100
AcDbEntity
8
0
100
AcDbLine
10
618
20
0
30
0
11
627
21
0
31
0
0
LINE
5
939
330
C
100
AcDbEntity
8
0
100
AcDbLine
10
627
20
0
30
0
11
627
21
3
31
0
0
LINE
5
93A
330
C
100
AcDbEntity
8
0
100
AcDbLine
10
627
20
3
30
0
11
636
21
3
31
0
0
LINE
5
93B
330
C
100
AcDbEntity
8
0
100
AcDbLine
10
636
20
3
30
0
11
636
21
0
31
0
0
LINE
5
93C
330
C
100
AcDbEntity
8
0
100
AcDbLine
10
636
20
0
30
0
11
645
21
0
31
0
0
LINE
5
93D
330
C
100
AcDbEntity
8
0
100
AcDbLine
10
645
20
0
30
0
11
645
21
3
31
0
0
LINE
5
93E
330
C
100
AcDbEntity
8
0
100
AcDbLine
10
645
20
3
30
0
11
654
21
3
31
0
0
LINE
5
93F
330
C
100
AcDbEntity
8
0
100
AcDbLine
10
654
20
3
30
0
11
654
21
0
31
0
0
LINE
5
940
330
C
100
AcDbEntity
8
0
100
AcDbLine
10
654
20
0
30
0
11
662
21
0
31
0
0
LINE
5
941
330
C
100
AcDbEntity
8
0
100
AcDbLine
10
662
20
0
30
0
11
665
21
0
31
0
0
LINE
5
942
330
C
100
AcDbEntity
8
0
100
AcDbLine
10
665
20
0
30
0
11
665
21
3
31
0
0
LINE
5
943
330
C
100
AcDbEntity
8
0
100
AcDbLine
10
665
20
3
30
0
11
665
21
10
31
0
0
LINE
5
944
330
C
100
AcDbEntity
8
0
100
AcDbLine
10
665
20
10
30
0
11
662
21
10
31
0
0
LINE
5
945
330
C
100
AcDbEntity
8
0
100
AcDbLine
10
662
20
10
30
0
11
662
21
19
31
0
0
LINE
5
946
330
C
100
AcDbEntity
8
0
100
AcDbLine
10
662
20
19
30
0
11
665
21
19
31
0
0
LINE
5
947
330
C
100
AcDbEntity
8
0
100
AcDbLine
10
665
20
19
30
0
11
665
21
28
31
0
0
LINE
5
948
330
C
100
AcDbEntity
8
0
100
AcDbLine
10
665
20
28
30
0
11
662
21
28
31
0
0
LINE
5
949
330
C
100
AcDbEntity
8
0
100
AcDbLine
10
662
20
28
30
0
11
662
21
37
31
0
0
LINE
5
94A
330
C
100
AcDbEntity
8
0
100
AcDbLine
10
662
20
37
30
0
11
665
21
37
31
0
0
LINE
5
94B
330
C
100
AcDbEntity
8
0
100
AcDbLine
10
665
20
37
30
0
11
665
21
46
31
0
0
LINE
5
94C
330
C
100
AcDbEntity
8
0
100
AcDbLine
10
665
20
46
30
0
11
662
21
46
31
0
0
LINE
5
94D
330
C
100
AcDbEntity
8
0
100
AcDbLine
10
662
20
46
30
0
11
662
21
55
31
0
0
LINE
5
94E
330
C
100
AcDbEntity
8
0
100
AcDbLine
10
662
20
55
30
0
11
665
21
55
31
0
0
LINE
5
94F
330
C
100
AcDbEntity
8
0
100
AcDbLine
10
665
20
55
30
0
11
665
21
64
31
0
0
LINE
5
950
330
C
100
AcDbEntity
8
0
100
AcDbLine
10
665
20
64
30
0
11
662
21
64
31
0
0
LINE
5
951
330
C
100
AcDbEntity
8
0
100
AcDbLine
10
662
20
64
30
0
11
662
21
73
31
0
0
LINE
5
952
330
C
100
AcDbEntity
8
0
100
AcDbLine
10
662
20
73
30
0
11
665
21
73
31
0
0
LINE
5
953
330
C
100
AcDbEntity
8
0
100
AcDbLine
10
665
20
73
30
0
11
665
21
82
31
0
0
LINE
5
954
330
C
100
AcDbEntity
8
0
100
AcDbLine
10
665
20
82
30
0
11
662
21
82
31
0
0
LINE
5
955
330
C
100
AcDbEntity
8
0
100
AcDbLine
10
662
20
82
30
0
11
662
21
91
31
0
0
LINE
5
956
330
C
100
AcDbEntity
8
0
100
AcDbLine
10
662
20
91
30
0
11
665
21
91
31
0
0
LINE
5
957
330
C
100
AcDbEntity
8
0
100
AcDbLine
10
665
20
91
30
0
11
665
21
100
31
0
0
LINE
5
958
330
C
100
AcDbEntity
8
0
100
AcDbLine
10
665
20
100
30
0
11
662
21
100
31
0
0
LINE
5
959
330
C
100
AcDbEntity
8
0
100
AcDbLine
10
662
20
100
30
0
11
662
21
109
31
0
0
LINE
5
95A
330
C
100
AcDbEntity
8
0
100
AcDbLine
10
662
20
109
30
0
11
665
21
109
31
0
0
LINE
5
95B
330
C
100
AcDbEntity
8
0
100
AcDbLine
10
665
20
109
30
0
11
665
21
118
31
0
0
LINE
5
95C
330
C
100
AcDbEntity
8
0
100
AcDbLine
10
665
20
118
30
0
11
662
21
118
31
0
0
LINE
5
95D
330
C
100
AcDbEntity
8
0
100
AcDbLine
10
662
20
118
30
0
11
662
21
127
31
0
0
LINE
5
95E
330
C
100
AcDbEntity
8
0
100
AcDbLine
10
662
20
127
30
0
11
665
21
127
31
0
0
LINE
5
95F
330
C
100
AcDbEntity
8
0
100
AcDbLine
10
665
20
127
30
0
11
665
21
136
31
0
0
LINE
5
960
330
C
100
AcDbEntity
8
0
100
AcDbLine
10
665
20
136
30
0
11
662
21
136
31
0
0
LINE
5
961
330
C
100
AcDbEntity
8
0
100
AcDbLine
10
662
20
136
30
0
11
662
21
145
31
0
0
LINE
5
962
330
C
100
AcDbEntity
8
0
100
AcDbLine
10
662
20
145
30
0
11
665
21
145
31
0
0
LINE
5
963
330
C
100
AcDbEntity
8
0
100
AcDbLine
10
665
20
145
30
0
11
665
21
154
31
0
0
LINE
5
964
330
C
100
AcDbEntity
8
0
100
AcDbLine
10
665
20
154
30
0
11
662
21
154
31
0
0
LINE
5
965
330
C
100
AcDbEntity
8
0
100
AcDbLine
10
662
20
154
30
0
11
662
21
163
31
0
0
LINE
5
966
330
C
100
AcDbEntity
8
0
100
AcDbLine
10
662
20
163
30
0
11
665
21
163
31
0
0
LINE
5
967
330
C
100
AcDbEntity
8
0
100
AcDbLine
10
665
20
163
30
0
11
665
21
172
31
0
0
LINE
5
968
330
C
100
AcDbEntity
8
0
100
AcDbLine
10
665
20
172
30
0
11
662
21
172
31
0
0
LINE
5
969
330
C
100
AcDbEntity
8
0
100
AcDbLine
10
662
20
172
30
0
11
662
21
181
31
0
0
LINE
5
96A
330
C
100
AcDbEntity
8
0
100
AcDbLine
10
662
20
181
30
0
11
665
21
181
31
0
0
LINE
5
96B
330
C
100
AcDbEntity
8
0
100
AcDbLine
10
665
20
181
30
0
11
665
21
190
31
0
0
LINE
5
96C
330
C
100
AcDbEntity
8
0
100
AcDbLine
10
665
20
190
30
0
11
662
21
190
31
0
0
LINE
5
96D
330
C
100
AcDbEntity
8
0
100
AcDbLine
10
662
20
190
30
0
11
662
21
199
31
0
0
LINE
5
96E
330
C
100
AcDbEntity
8
0
100
AcDbLine
10
662
20
199
30
0
11
665
21
199
31
0
0
LINE
5
96F
330
C
100
AcDbEntity
8
0
100
AcDbLine
10
665
20
199
30
0
11
665
21
208
31
0
0
LINE
5
970
330
C
100
AcDbEntity
8
0
100
AcDbLine
10
665
20
208
30
0
11
662
21
208
31
0
0
LINE
5
971
330
C
100
AcDbEntity
8
0
100
AcDbLine
10
662
20
208
30
0
11
662
21
217
31
0
0
LINE
5
972
330
C
100
AcDbEntity
8
0
100
AcDbLine
10
662
20
217
30
0
11
665
21
217
31
0
0
LINE
5
973
330
C
100
AcDbEntity
8
0
100
AcDbLine
10
665
20
217
30
0
11
665
21
224
31
0
0
LINE
5
974
330
C
100
AcDbEntity
8
0
100
AcDbLine
10
665
20
224
30
0
11
662
21
224
31
0
0
LINE
5
975
330
C
100
AcDbEntity
8
0
100
AcDbLine
10
662
20
224
30
0
11
475
21
224
31
0
0
LINE
5
976
330
C
100
AcDbEntity
8
0
100
AcDbLine
10
475
20
224
30
0
11
472
21
224
31
0
0
LINE
5
977
330
C
100
AcDbEntity
8
0
100
AcDbLine
10
472
20
224
30
0
11
472
21
217
31
0
0
LINE
5
978
330
C
100
AcDbEntity
8
0
100
AcDbLine
10
472
20
217
30
0
11
475
21
217
31
0
0
LINE
5
979
330
C
100
AcDbEntity
8
0
100
AcDbLine
10
475
20
217
30
0
11
475
21
208
31
0
0
LINE
5
97A
330
C
100
AcDbEntity
8
0
100
AcDbLine
10
475
20
208
30
0
11
472
21
208
31
0
0
LINE
5
97B
330
C
100
AcDbEntity
8
0
100
AcDbLine
10
472
20
208
30
0
11
472
21
199
31
0
0
LINE
5
97C
330
C
100
AcDbEntity
8
0
100
AcDbLine
10
472
20
199
30
0
11
475
21
199
31
0
0
LINE
5
97D
330
C
100
AcDbEntity
8
0
100
AcDbLine
10
475
20
199
30
0
11
475
21
190
31
0
0
LINE
5
97E
330
C
100
AcDbEntity
8
0
100
AcDbLine
10
475
20
190
30
0
11
472
21
190
31
0
0
LINE
5
97F
330
C
100
AcDbEntity
8
0
100
AcDbLine
10
472
20
190
30
0
11
472
21
181
31
0
0
LINE
5
980
330
C
100
AcDbEntity
8
0
100
AcDbLine
10
472
20
181
30
0
11
475
21
181
31
0
0
LINE
5
981
330
C
100
AcDbEntity
8
0
100
AcDbLine
10
475
20
181
30
0
11
475
21
172
31
0
0
LINE
5
982
330
C
100
AcDbEntity
8
0
100
AcDbLine
10
475
20
172
30
0
11
472
21
172
31
0
0
LINE
5
983
330
C
100
AcDbEntity
8
0
100
AcDbLine
10
472
20
172
30
0
11
472
21
163
31
0
0
LINE
5
984
330
C
100
AcDbEntity
8
0
100
AcDbLine
10
472
20
163
30
0
11
475
21
163
31
0
0
LINE
5
985
330
C
100
AcDbEntity
8
0
100
AcDbLine
10
475
20
163
30
0
11
475
21
154
31
0
0
LINE
5
986
330
C
100
AcDbEntity
8
0
100
AcDbLine
10
475
20
154
30
0
11
472
21
154
31
0
0
LINE
5
987
330
C
100
AcDbEntity
8
0
100
AcDbLine
10
472
20
154
30
0
11
472
21
145
31
0
0
LINE
5
988
330
C
100
AcDbEntity
8
0
100
AcDbLine
10
472
20
145
30
0
11
475
21
145
31
0
0
LINE
5
989
330
C
100
AcDbEntity
8
0
100
AcDbLine
10
475
20
145
30
0
11
475
21
136
31
0
0
LINE
5
98A
330
C
100
AcDbEntity
8
0
100
AcDbLine
10
475
20
136
30
0
11
472
21
136
31
0
0
LINE
5
98B
330
C
100
AcDbEntity
8
0
100
AcDbLine
10
472
20
136
30
0
11
472
21
127
31
0
0
LINE
5
98C
330
C
100
AcDbEntity
8
0
100
AcDbLine
10
472
20
127
30
0
11
475
21
127
31
0
0
LINE
5
98D
330
C
100
AcDbEntity
8
0
100
AcDbLine
10
475
20
127
30
0
11
475
21
118
31
0
0
LINE
5
98E
330
C
100
AcDbEntity
8
0
100
AcDbLine
10
475
20
118
30
0
11
472
21
118
31
0
0
LINE
5
98F
330
C
100
AcDbEntity
8
0
100
AcDbLine
10
472
20
118
30
0
11
472
21
109
31
0
0
LINE
5
990
330
C
100
AcDbEntity
8
0
100
AcDbLine
10
472
20
109
30
0
11
475
21
109
31
0
0
LINE
5
991
330
C
100
AcDbEntity
8
0
100
AcDbLine
10
475
20
109
30
0
11
475
21
100
31
0
0
LINE
5
992
330
C
100
AcDbEntity
8
0
100
AcDbLine
10
475
20
100
30
0
11
472
21
100
31
0
0
LINE
5
993
330
C
100
AcDbEntity
8
0
100
AcDbLine
10
472
20
100
30
0
11
472
21
91
31
0
0
LINE
5
994
330
C
100
AcDbEntity
8
0
100
AcDbLine
10
472
20
91
30
0
11
475
21
91
31
0
0
LINE
5
995
330
C
100
AcDbEntity
8
0
100
AcDbLine
10
475
20
91
30
0
11
475
21
82
31
0
0
LINE
5
996
330
C
100
AcDbEntity
8
0
100
AcDbLine
10
475
20
82
30
0
11
472
21
82
31
0
0
LINE
5
997
330
C
100
AcDbEntity
8
0
100
AcDbLine
10
472
20
82
30
0
11
472
21
73
31
0
0
LINE
5
998
330
C
100
AcDbEntity
8
0
100
AcDbLine
10
472
20
73
30
0
11
475
21
73
31
0
0
LINE
5
999
330
C
100
AcDbEntity
8
0
100
AcDbLine
10
475
20
73
30
0
11
475
21
64
31
0
0
LINE
5
99A
330
C
100
AcDbEntity
8
0
100
AcDbLine
10
475
20
64
30
0
11
472
21
64
31
0
0
LINE
5
99B
330
C
100
AcDbEntity
8
0
100
AcDbLine
10
472
20
64
30
0
11
472
21
55
31
0
0
LINE
5
99C
330
C
100
AcDbEntity
8
0
100
AcDbLine
10
472
20
55
30
0
11
475
21
55
31
0
0
LINE
5
99D
330
C
100
AcDbEntity
8
0
100
AcDbLine
10
475
20
55
30
0
11
475
21
46
31
0
0
LINE
5
99E
330
C
100
AcDbEntity
8
0
100
AcDbLine
10
475
20
46
30
0
11
472
21
46
31
0
0
LINE
5
99F
330
C
100
AcDbEntity
8
0
100
AcDbLine
10
472
20
46
30
0
11
472
21
37
31
0
0
LINE
5
9A0
330
C
100
AcDbEntity
8
0
100
AcDbLine
10
472
20
37
30
0
11
475
21
37
31
0
0
LINE
5
9A1
330
C
100
AcDbEntity
8
0
100
AcDbLine
10
475
20
37
30
0
11
475
21
28
31
0
0
LINE
5
9A2
330
C
100
AcDbEntity
8
0
100
AcDbLine
10
475
20
28
30
0
11
472
21
28
31
0
0
LINE
5
9A3
330
C
100
AcDbEntity
8
0
100
AcDbLine
10
472
20
28
30
0
11
472
21
19
31
0
0
LINE
5
9A4
330
C
100
AcDbEntity
8
0
100
AcDbLine
10
472
20
19
30
0
11
475
21
19
31
0
0
LINE
5
9A5
330
C
100
AcDbEntity
8
0
100
AcDbLine
10
475
20
19
30
0
11
475
21
10
31
0
0
LINE
5
9A6
330
C
100
AcDbEntity
8
0
100
AcDbLine
10
475
20
10
30
0
11
472
21
10
31
0
0
LINE
5
9A7
330
C
100
AcDbEntity
8
0
100
AcDbLine
10
472
20
10
30
0
11
472
21
3
31
0
0
LINE
5
9A8
330
C
100
AcDbEntity
8
0
100
AcDbLine
10
472
20
3
30
0
11
472
21
0
31
0
0
LINE
5
9A9
330
C
100
AcDbEntity
8
0
100
AcDbLine
10
472
20
0
30
0
11
475
21
0
31
0
0
LINE
5
9AA
330
C
100
AcDbEntity
8
0
100
AcDbLine
10
475
20
0
30
0
11
483
21
0
31
0
0
LINE
5
9AB
330
C
100
AcDbEntity
8
0
100
AcDbLine
10
483
20
0
30
0
11
483
21
3
31
0
0
LINE
5
9AC
330
C
100
AcDbEntity
8
0
100
AcDbLine
10
483
20
3
30
0
11
492
21
3
31
0
0
LINE
5
9AD
330
C
100
AcDbEntity
8
0
100
AcDbLine
10
555.921
20
109.366
30
0
11
554.985
21
109.366
31
0
0
LINE
5
9AE
330
C
100
AcDbEntity
8
0
100
AcDbLine
10
554.985
20
109.366
30
0
11
554.985
21
116.902
31
0
0
LINE
5
9AF
330
C
100
AcDbEntity
8
0
100
AcDbLine
10
554.985
20
116.902
30
0
11
557.613
21
116.902
31
0
0
LINE
5
9B0
330
C
100
AcDbEntity
8
0
100
AcDbLine
10
557.613
20
116.902
30
0
11
557.865
21
116.896
31
0
0
LINE
5
9B1
330
C
100
AcDbEntity
8
0
100
AcDbLine
10
557.865
20
116.896
30
0
11
558.104
21
116.877
31
0
0
LINE
5
9B2
330
C
100
AcDbEntity
8
0
100
AcDbLine
10
558.104
20
116.877
30
0
11
558.331
21
116.847
31
0
0
LINE
5
9B3
330
C
100
AcDbEntity
8
0
100
AcDbLine
10
558.331
20
116.847
30
0
11
558.545
21
116.804
31
0
0
LINE
5
9B4
330
C
100
AcDbEntity
8
0
100
AcDbLine
10
558.545
20
116.804
30
0
11
558.746
21
116.748
31
0
0
LINE
5
9B5
330
C
100
AcDbEntity
8
0
100
AcDbLine
10
558.746
20
116.748
30
0
11
558.935
21
116.681
31
0
0
LINE
5
9B6
330
C
100
AcDbEntity
8
0
100
AcDbLine
10
558.935
20
116.681
30
0
11
559.112
21
116.601
31
0
0
LINE
5
9B7
330
C
100
AcDbEntity
8
0
100
AcDbLine
10
559.112
20
116.601
30
0
11
559.276
21
116.508
31
0
0
LINE
5
9B8
330
C
100
AcDbEntity
8
0
100
AcDbLine
10
559.276
20
116.508
30
0
11
559.427
21
116.404
31
0
0
LINE
5
9B9
330
C
100
AcDbEntity
8
0
100
AcDbLine
10
559.427
20
116.404
30
0
11
559.566
21
116.287
31
0
0
LINE
5
9BA
330
C
100
AcDbEntity
8
0
100
AcDbLine
10
559.566
20
116.287
30
0
11
559.692
21
116.16
31
0
0
LINE
5
9BB
330
C
100
AcDbEntity
8
0
100
AcDbLine
10
559.692
20
116.16
30
0
11
559.805
21
116.026
31
0
0
LINE
5
9BC
330
C
100
AcDbEntity
8
0
100
AcDbLine
10
559.805
20
116.026
30
0
11
559.904
21
115.883
31
0
0
LINE
5
9BD
330
C
100
AcDbEntity
8
0
100
AcDbLine
10
559.904
20
115.883
30
0
11
559.99
21
115.733
31
0
0
LINE
5
9BE
330
C
100
AcDbEntity
8
0
100
AcDbLine
10
559.99
20
115.733
30
0
11
560.063
21
115.575
31
0
0
LINE
5
9BF
330
C
100
AcDbEntity
8
0
100
AcDbLine
10
560.063
20
115.575
30
0
11
560.123
21
115.41
31
0
0
LINE
5
9C0
330
C
100
AcDbEntity
8
0
100
AcDbLine
10
560.123
20
115.41
30
0
11
560.169
21
115.236
31
0
0
LINE
5
9C1
330
C
100
AcDbEntity
8
0
100
AcDbLine
10
560.169
20
115.236
30
0
11
560.202
21
115.055
31
0
0
LINE
5
9C2
330
C
100
AcDbEntity
8
0
100
AcDbLine
10
560.202
20
115.055
30
0
11
560.222
21
114.867
31
0
0
LINE
5
9C3
330
C
100
AcDbEntity
8
0
100
AcDbLine
10
560.222
20
114.867
30
0
11
560.229
21
114.67
31
0
0
LINE
5
9C4
330
C
100
AcDbEntity
8
0
100
AcDbLine
10
560.229
20
114.67
30
0
11
560.229
21
114.67
31
0
0
LINE
5
9C5
330
C
100
AcDbEntity
8
0
100
AcDbLine
10
560.229
20
114.67
30
0
11
560.222
21
114.476
31
0
0
LINE
5
9C6
330
C
100
AcDbEntity
8
0
100
AcDbLine
10
560.222
20
114.476
30
0
11
560.202
21
114.289
31
0
0
LINE
5
9C7
330
C
100
AcDbEntity
8
0
100
AcDbLine
10
560.202
20
114.289
30
0
11
560.169
21
114.11
31
0
0
LINE
5
9C8
330
C
100
AcDbEntity
8
0
100
AcDbLine
10
560.169
20
114.11
30
0
11
560.123
21
113.938
31
0
0
LINE
5
9C9
330
C
100
AcDbEntity
8
0
100
AcDbLine
10
560.123
20
113.938
30
0
11
560.063
21
113.774
31
0
0
LINE
5
9CA
330
C
100
AcDbEntity
8
0
100
AcDbLine
10
560.063
20
113.774
30
0
11
559.99
21
113.617
31
0
0
LINE
5
9CB
330
C
100
AcDbEntity
8
0
100
AcDbLine
10
559.99
20
113.617
30
0
11
559.904
21
113.468
31
0
0
LINE
5
9CC
330
C
100
AcDbEntity
8
0
100
AcDbLine
10
559.904
20
113.468
30
0
11
559.805
21
113.326
31
0
0
LINE
5
9CD
330
C
100
AcDbEntity
8
0
100
AcDbLine
10
559.805
20
113.326
30
0
11
559.692
21
113.192
31
0
0
LINE
5
9CE
330
C
100
AcDbEntity
8
0
100
AcDbLine
10
559.692
20
113.192
30
0
11
559.566
21
113.065
31
0
0
LINE
5
9CF
330
C
100
AcDbEntity
8
0
100
AcDbLine
10
559.566
20
113.065
30
0
11
559.427
21
112.948
31
0
0
LINE
5
9D0
330
C
100
AcDbEntity
8
0
100
AcDbLine
10
559.427
20
112.948
30
0
11
559.276
21
112.844
31
0
0
LINE
5
9D1
330
C
100
AcDbEntity
8
0
100
AcDbLine
10
559.276
20
112.844
30
0
11
559.112
21
112.751
31
0
0
LINE
5
9D2
330
C
100
AcDbEntity
8
0
100
AcDbLine
10
559.112
20
112.751
30
0
11
558.935
21
112.671
31
0
0
LINE
5
9D3
330
C
100
AcDbEntity
8
0
100
AcDbLine
10
558.935
20
112.671
30
0
11
558.746
21
112.604
31
0
0
LINE
5
9D4
330
C
100
AcDbEntity
8
0
100
AcDbLine
10
558.746
20
112.604
30
0
11
558.545
21
112.548
31
0
0
LINE
5
9D5
330
C
100
AcDbEntity
8
0
100
AcDbLine
10
558.545
20
112.548
30
0
11
558.331
21
112.505
31
0
0
LINE
5
9D6
330
C
100
AcDbEntity
8
0
100
AcDbLine
10
558.331
20
112.505
30
0
11
558.104
21
112.475
31
0
0
LINE
5
9D7
330
C
100
AcDbEntity
8
0
100
AcDbLine
10
558.104
20
112.475
30
0
11
557.865
21
112.456
31
0
0
LINE
5
9D8
330
C
100
AcDbEntity
8
0
100
AcDbLine
10
557.865
20
112.456
30
0
11
557.613
21
112.45
31
0
0
LINE
5
9D9
330
C
100
AcDbEntity
8
0
100
AcDbLine
10
557.613
20
112.45
30
0
11
557.613
21
112.45
31
0
0
LINE
5
9DA
330
C
100
AcDbEntity
8
0
100
AcDbLine
10
557.613
20
112.45
30
0
11
555.921
21
112.45
31
0
0
LINE
5
9DB
330
C
100
AcDbEntity
8
0
100
AcDbLine
10
555.921
20
112.45
30
0
11
555.921
21
109.366
31
0
0
LINE
5
9DC
330
C
100
AcDbEntity
8
0
100
AcDbLine
10
555.921
20
109.366
30
0
11
555.921
21
109.366
31
0
0
LINE
5
9DD
330
C
100
AcDbEntity
8
0
100
AcDbLine
10
560.421
20
109.366
30
0
11
559.209
21
109.366
31
0
0
LINE
5
9DE
330
C
100
AcDbEntity
8
0
100
AcDbLine
10
559.209
20
109.366
30
0
11
557.049
21
112.786
31
0
0
LINE
5
9DF
330
C
100
AcDbEntity
8
0
100
AcDbLine
10
557.049
20
112.786
30
0
11
558.069
21
112.786
31
0
0
LINE
5
9E0
330
C
100
AcDbEntity
8
0
100
AcDbLine
10
558.069
20
112.786
30
0
11
560.421
21
109.366
31
0
0
LINE
5
9E1
330
C
100
AcDbEntity
8
0
100
AcDbLine
10
560.421
20
109.366
30
0
11
560.421
21
109.366
31
0
0
LINE
5
9E2
330
C
100
AcDbEntity
8
0
100
AcDbLine
10
555.921
20
116.098
30
0
11
555.921
21
113.11
31
0
0
LINE
5
9E3
330
C
100
AcDbEntity
8
0
100
AcDbLine
10
555.921
20
113.11
30
0
11
557.541
21
113.11
31
0
0
LINE
5
9E4
330
C
100
AcDbEntity
8
0
100
AcDbLine
10
557.541
20
113.11
30
0
11
557.706
21
113.114
31
0
0
LINE
5
9E5
330
C
100
AcDbEntity
8
0
100
AcDbLine
10
557.706
20
113.114
30
0
11
557.863
21
113.127
31
0
0
LINE
5
9E6
330
C
100
AcDbEntity
8
0
100
AcDbLine
10
557.863
20
113.127
30
0
11
558.012
21
113.148
31
0
0
LINE
5
9E7
330
C
100
AcDbEntity
8
0
100
AcDbLine
10
558.012
20
113.148
30
0
11
558.153
21
113.177
31
0
0
LINE
5
9E8
330
C
100
AcDbEntity
8
0
100
AcDbLine
10
558.153
20
113.177
30
0
11
558.286
21
113.214
31
0
0
LINE
5
9E9
330
C
100
AcDbEntity
8
0
100
AcDbLine
10
558.286
20
113.214
30
0
11
558.41
21
113.26
31
0
0
LINE
5
9EA
330
C
100
AcDbEntity
8
0
100
AcDbLine
10
558.41
20
113.26
30
0
11
558.527
21
113.314
31
0
0
LINE
5
9EB
330
C
100
AcDbEntity
8
0
100
AcDbLine
10
558.527
20
113.314
30
0
11
558.635
21
113.377
31
0
0
LINE
5
9EC
330
C
100
AcDbEntity
8
0
100
AcDbLine
10
558.635
20
113.377
30
0
11
558.736
21
113.448
31
0
0
LINE
5
9ED
330
C
100
AcDbEntity
8
0
100
AcDbLine
10
558.736
20
113.448
30
0
11
558.828
21
113.527
31
0
0
LINE
5
9EE
330
C
100
AcDbEntity
8
0
100
AcDbLine
10
558.828
20
113.527
30
0
11
558.912
21
113.613
31
0
0
LINE
5
9EF
330
C
100
AcDbEntity
8
0
100
AcDbLine
10
558.912
20
113.613
30
0
11
558.987
21
113.704
31
0
0
LINE
5
9F0
330
C
100
AcDbEntity
8
0
100
AcDbLine
10
558.987
20
113.704
30
0
11
559.053
21
113.8
31
0
0
LINE
5
9F1
330
C
100
AcDbEntity
8
0
100
AcDbLine
10
559.053
20
113.8
30
0
11
559.11
21
113.9
31
0
0
LINE
5
9F2
330
C
100
AcDbEntity
8
0
100
AcDbLine
10
559.11
20
113.9
30
0
11
559.159
21
114.006
31
0
0
LINE
5
9F3
330
C
100
AcDbEntity
8
0
100
AcDbLine
10
559.159
20
114.006
30
0
11
559.198
21
114.117
31
0
0
LINE
5
9F4
330
C
100
AcDbEntity
8
0
100
AcDbLine
10
559.198
20
114.117
30
0
11
559.229
21
114.233
31
0
0
LINE
5
9F5
330
C
100
AcDbEntity
8
0
100
AcDbLine
10
559.229
20
114.233
30
0
11
559.251
21
114.354
31
0
0
LINE
5
9F6
330
C
100
AcDbEntity
8
0
100
AcDbLine
10
559.251
20
114.354
30
0
11
559.265
21
114.479
31
0
0
LINE
5
9F7
330
C
100
AcDbEntity
8
0
100
AcDbLine
10
559.265
20
114.479
30
0
11
559.269
21
114.61
31
0
0
LINE
5
9F8
330
C
100
AcDbEntity
8
0
100
AcDbLine
10
559.269
20
114.61
30
0
11
559.269
21
114.61
31
0
0
LINE
5
9F9
330
C
100
AcDbEntity
8
0
100
AcDbLine
10
559.269
20
114.61
30
0
11
559.265
21
114.744
31
0
0
LINE
5
9FA
330
C
100
AcDbEntity
8
0
100
AcDbLine
10
559.265
20
114.744
30
0
11
559.252
21
114.872
31
0
0
LINE
5
9FB
330
C
100
AcDbEntity
8
0
100
AcDbLine
10
559.252
20
114.872
30
0
11
559.231
21
114.995
31
0
0
LINE
5
9FC
330
C
100
AcDbEntity
8
0
100
AcDbLine
10
559.231
20
114.995
30
0
11
559.201
21
115.112
31
0
0
LINE
5
9FD
330
C
100
AcDbEntity
8
0
100
AcDbLine
10
559.201
20
115.112
30
0
11
559.163
21
115.224
31
0
0
LINE
5
9FE
330
C
100
AcDbEntity
8
0
100
AcDbLine
10
559.163
20
115.224
30
0
11
559.117
21
115.329
31
0
0
LINE
5
9FF
330
C
100
AcDbEntity
8
0
100
AcDbLine
10
559.117
20
115.329
30
0
11
559.062
21
115.429
31
0
0
LINE
5
A00
330
C
100
AcDbEntity
8
0
100
AcDbLine
10
559.062
20
115.429
30
0
11
558.998
21
115.524
31
0
0
LINE
5
A01
330
C
100
AcDbEntity
8
0
100
AcDbLine
10
558.998
20
115.524
30
0
11
558.926
21
115.613
31
0
0
LINE
5
A02
330
C
100
AcDbEntity
8
0
100
AcDbLine
10
558.926
20
115.613
30
0
11
558.846
21
115.696
31
0
0
LINE
5
A03
330
C
100
AcDbEntity
8
0
100
AcDbLine
10
558.846
20
115.696
30
0
11
558.758
21
115.772
31
0
0
LINE
5
A04
330
C
100
AcDbEntity
8
0
100
AcDbLine
10
558.758
20
115.772
30
0
11
558.661
21
115.841
31
0
0
LINE
5
A05
330
C
100
AcDbEntity
8
0
100
AcDbLine
10
558.661
20
115.841
30
0
11
558.557
21
115.901
31
0
0
LINE
5
A06
330
C
100
AcDbEntity
8
0
100
AcDbLine
10
558.557
20
115.901
30
0
11
558.446
21
115.953
31
0
0
LINE
5
A07
330
C
100
AcDbEntity
8
0
100
AcDbLine
10
558.446
20
115.953
30
0
11
558.326
21
115.998
31
0
0
LINE
5
A08
330
C
100
AcDbEntity
8
0
100
AcDbLine
10
558.326
20
115.998
30
0
11
558.199
21
116.034
31
0
0
LINE
5
A09
330
C
100
AcDbEntity
8
0
100
AcDbLine
10
558.199
20
116.034
30
0
11
558.064
21
116.062
31
0
0
LINE
5
A0A
330
C
100
AcDbEntity
8
0
100
AcDbLine
10
558.064
20
116.062
30
0
11
557.922
21
116.082
31
0
0
LINE
5
A0B
330
C
100
AcDbEntity
8
0
100
AcDbLine
10
557.922
20
116.082
30
0
11
557.771
21
116.094
31
0
0
LINE
5
A0C
330
C
100
AcDbEntity
8
0
100
AcDbLine
10
557.771
20
116.094
30
0
11
557.613
21
116.098
31
0
0
LINE
5
A0D
330
C
100
AcDbEntity
8
0
100
AcDbLine
10
557.613
20
116.098
30
0
11
557.613
21
116.098
31
0
0
LINE
5
A0E
330
C
100
AcDbEntity
8
0
100
AcDbLine
10
557.613
20
116.098
30
0
11
555.921
21
116.098
31
0
0
LINE
5
A0F
330
C
100
AcDbEntity
8
0
100
AcDbLine
10
555.921
20
116.098
30
0
11
555.921
21
116.098
31
0
0
LINE
5
A10
330
C
100
AcDbEntity
8
0
100
AcDbLine
10
562.863
20
116.458
30
0
11
562.863
21
116.458
31
0
0
LINE
5
A11
330
C
100
AcDbEntity
8
0
100
AcDbLine
10
562.863
20
116.458
30
0
11
562.807
21
116.46
31
0
0
LINE
5
A12
330
C
100
AcDbEntity
8
0
100
AcDbLine
10
562.807
20
116.46
30
0
11
562.753
21
116.465
31
0
0
LINE
5
A13
330
C
100
AcDbEntity
8
0
100
AcDbLine
10
562.753
20
116.465
30
0
11
562.701
21
116.473
31
0
0
LINE
5
A14
330
C
100
AcDbEntity
8
0
100
AcDbLine
10
562.701
20
116.473
30
0
11
562.652
21
116.484
31
0
0
LINE
5
A15
330
C
100
AcDbEntity
8
0
100
AcDbLine
10
562.652
20
116.484
30
0
11
562.605
21
116.499
31
0
0
LINE
5
A16
330
C
100
AcDbEntity
8
0
100
AcDbLine
10
562.605
20
116.499
30
0
11
562.561
21
116.517
31
0
0
LINE
5
A17
330
C
100
AcDbEntity
8
0
100
AcDbLine
10
562.561
20
116.517
30
0
11
562.519
21
116.539
31
0
0
LINE
5
A18
330
C
100
AcDbEntity
8
0
100
AcDbLine
10
562.519
20
116.539
30
0
11
562.479
21
116.564
31
0
0
LINE
5
A19
330
C
100
AcDbEntity
8
0
100
AcDbLine
10
562.479
20
116.564
30
0
11
562.442
21
116.592
31
0
0
LINE
5
A1A
330
C
100
AcDbEntity
8
0
100
AcDbLine
10
562.442
20
116.592
30
0
11
562.407
21
116.623
31
0
0
LINE
5
A1B
330
C
100
AcDbEntity
8
0
100
AcDbLine
10
562.407
20
116.623
30
0
11
562.375
21
116.657
31
0
0
LINE
5
A1C
330
C
100
AcDbEntity
8
0
100
AcDbLine
10
562.375
20
116.657
30
0
11
562.347
21
116.693
31
0
0
LINE
5
A1D
330
C
100
AcDbEntity
8
0
100
AcDbLine
10
562.347
20
116.693
30
0
11
562.321
21
116.731
31
0
0
LINE
5
A1E
330
C
100
AcDbEntity
8
0
100
AcDbLine
10
562.321
20
116.731
30
0
11
562.299
21
116.772
31
0
0
LINE
5
A1F
330
C
100
AcDbEntity
8
0
100
AcDbLine
10
562.299
20
116.772
30
0
11
562.281
21
116.814
31
0
0
LINE
5
A20
330
C
100
AcDbEntity
8
0
100
AcDbLine
10
562.281
20
116.814
30
0
11
562.266
21
116.859
31
0
0
LINE
5
A21
330
C
100
AcDbEntity
8
0
100
AcDbLine
10
562.266
20
116.859
30
0
11
562.254
21
116.905
31
0
0
LINE
5
A22
330
C
100
AcDbEntity
8
0
100
AcDbLine
10
562.254
20
116.905
30
0
11
562.246
21
116.954
31
0
0
LINE
5
A23
330
C
100
AcDbEntity
8
0
100
AcDbLine
10
562.246
20
116.954
30
0
11
562.241
21
117.005
31
0
0
LINE
5
A24
330
C
100
AcDbEntity
8
0
100
AcDbLine
10
562.241
20
117.005
30
0
11
562.239
21
117.058
31
0
0
LINE
5
A25
330
C
100
AcDbEntity
8
0
100
AcDbLine
10
562.239
20
117.058
30
0
11
562.239
21
117.058
31
0
0
LINE
5
A26
330
C
100
AcDbEntity
8
0
100
AcDbLine
10
562.239
20
117.058
30
0
11
562.241
21
117.11
31
0
0
LINE
5
A27
330
C
100
AcDbEntity
8
0
100
AcDbLine
10
562.241
20
117.11
30
0
11
562.246
21
117.159
31
0
0
LINE
5
A28
330
C
100
AcDbEntity
8
0
100
AcDbLine
10
562.246
20
117.159
30
0
11
562.254
21
117.207
31
0
0
LINE
5
A29
330
C
100
AcDbEntity
8
0
100
AcDbLine
10
562.254
20
117.207
30
0
11
562.266
21
117.252
31
0
0
LINE
5
A2A
330
C
100
AcDbEntity
8
0
100
AcDbLine
10
562.266
20
117.252
30
0
11
562.281
21
117.295
31
0
0
LINE
5
A2B
330
C
100
AcDbEntity
8
0
100
AcDbLine
10
562.281
20
117.295
30
0
11
562.299
21
117.336
31
0
0
LINE
5
A2C
330
C
100
AcDbEntity
8
0
100
AcDbLine
10
562.299
20
117.336
30
0
11
562.321
21
117.375
31
0
0
LINE
5
A2D
330
C
100
AcDbEntity
8
0
100
AcDbLine
10
562.321
20
117.375
30
0
11
562.347
21
117.411
31
0
0
LINE
5
A2E
330
C
100
AcDbEntity
8
0
100
AcDbLine
10
562.347
20
117.411
30
0
11
562.375
21
117.446
31
0
0
LINE
5
A2F
330
C
100
AcDbEntity
8
0
100
AcDbLine
10
562.375
20
117.446
30
0
11
562.407
21
117.478
31
0
0
LINE
5
A30
330
C
100
AcDbEntity
8
0
100
AcDbLine
10
562.407
20
117.478
30
0
11
562.442
21
117.508
31
0
0
LINE
5
A31
330
C
100
AcDbEntity
8
0
100
AcDbLine
10
562.442
20
117.508
30
0
11
562.479
21
117.534
31
0
0
LINE
5
A32
330
C
100
AcDbEntity
8
0
100
AcDbLine
10
562.479
20
117.534
30
0
11
562.519
21
117.558
31
0
0
LINE
5
A33
330
C
100
AcDbEntity
8
0
100
AcDbLine
10
562.519
20
117.558
30
0
11
562.561
21
117.578
31
0
0
LINE
5
A34
330
C
100
AcDbEntity
8
0
100
AcDbLine
10
562.561
20
117.578
30
0
11
562.605
21
117.595
31
0
0
LINE
5
A35
330
C
100
AcDbEntity
8
0
100
AcDbLine
10
562.605
20
117.595
30
0
11
562.652
21
117.609
31
0
0
LINE
5
A36
330
C
100
AcDbEntity
8
0
100
AcDbLine
10
562.652
20
117.609
30
0
11
562.701
21
117.62
31
0
0
LINE
5
A37
330
C
100
AcDbEntity
8
0
100
AcDbLine
10
562.701
20
117.62
30
0
11
562.753
21
117.628
31
0
0
LINE
5
A38
330
C
100
AcDbEntity
8
0
100
AcDbLine
10
562.753
20
117.628
30
0
11
562.807
21
117.632
31
0
0
LINE
5
A39
330
C
100
AcDbEntity
8
0
100
AcDbLine
10
562.807
20
117.632
30
0
11
562.863
21
117.634
31
0
0
LINE
5
A3A
330
C
100
AcDbEntity
8
0
100
AcDbLine
10
562.863
20
117.634
30
0
11
562.863
21
117.634
31
0
0
LINE
5
A3B
330
C
100
AcDbEntity
8
0
100
AcDbLine
10
562.863
20
117.634
30
0
11
562.919
21
117.632
31
0
0
LINE
5
A3C
330
C
100
AcDbEntity
8
0
100
AcDbLine
10
562.919
20
117.632
30
0
11
562.973
21
117.628
31
0
0
LINE
5
A3D
330
C
100
AcDbEntity
8
0
100
AcDbLine
10
562.973
20
117.628
30
0
11
563.025
21
117.62
31
0
0
LINE
5
A3E
330
C
100
AcDbEntity
8
0
100
AcDbLine
10
563.025
20
117.62
30
0
11
563.074
21
117.609
31
0
0
LINE
5
A3F
330
C
100
AcDbEntity
8
0
100
AcDbLine
10
563.074
20
117.609
30
0
11
563.121
21
117.595
31
0
0
LINE
5
A40
330
C
100
AcDbEntity
8
0
100
AcDbLine
10
563.121
20
117.595
30
0
11
563.165
21
117.578
31
0
0
LINE
5
A41
330
C
100
AcDbEntity
8
0
100
AcDbLine
10
563.165
20
117.578
30
0
11
563.207
21
117.558
31
0
0
LINE
5
A42
330
C
100
AcDbEntity
8
0
100
AcDbLine
10
563.207
20
117.558
30
0
11
563.247
21
117.534
31
0
0
LINE
5
A43
330
C
100
AcDbEntity
8
0
100
AcDbLine
10
563.247
20
117.534
30
0
11
563.284
21
117.508
31
0
0
LINE
5
A44
330
C
100
AcDbEntity
8
0
100
AcDbLine
10
563.284
20
117.508
30
0
11
563.319
21
117.478
31
0
0
LINE
5
A45
330
C
100
AcDbEntity
8
0
100
AcDbLine
10
563.319
20
117.478
30
0
11
563.351
21
117.446
31
0
0
LINE
5
A46
330
C
100
AcDbEntity
8
0
100
AcDbLine
10
563.351
20
117.446
30
0
11
563.379
21
117.411
31
0
0
LINE
5
A47
330
C
100
AcDbEntity
8
0
100
AcDbLine
10
563.379
20
117.411
30
0
11
563.405
21
117.375
31
0
0
LINE
5
A48
330
C
100
AcDbEntity
8
0
100
AcDbLine
10
563.405
20
117.375
30
0
11
563.427
21
117.336
31
0
0
LINE
5
A49
330
C
100
AcDbEntity
8
0
100
AcDbLine
10
563.427
20
117.336
30
0
11
563.445
21
117.295
31
0
0
LINE
5
A4A
330
C
100
AcDbEntity
8
0
100
AcDbLine
10
563.445
20
117.295
30
0
11
563.46
21
117.252
31
0
0
LINE
5
A4B
330
C
100
AcDbEntity
8
0
100
AcDbLine
10
563.46
20
117.252
30
0
11
563.472
21
117.207
31
0
0
LINE
5
A4C
330
C
100
AcDbEntity
8
0
100
AcDbLine
10
563.472
20
117.207
30
0
11
563.48
21
117.159
31
0
0
LINE
5
A4D
330
C
100
AcDbEntity
8
0
100
AcDbLine
10
563.48
20
117.159
30
0
11
563.485
21
117.11
31
0
0
LINE
5
A4E
330
C
100
AcDbEntity
8
0
100
AcDbLine
10
563.485
20
117.11
30
0
11
563.487
21
117.058
31
0
0
LINE
5
A4F
330
C
100
AcDbEntity
8
0
100
AcDbLine
10
563.487
20
117.058
30
0
11
563.487
21
117.058
31
0
0
LINE
5
A50
330
C
100
AcDbEntity
8
0
100
AcDbLine
10
563.487
20
117.058
30
0
11
563.485
21
117.005
31
0
0
LINE
5
A51
330
C
100
AcDbEntity
8
0
100
AcDbLine
10
563.485
20
117.005
30
0
11
563.48
21
116.954
31
0
0
LINE
5
A52
330
C
100
AcDbEntity
8
0
100
AcDbLine
10
563.48
20
116.954
30
0
11
563.472
21
116.905
31
0
0
LINE
5
A53
330
C
100
AcDbEntity
8
0
100
AcDbLine
10
563.472
20
116.905
30
0
11
563.46
21
116.859
31
0
0
LINE
5
A54
330
C
100
AcDbEntity
8
0
100
AcDbLine
10
563.46
20
116.859
30
0
11
563.445
21
116.814
31
0
0
LINE
5
A55
330
C
100
AcDbEntity
8
0
100
AcDbLine
10
563.445
20
116.814
30
0
11
563.427
21
116.772
31
0
0
LINE
5
A56
330
C
100
AcDbEntity
8
0
100
AcDbLine
10
563.427
20
116.772
30
0
11
563.405
21
116.731
31
0
0
LINE
5
A57
330
C
100
AcDbEntity
8
0
100
AcDbLine
10
563.405
20
116.731
30
0
11
563.379
21
116.693
31
0
0
LINE
5
A58
330
C
100
AcDbEntity
8
0
100
AcDbLine
10
563.379
20
116.693
30
0
11
563.351
21
116.657
31
0
0
LINE
5
A59
330
C
100
AcDbEntity
8
0
100
AcDbLine
10
563.351
20
116.657
30
0
11
563.319
21
116.623
31
0
0
LINE
5
A5A
330
C
100
AcDbEntity
8
0
100
AcDbLine
10
563.319
20
116.623
30
0
11
563.284
21
116.592
31
0
0
LINE
5
A5B
330
C
100
AcDbEntity
8
0
100
AcDbLine
10
563.284
20
116.592
30
0
11
563.247
21
116.564
31
0
0
LINE
5
A5C
330
C
100
AcDbEntity
8
0
100
AcDbLine
10
563.247
20
116.564
30
0
11
563.207
21
116.539
31
0
0
LINE
5
A5D
330
C
100
AcDbEntity
8
0
100
AcDbLine
10
563.207
20
116.539
30
0
11
563.165
21
116.517
31
0
0
LINE
5
A5E
330
C
100
AcDbEntity
8
0
100
AcDbLine
10
563.165
20
116.517
30
0
11
563.121
21
116.499
31
0
0
LINE
5
A5F
330
C
100
AcDbEntity
8
0
100
AcDbLine
10
563.121
20
116.499
30
0
11
563.074
21
116.484
31
0
0
LINE
5
A60
330
C
100
AcDbEntity
8
0
100
AcDbLine
10
563.074
20
116.484
30
0
11
563.025
21
116.473
31
0
0
LINE
5
A61
330
C
100
AcDbEntity
8
0
100
AcDbLine
10
563.025
20
116.473
30
0
11
562.973
21
116.465
31
0
0
LINE
5
A62
330
C
100
AcDbEntity
8
0
100
AcDbLine
10
562.973
20
116.465
30
0
11
562.919
21
116.46
31
0
0
LINE
5
A63
330
C
100
AcDbEntity
8
0
100
AcDbLine
10
562.919
20
116.46
30
0
11
562.863
21
116.458
31
0
0
LINE
5
A64
330
C
100
AcDbEntity
8
0
100
AcDbLine
10
562.863
20
116.458
30
0
11
562.863
21
116.458
31
0
0
LINE
5
A65
330
C
100
AcDbEntity
8
0
100
AcDbLine
10
563.331
20
109.366
30
0
11
562.395
21
109.366
31
0
0
LINE
5
A66
330
C
100
AcDbEntity
8
0
100
AcDbLine
10
562.395
20
109.366
30
0
11
562.395
21
115.114
31
0
0
LINE
5
A67
330
C
100
AcDbEntity
8
0
100
AcDbLine
10
562.395
20
115.114
30
0
11
563.331
21
115.114
31
0
0
LINE
5
A68
330
C
100
AcDbEntity
8
0
100
AcDbLine
10
563.331
20
115.114
30
0
11
563.331
21
109.366
31
0
0
LINE
5
A69
330
C
100
AcDbEntity
8
0
100
AcDbLine
10
563.331
20
109.366
30
0
11
563.331
21
109.366
31
0
0
LINE
5
A6A
330
C
100
AcDbEntity
8
0
100
AcDbLine
10
567.939
20
106.414
30
0
11
567.939
21
106.414
31
0
0
LINE
5
A6B
330
C
100
AcDbEntity
8
0
100
AcDbLine
10
567.939
20
106.414
30
0
11
567.765
21
106.416
31
0
0
LINE
5
A6C
330
C
100
AcDbEntity
8
0
100
AcDbLine
10
567.765
20
106.416
30
0
11
567.596
21
106.424
31
0
0
LINE
5
A6D
330
C
100
AcDbEntity
8
0
100
AcDbLine
10
567.596
20
106.424
30
0
11
567.431
21
106.436
31
0
0
LINE
5
A6E
330
C
100
AcDbEntity
8
0
100
AcDbLine
10
567.431
20
106.436
30
0
11
567.271
21
106.454
31
0
0
LINE
5
A6F
330
C
100
AcDbEntity
8
0
100
AcDbLine
10
567.271
20
106.454
30
0
11
567.115
21
106.476
31
0
0
LINE
5
A70
330
C
100
AcDbEntity
8
0
100
AcDbLine
10
567.115
20
106.476
30
0
11
566.965
21
106.504
31
0
0
LINE
5
A71
330
C
100
AcDbEntity
8
0
100
AcDbLine
10
566.965
20
106.504
30
0
11
566.819
21
106.536
31
0
0
LINE
5
A72
330
C
100
AcDbEntity
8
0
100
AcDbLine
10
566.819
20
106.536
30
0
11
566.678
21
106.573
31
0
0
LINE
5
A73
330
C
100
AcDbEntity
8
0
100
AcDbLine
10
566.678
20
106.573
30
0
11
566.541
21
106.616
31
0
0
LINE
5
A74
330
C
100
AcDbEntity
8
0
100
AcDbLine
10
566.541
20
106.616
30
0
11
566.409
21
106.663
31
0
0
LINE
5
A75
330
C
100
AcDbEntity
8
0
100
AcDbLine
10
566.409
20
106.663
30
0
11
566.282
21
106.714
31
0
0
LINE
5
A76
330
C
100
AcDbEntity
8
0
100
AcDbLine
10
566.282
20
106.714
30
0
11
566.161
21
106.769
31
0
0
LINE
5
A77
330
C
100
AcDbEntity
8
0
100
AcDbLine
10
566.161
20
106.769
30
0
11
566.046
21
106.828
31
0
0
LINE
5
A78
330
C
100
AcDbEntity
8
0
100
AcDbLine
10
566.046
20
106.828
30
0
11
565.937
21
106.889
31
0
0
LINE
5
A79
330
C
100
AcDbEntity
8
0
100
AcDbLine
10
565.937
20
106.889
30
0
11
565.834
21
106.954
31
0
0
LINE
5
A7A
330
C
100
AcDbEntity
8
0
100
AcDbLine
10
565.834
20
106.954
30
0
11
565.736
21
107.022
31
0
0
LINE
5
A7B
330
C
100
AcDbEntity
8
0
100
AcDbLine
10
565.736
20
107.022
30
0
11
565.644
21
107.094
31
0
0
LINE
5
A7C
330
C
100
AcDbEntity
8
0
100
AcDbLine
10
565.644
20
107.094
30
0
11
565.558
21
107.169
31
0
0
LINE
5
A7D
330
C
100
AcDbEntity
8
0
100
AcDbLine
10
565.558
20
107.169
30
0
11
565.478
21
107.247
31
0
0
LINE
5
A7E
330
C
100
AcDbEntity
8
0
100
AcDbLine
10
565.478
20
107.247
30
0
11
565.404
21
107.329
31
0
0
LINE
5
A7F
330
C
100
AcDbEntity
8
0
100
AcDbLine
10
565.404
20
107.329
30
0
11
565.336
21
107.413
31
0
0
LINE
5
A80
330
C
100
AcDbEntity
8
0
100
AcDbLine
10
565.336
20
107.413
30
0
11
565.275
21
107.499
31
0
0
LINE
5
A81
330
C
100
AcDbEntity
8
0
100
AcDbLine
10
565.275
20
107.499
30
0
11
565.222
21
107.587
31
0
0
LINE
5
A82
330
C
100
AcDbEntity
8
0
100
AcDbLine
10
565.222
20
107.587
30
0
11
565.176
21
107.677
31
0
0
LINE
5
A83
330
C
100
AcDbEntity
8
0
100
AcDbLine
10
565.176
20
107.677
30
0
11
565.136
21
107.768
31
0
0
LINE
5
A84
330
C
100
AcDbEntity
8
0
100
AcDbLine
10
565.136
20
107.768
30
0
11
565.104
21
107.861
31
0
0
LINE
5
A85
330
C
100
AcDbEntity
8
0
100
AcDbLine
10
565.104
20
107.861
30
0
11
565.079
21
107.955
31
0
0
LINE
5
A86
330
C
100
AcDbEntity
8
0
100
AcDbLine
10
565.079
20
107.955
30
0
11
565.061
21
108.052
31
0
0
LINE
5
A87
330
C
100
AcDbEntity
8
0
100
AcDbLine
10
565.061
20
108.052
30
0
11
565.051
21
108.15
31
0
0
LINE
5
A88
330
C
100
AcDbEntity
8
0
100
AcDbLine
10
565.051
20
108.15
30
0
11
565.047
21
108.25
31
0
0
LINE
5
A89
330
C
100
AcDbEntity
8
0
100
AcDbLine
10
565.047
20
108.25
30
0
11
565.047
21
108.25
31
0
0
LINE
5
A8A
330
C
100
AcDbEntity
8
0
100
AcDbLine
10
565.047
20
108.25
30
0
11
565.052
21
108.38
31
0
0
LINE
5
A8B
330
C
100
AcDbEntity
8
0
100
AcDbLine
10
565.052
20
108.38
30
0
11
565.067
21
108.504
31
0
0
LINE
5
A8C
330
C
100
AcDbEntity
8
0
100
AcDbLine
10
565.067
20
108.504
30
0
11
565.091
21
108.621
31
0
0
LINE
5
A8D
330
C
100
AcDbEntity
8
0
100
AcDbLine
10
565.091
20
108.621
30
0
11
565.125
21
108.732
31
0
0
LINE
5
A8E
330
C
100
AcDbEntity
8
0
100
AcDbLine
10
565.125
20
108.732
30
0
11
565.169
21
108.837
31
0
0
LINE
5
A8F
330
C
100
AcDbEntity
8
0
100
AcDbLine
10
565.169
20
108.837
30
0
11
565.223
21
108.936
31
0
0
LINE
5
A90
330
C
100
AcDbEntity
8
0
100
AcDbLine
10
565.223
20
108.936
30
0
11
565.287
21
109.028
31
0
0
LINE
5
A91
330
C
100
AcDbEntity
8
0
100
AcDbLine
10
565.287
20
109.028
30
0
11
565.36
21
109.114
31
0
0
LINE
5
A92
330
C
100
AcDbEntity
8
0
100
AcDbLine
10
565.36
20
109.114
30
0
11
565.443
21
109.194
31
0
0
LINE
5
A93
330
C
100
AcDbEntity
8
0
100
AcDbLine
10
565.443
20
109.194
30
0
11
565.536
21
109.267
31
0
0
LINE
5
A94
330
C
100
AcDbEntity
8
0
100
AcDbLine
10
565.536
20
109.267
30
0
11
565.637
21
109.334
31
0
0
LINE
5
A95
330
C
100
AcDbEntity
8
0
100
AcDbLine
10
565.637
20
109.334
30
0
11
565.743
21
109.393
31
0
0
LINE
5
A96
330
C
100
AcDbEntity
8
0
100
AcDbLine
10
565.743
20
109.393
30
0
11
565.855
21
109.446
31
0
0
LINE
5
A97
330
C
100
AcDbEntity
8
0
100
AcDbLine
10
565.855
20
109.446
30
0
11
565.973
21
109.492
31
0
0
LINE
5
A98
330
C
100
AcDbEntity
8
0
100
AcDbLine
10
565.973
20
109.492
30
0
11
566.096
21
109.53
31
0
0
LINE
5
A99
330
C
100
AcDbEntity
8
0
100
AcDbLine
10
566.096
20
109.53
30
0
11
566.225
21
109.562
31
0
0
LINE
5
A9A
330
C
100
AcDbEntity
8
0
100
AcDbLine
10
566.225
20
109.562
30
0
11
566.36
21
109.586
31
0
0
LINE
5
A9B
330
C
100
AcDbEntity
8
0
100
AcDbLine
10
566.36
20
109.586
30
0
11
566.501
21
109.604
31
0
0
LINE
5
A9C
330
C
100
AcDbEntity
8
0
100
AcDbLine
10
566.501
20
109.604
30
0
11
566.647
21
109.614
31
0
0
LINE
5
A9D
330
C
100
AcDbEntity
8
0
100
AcDbLine
10
566.647
20
109.614
30
0
11
566.799
21
109.618
31
0
0
LINE
5
A9E
330
C
100
AcDbEntity
8
0
100
AcDbLine
10
566.799
20
109.618
30
0
11
566.799
21
109.618
31
0
0
LINE
5
A9F
330
C
100
AcDbEntity
8
0
100
AcDbLine
10
566.799
20
109.618
30
0
11
567.315
21
109.294
31
0
0
LINE
5
AA0
330
C
100
AcDbEntity
8
0
100
AcDbLine
10
567.315
20
109.294
30
0
11
567.188
21
109.291
31
0
0
LINE
5
AA1
330
C
100
AcDbEntity
8
0
100
AcDbLine
10
567.188
20
109.291
30
0
11
567.068
21
109.283
31
0
0
LINE
5
AA2
330
C
100
AcDbEntity
8
0
100
AcDbLine
10
567.068
20
109.283
30
0
11
566.953
21
109.27
31
0
0
LINE
5
AA3
330
C
100
AcDbEntity
8
0
100
AcDbLine
10
566.953
20
109.27
30
0
11
566.844
21
109.251
31
0
0
LINE
5
AA4
330
C
100
AcDbEntity
8
0
100
AcDbLine
10
566.844
20
109.251
30
0
11
566.74
21
109.227
31
0
0
LINE
5
AA5
330
C
100
AcDbEntity
8
0
100
AcDbLine
10
566.74
20
109.227
30
0
11
566.643
21
109.197
31
0
0
LINE
5
AA6
330
C
100
AcDbEntity
8
0
100
AcDbLine
10
566.643
20
109.197
30
0
11
566.552
21
109.162
31
0
0
LINE
5
AA7
330
C
100
AcDbEntity
8
0
100
AcDbLine
10
566.552
20
109.162
30
0
11
566.466
21
109.121
31
0
0
LINE
5
AA8
330
C
100
AcDbEntity
8
0
100
AcDbLine
10
566.466
20
109.121
30
0
11
566.387
21
109.075
31
0
0
LINE
5
AA9
330
C
100
AcDbEntity
8
0
100
AcDbLine
10
566.387
20
109.075
30
0
11
566.313
21
109.024
31
0
0
LINE
5
AAA
330
C
100
AcDbEntity
8
0
100
AcDbLine
10
566.313
20
109.024
30
0
11
566.246
21
108.968
31
0
0
LINE
5
AAB
330
C
100
AcDbEntity
8
0
100
AcDbLine
10
566.246
20
108.968
30
0
11
566.186
21
108.908
31
0
0
LINE
5
AAC
330
C
100
AcDbEntity
8
0
100
AcDbLine
10
566.186
20
108.908
30
0
11
566.132
21
108.844
31
0
0
LINE
5
AAD
330
C
100
AcDbEntity
8
0
100
AcDbLine
10
566.132
20
108.844
30
0
11
566.086
21
108.776
31
0
0
LINE
5
AAE
330
C
100
AcDbEntity
8
0
100
AcDbLine
10
566.086
20
108.776
30
0
11
566.048
21
108.704
31
0
0
LINE
5
AAF
330
C
100
AcDbEntity
8
0
100
AcDbLine
10
566.048
20
108.704
30
0
11
566.016
21
108.629
31
0
0
LINE
5
AB0
330
C
100
AcDbEntity
8
0
100
AcDbLine
10
566.016
20
108.629
30
0
11
565.991
21
108.549
31
0
0
LINE
5
AB1
330
C
100
AcDbEntity
8
0
100
AcDbLine
10
565.991
20
108.549
30
0
11
565.973
21
108.465
31
0
0
LINE
5
AB2
330
C
100
AcDbEntity
8
0
100
AcDbLine
10
565.973
20
108.465
30
0
11
565.963
21
108.378
31
0
0
LINE
5
AB3
330
C
100
AcDbEntity
8
0
100
AcDbLine
10
565.963
20
108.378
30
0
11
565.959
21
108.286
31
0
0
LINE
5
AB4
330
C
100
AcDbEntity
8
0
100
AcDbLine
10
565.959
20
108.286
30
0
11
565.959
21
108.286
31
0
0
LINE
5
AB5
330
C
100
AcDbEntity
8
0
100
AcDbLine
10
565.959
20
108.286
30
0
11
565.964
21
108.194
31
0
0
LINE
5
AB6
330
C
100
AcDbEntity
8
0
100
AcDbLine
10
565.964
20
108.194
30
0
11
565.979
21
108.105
31
0
0
LINE
5
AB7
330
C
100
AcDbEntity
8
0
100
AcDbLine
10
565.979
20
108.105
30
0
11
566.004
21
108.018
31
0
0
LINE
5
AB8
330
C
100
AcDbEntity
8
0
100
AcDbLine
10
566.004
20
108.018
30
0
11
566.04
21
107.935
31
0
0
LINE
5
AB9
330
C
100
AcDbEntity
8
0
100
AcDbLine
10
566.04
20
107.935
30
0
11
566.085
21
107.854
31
0
0
LINE
5
ABA
330
C
100
AcDbEntity
8
0
100
AcDbLine
10
566.085
20
107.854
30
0
11
566.14
21
107.776
31
0
0
LINE
5
ABB
330
C
100
AcDbEntity
8
0
100
AcDbLine
10
566.14
20
107.776
30
0
11
566.206
21
107.701
31
0
0
LINE
5
ABC
330
C
100
AcDbEntity
8
0
100
AcDbLine
10
566.206
20
107.701
30
0
11
566.282
21
107.629
31
0
0
LINE
5
ABD
330
C
100
AcDbEntity
8
0
100
AcDbLine
10
566.282
20
107.629
30
0
11
566.367
21
107.56
31
0
0
LINE
5
ABE
330
C
100
AcDbEntity
8
0
100
AcDbLine
10
566.367
20
107.56
30
0
11
566.463
21
107.494
31
0
0
LINE
5
ABF
330
C
100
AcDbEntity
8
0
100
AcDbLine
10
566.463
20
107.494
30
0
11
566.568
21
107.432
31
0
0
LINE
5
AC0
330
C
100
AcDbEntity
8
0
100
AcDbLine
10
566.568
20
107.432
30
0
11
566.683
21
107.377
31
0
0
LINE
5
AC1
330
C
100
AcDbEntity
8
0
100
AcDbLine
10
566.683
20
107.377
30
0
11
566.808
21
107.329
31
0
0
LINE
5
AC2
330
C
100
AcDbEntity
8
0
100
AcDbLine
10
566.808
20
107.329
30
0
11
566.941
21
107.287
31
0
0
LINE
5
AC3
330
C
100
AcDbEntity
8
0
100
AcDbLine
10
566.941
20
107.287
30
0
11
567.084
21
107.251
31
0
0
LINE
5
AC4
330
C
100
AcDbEntity
8
0
100
AcDbLine
10
567.084
20
107.251
30
0
11
567.236
21
107.222
31
0
0
LINE
5
AC5
330
C
100
AcDbEntity
8
0
100
AcDbLine
10
567.236
20
107.222
30
0
11
567.398
21
107.199
31
0
0
LINE
5
AC6
330
C
100
AcDbEntity
8
0
100
AcDbLine
10
567.398
20
107.199
30
0
11
567.569
21
107.183
31
0
0
LINE
5
AC7
330
C
100
AcDbEntity
8
0
100
AcDbLine
10
567.569
20
107.183
30
0
11
567.749
21
107.173
31
0
0
LINE
5
AC8
330
C
100
AcDbEntity
8
0
100
AcDbLine
10
567.749
20
107.173
30
0
11
567.939
21
107.17
31
0
0
LINE
5
AC9
330
C
100
AcDbEntity
8
0
100
AcDbLine
10
567.939
20
107.17
30
0
11
567.939
21
107.17
31
0
0
LINE
5
ACA
330
C
100
AcDbEntity
8
0
100
AcDbLine
10
567.939
20
107.17
30
0
11
568.081
21
107.172
31
0
0
LINE
5
ACB
330
C
100
AcDbEntity
8
0
100
AcDbLine
10
568.081
20
107.172
30
0
11
568.22
21
107.178
31
0
0
LINE
5
ACC
330
C
100
AcDbEntity
8
0
100
AcDbLine
10
568.22
20
107.178
30
0
11
568.355
21
107.189
31
0
0
LINE
5
ACD
330
C
100
AcDbEntity
8
0
100
AcDbLine
10
568.355
20
107.189
30
0
11
568.487
21
107.203
31
0
0
LINE
5
ACE
330
C
100
AcDbEntity
8
0
100
AcDbLine
10
568.487
20
107.203
30
0
11
568.615
21
107.222
31
0
0
LINE
5
ACF
330
C
100
AcDbEntity
8
0
100
AcDbLine
10
568.615
20
107.222
30
0
11
568.739
21
107.245
31
0
0
LINE
5
AD0
330
C
100
AcDbEntity
8
0
100
AcDbLine
10
568.739
20
107.245
30
0
11
568.86
21
107.271
31
0
0
LINE
5
AD1
330
C
100
AcDbEntity
8
0
100
AcDbLine
10
568.86
20
107.271
30
0
11
568.978
21
107.302
31
0
0
LINE
5
AD2
330
C
100
AcDbEntity
8
0
100
AcDbLine
10
568.978
20
107.302
30
0
11
569.092
21
107.338
31
0
0
LINE
5
AD3
330
C
100
AcDbEntity
8
0
100
AcDbLine
10
569.092
20
107.338
30
0
11
569.202
21
107.377
31
0
0
LINE
5
AD4
330
C
100
AcDbEntity
8
0
100
AcDbLine
10
569.202
20
107.377
30
0
11
569.308
21
107.42
31
0
0
LINE
5
AD5
330
C
100
AcDbEntity
8
0
100
AcDbLine
10
569.308
20
107.42
30
0
11
569.41
21
107.465
31
0
0
LINE
5
AD6
330
C
100
AcDbEntity
8
0
100
AcDbLine
10
569.41
20
107.465
30
0
11
569.506
21
107.513
31
0
0
LINE
5
AD7
330
C
100
AcDbEntity
8
0
100
AcDbLine
10
569.506
20
107.513
30
0
11
569.598
21
107.563
31
0
0
LINE
5
AD8
330
C
100
AcDbEntity
8
0
100
AcDbLine
10
569.598
20
107.563
30
0
11
569.685
21
107.615
31
0
0
LINE
5
AD9
330
C
100
AcDbEntity
8
0
100
AcDbLine
10
569.685
20
107.615
30
0
11
569.767
21
107.671
31
0
0
LINE
5
ADA
330
C
100
AcDbEntity
8
0
100
AcDbLine
10
569.767
20
107.671
30
0
11
569.845
21
107.729
31
0
0
LINE
5
ADB
330
C
100
AcDbEntity
8
0
100
AcDbLine
10
569.845
20
107.729
30
0
11
569.917
21
107.789
31
0
0
LINE
5
ADC
330
C
100
AcDbEntity
8
0
100
AcDbLine
10
569.917
20
107.789
30
0
11
569.985
21
107.852
31
0
0
LINE
5
ADD
330
C
100
AcDbEntity
8
0
100
AcDbLine
10
569.985
20
107.852
30
0
11
570.048
21
107.917
31
0
0
LINE
5
ADE
330
C
100
AcDbEntity
8
0
100
AcDbLine
10
570.048
20
107.917
30
0
11
570.106
21
107.984
31
0
0
LINE
5
ADF
330
C
100
AcDbEntity
8
0
100
AcDbLine
10
570.106
20
107.984
30
0
11
570.157
21
108.052
31
0
0
LINE
5
AE0
330
C
100
AcDbEntity
8
0
100
AcDbLine
10
570.157
20
108.052
30
0
11
570.203
21
108.121
31
0
0
LINE
5
AE1
330
C
100
AcDbEntity
8
0
100
AcDbLine
10
570.203
20
108.121
30
0
11
570.242
21
108.192
31
0
0
LINE
5
AE2
330
C
100
AcDbEntity
8
0
100
AcDbLine
10
570.242
20
108.192
30
0
11
570.275
21
108.263
31
0
0
LINE
5
AE3
330
C
100
AcDbEntity
8
0
100
AcDbLine
10
570.275
20
108.263
30
0
11
570.303
21
108.335
31
0
0
LINE
5
AE4
330
C
100
AcDbEntity
8
0
100
AcDbLine
10
570.303
20
108.335
30
0
11
570.324
21
108.408
31
0
0
LINE
5
AE5
330
C
100
AcDbEntity
8
0
100
AcDbLine
10
570.324
20
108.408
30
0
11
570.339
21
108.482
31
0
0
LINE
5
AE6
330
C
100
AcDbEntity
8
0
100
AcDbLine
10
570.339
20
108.482
30
0
11
570.348
21
108.558
31
0
0
LINE
5
AE7
330
C
100
AcDbEntity
8
0
100
AcDbLine
10
570.348
20
108.558
30
0
11
570.351
21
108.634
31
0
0
LINE
5
AE8
330
C
100
AcDbEntity
8
0
100
AcDbLine
10
570.351
20
108.634
30
0
11
570.351
21
108.634
31
0
0
LINE
5
AE9
330
C
100
AcDbEntity
8
0
100
AcDbLine
10
570.351
20
108.634
30
0
11
570.349
21
108.687
31
0
0
LINE
5
AEA
330
C
100
AcDbEntity
8
0
100
AcDbLine
10
570.349
20
108.687
30
0
11
570.343
21
108.739
31
0
0
LINE
5
AEB
330
C
100
AcDbEntity
8
0
100
AcDbLine
10
570.343
20
108.739
30
0
11
570.333
21
108.789
31
0
0
LINE
5
AEC
330
C
100
AcDbEntity
8
0
100
AcDbLine
10
570.333
20
108.789
30
0
11
570.319
21
108.838
31
0
0
LINE
5
AED
330
C
100
AcDbEntity
8
0
100
AcDbLine
10
570.319
20
108.838
30
0
11
570.302
21
108.885
31
0
0
LINE
5
AEE
330
C
100
AcDbEntity
8
0
100
AcDbLine
10
570.302
20
108.885
30
0
11
570.28
21
108.931
31
0
0
LINE
5
AEF
330
C
100
AcDbEntity
8
0
100
AcDbLine
10
570.28
20
108.931
30
0
11
570.254
21
108.975
31
0
0
LINE
5
AF0
330
C
100
AcDbEntity
8
0
100
AcDbLine
10
570.254
20
108.975
30
0
11
570.224
21
109.018
31
0
0
LINE
5
AF1
330
C
100
AcDbEntity
8
0
100
AcDbLine
10
570.224
20
109.018
30
0
11
570.191
21
109.059
31
0
0
LINE
5
AF2
330
C
100
AcDbEntity
8
0
100
AcDbLine
10
570.191
20
109.059
30
0
11
570.153
21
109.099
31
0
0
LINE
5
AF3
330
C
100
AcDbEntity
8
0
100
AcDbLine
10
570.153
20
109.099
30
0
11
570.111
21
109.136
31
0
0
LINE
5
AF4
330
C
100
AcDbEntity
8
0
100
AcDbLine
10
570.111
20
109.136
30
0
11
570.065
21
109.169
31
0
0
LINE
5
AF5
330
C
100
AcDbEntity
8
0
100
AcDbLine
10
570.065
20
109.169
30
0
11
570.015
21
109.198
31
0
0
LINE
5
AF6
330
C
100
AcDbEntity
8
0
100
AcDbLine
10
570.015
20
109.198
30
0
11
569.961
21
109.224
31
0
0
LINE
5
AF7
330
C
100
AcDbEntity
8
0
100
AcDbLine
10
569.961
20
109.224
30
0
11
569.903
21
109.245
31
0
0
LINE
5
AF8
330
C
100
AcDbEntity
8
0
100
AcDbLine
10
569.903
20
109.245
30
0
11
569.84
21
109.263
31
0
0
LINE
5
AF9
330
C
100
AcDbEntity
8
0
100
AcDbLine
10
569.84
20
109.263
30
0
11
569.773
21
109.276
31
0
0
LINE
5
AFA
330
C
100
AcDbEntity
8
0
100
AcDbLine
10
569.773
20
109.276
30
0
11
569.702
21
109.286
31
0
0
LINE
5
AFB
330
C
100
AcDbEntity
8
0
100
AcDbLine
10
569.702
20
109.286
30
0
11
569.626
21
109.292
31
0
0
LINE
5
AFC
330
C
100
AcDbEntity
8
0
100
AcDbLine
10
569.626
20
109.292
30
0
11
569.547
21
109.294
31
0
0
LINE
5
AFD
330
C
100
AcDbEntity
8
0
100
AcDbLine
10
569.547
20
109.294
30
0
11
569.547
21
109.294
31
0
0
LINE
5
AFE
330
C
100
AcDbEntity
8
0
100
AcDbLine
10
569.547
20
109.294
30
0
11
567.315
21
109.294
31
0
0
LINE
5
AFF
330
C
100
AcDbEntity
8
0
100
AcDbLine
10
567.315
20
109.294
30
0
11
567.2
21
109.296
31
0
0
LINE
5
B00
330
C
100
AcDbEntity
8
0
100
AcDbLine
10
567.2
20
109.296
30
0
11
567.089
21
109.301
31
0
0
LINE
5
B01
330
C
100
AcDbEntity
8
0
100
AcDbLine
10
567.089
20
109.301
30
0
11
566.98
21
109.31
31
0
0
LINE
5
B02
330
C
100
AcDbEntity
8
0
100
AcDbLine
10
566.98
20
109.31
30
0
11
566.875
21
109.322
31
0
0
LINE
5
B03
330
C
100
AcDbEntity
8
0
100
AcDbLine
10
566.875
20
109.322
30
0
11
566.773
21
109.338
31
0
0
LINE
5
B04
330
C
100
AcDbEntity
8
0
100
AcDbLine
10
566.773
20
109.338
30
0
11
566.674
21
109.358
31
0
0
LINE
5
B05
330
C
100
AcDbEntity
8
0
100
AcDbLine
10
566.674
20
109.358
30
0
11
566.578
21
109.381
31
0
0
LINE
5
B06
330
C
100
AcDbEntity
8
0
100
AcDbLine
10
566.578
20
109.381
30
0
11
566.486
21
109.407
31
0
0
LINE
5
B07
330
C
100
AcDbEntity
8
0
100
AcDbLine
10
566.486
20
109.407
30
0
11
566.396
21
109.437
31
0
0
LINE
5
B08
330
C
100
AcDbEntity
8
0
100
AcDbLine
10
566.396
20
109.437
30
0
11
566.31
21
109.471
31
0
0
LINE
5
B09
330
C
100
AcDbEntity
8
0
100
AcDbLine
10
566.31
20
109.471
30
0
11
566.227
21
109.508
31
0
0
LINE
5
B0A
330
C
100
AcDbEntity
8
0
100
AcDbLine
10
566.227
20
109.508
30
0
11
566.149
21
109.546
31
0
0
LINE
5
B0B
330
C
100
AcDbEntity
8
0
100
AcDbLine
10
566.149
20
109.546
30
0
11
566.074
21
109.587
31
0
0
LINE
5
B0C
330
C
100
AcDbEntity
8
0
100
AcDbLine
10
566.074
20
109.587
30
0
11
566.003
21
109.63
31
0
0
LINE
5
B0D
330
C
100
AcDbEntity
8
0
100
AcDbLine
10
566.003
20
109.63
30
0
11
565.936
21
109.676
31
0
0
LINE
5
B0E
330
C
100
AcDbEntity
8
0
100
AcDbLine
10
565.936
20
109.676
30
0
11
565.873
21
109.723
31
0
0
LINE
5
B0F
330
C
100
AcDbEntity
8
0
100
AcDbLine
10
565.873
20
109.723
30
0
11
565.813
21
109.773
31
0
0
LINE
5
B10
330
C
100
AcDbEntity
8
0
100
AcDbLine
10
565.813
20
109.773
30
0
11
565.758
21
109.825
31
0
0
LINE
5
B11
330
C
100
AcDbEntity
8
0
100
AcDbLine
10
565.758
20
109.825
30
0
11
565.707
21
109.88
31
0
0
LINE
5
B12
330
C
100
AcDbEntity
8
0
100
AcDbLine
10
565.707
20
109.88
30
0
11
565.659
21
109.936
31
0
0
LINE
5
B13
330
C
100
AcDbEntity
8
0
100
AcDbLine
10
565.659
20
109.936
30
0
11
565.616
21
109.994
31
0
0
LINE
5
B14
330
C
100
AcDbEntity
8
0
100
AcDbLine
10
565.616
20
109.994
30
0
11
565.577
21
110.053
31
0
0
LINE
5
B15
330
C
100
AcDbEntity
8
0
100
AcDbLine
10
565.577
20
110.053
30
0
11
565.543
21
110.114
31
0
0
LINE
5
B16
330
C
100
AcDbEntity
8
0
100
AcDbLine
10
565.543
20
110.114
30
0
11
565.513
21
110.175
31
0
0
LINE
5
B17
330
C
100
AcDbEntity
8
0
100
AcDbLine
10
565.513
20
110.175
30
0
11
565.488
21
110.237
31
0
0
LINE
5
B18
330
C
100
AcDbEntity
8
0
100
AcDbLine
10
565.488
20
110.237
30
0
11
565.467
21
110.301
31
0
0
LINE
5
B19
330
C
100
AcDbEntity
8
0
100
AcDbLine
10
565.467
20
110.301
30
0
11
565.452
21
110.366
31
0
0
LINE
5
B1A
330
C
100
AcDbEntity
8
0
100
AcDbLine
10
565.452
20
110.366
30
0
11
565.44
21
110.431
31
0
0
LINE
5
B1B
330
C
100
AcDbEntity
8
0
100
AcDbLine
10
565.44
20
110.431
30
0
11
565.433
21
110.498
31
0
0
LINE
5
B1C
330
C
100
AcDbEntity
8
0
100
AcDbLine
10
565.433
20
110.498
30
0
11
565.431
21
110.566
31
0
0
LINE
5
B1D
330
C
100
AcDbEntity
8
0
100
AcDbLine
10
565.431
20
110.566
30
0
11
565.431
21
110.566
31
0
0
LINE
5
B1E
330
C
100
AcDbEntity
8
0
100
AcDbLine
10
565.431
20
110.566
30
0
11
565.433
21
110.637
31
0
0
LINE
5
B1F
330
C
100
AcDbEntity
8
0
100
AcDbLine
10
565.433
20
110.637
30
0
11
565.439
21
110.706
31
0
0
LINE
5
B20
330
C
100
AcDbEntity
8
0
100
AcDbLine
10
565.439
20
110.706
30
0
11
565.449
21
110.772
31
0
0
LINE
5
B21
330
C
100
AcDbEntity
8
0
100
AcDbLine
10
565.449
20
110.772
30
0
11
565.464
21
110.837
31
0
0
LINE
5
B22
330
C
100
AcDbEntity
8
0
100
AcDbLine
10
565.464
20
110.837
30
0
11
565.482
21
110.899
31
0
0
LINE
5
B23
330
C
100
AcDbEntity
8
0
100
AcDbLine
10
565.482
20
110.899
30
0
11
565.504
21
110.959
31
0
0
LINE
5
B24
330
C
100
AcDbEntity
8
0
100
AcDbLine
10
565.504
20
110.959
30
0
11
565.531
21
111.017
31
0
0
LINE
5
B25
330
C
100
AcDbEntity
8
0
100
AcDbLine
10
565.531
20
111.017
30
0
11
565.562
21
111.073
31
0
0
LINE
5
B26
330
C
100
AcDbEntity
8
0
100
AcDbLine
10
565.562
20
111.073
30
0
11
565.596
21
111.127
31
0
0
LINE
5
B27
330
C
100
AcDbEntity
8
0
100
AcDbLine
10
565.596
20
111.127
30
0
11
565.635
21
111.178
31
0
0
LINE
5
B28
330
C
100
AcDbEntity
8
0
100
AcDbLine
10
565.635
20
111.178
30
0
11
565.677
21
111.227
31
0
0
LINE
5
B29
330
C
100
AcDbEntity
8
0
100
AcDbLine
10
565.677
20
111.227
30
0
11
565.722
21
111.274
31
0
0
LINE
5
B2A
330
C
100
AcDbEntity
8
0
100
AcDbLine
10
565.722
20
111.274
30
0
11
565.768
21
111.318
31
0
0
LINE
5
B2B
330
C
100
AcDbEntity
8
0
100
AcDbLine
10
565.768
20
111.318
30
0
11
565.818
21
111.36
31
0
0
LINE
5
B2C
330
C
100
AcDbEntity
8
0
100
AcDbLine
10
565.818
20
111.36
30
0
11
565.87
21
111.4
31
0
0
LINE
5
B2D
330
C
100
AcDbEntity
8
0
100
AcDbLine
10
565.87
20
111.4
30
0
11
565.924
21
111.437
31
0
0
LINE
5
B2E
330
C
100
AcDbEntity
8
0
100
AcDbLine
10
565.924
20
111.437
30
0
11
565.981
21
111.472
31
0
0
LINE
5
B2F
330
C
100
AcDbEntity
8
0
100
AcDbLine
10
565.981
20
111.472
30
0
11
566.04
21
111.504
31
0
0
LINE
5
B30
330
C
100
AcDbEntity
8
0
100
AcDbLine
10
566.04
20
111.504
30
0
11
566.102
21
111.534
31
0
0
LINE
5
B31
330
C
100
AcDbEntity
8
0
100
AcDbLine
10
566.102
20
111.534
30
0
11
566.166
21
111.562
31
0
0
LINE
5
B32
330
C
100
AcDbEntity
8
0
100
AcDbLine
10
566.166
20
111.562
30
0
11
566.232
21
111.587
31
0
0
LINE
5
B33
330
C
100
AcDbEntity
8
0
100
AcDbLine
10
566.232
20
111.587
30
0
11
566.299
21
111.61
31
0
0
LINE
5
B34
330
C
100
AcDbEntity
8
0
100
AcDbLine
10
566.299
20
111.61
30
0
11
566.367
21
111.629
31
0
0
LINE
5
B35
330
C
100
AcDbEntity
8
0
100
AcDbLine
10
566.367
20
111.629
30
0
11
566.436
21
111.646
31
0
0
LINE
5
B36
330
C
100
AcDbEntity
8
0
100
AcDbLine
10
566.436
20
111.646
30
0
11
566.506
21
111.661
31
0
0
LINE
5
B37
330
C
100
AcDbEntity
8
0
100
AcDbLine
10
566.506
20
111.661
30
0
11
566.577
21
111.673
31
0
0
LINE
5
B38
330
C
100
AcDbEntity
8
0
100
AcDbLine
10
566.577
20
111.673
30
0
11
566.649
21
111.682
31
0
0
LINE
5
B39
330
C
100
AcDbEntity
8
0
100
AcDbLine
10
566.649
20
111.682
30
0
11
566.722
21
111.689
31
0
0
LINE
5
B3A
330
C
100
AcDbEntity
8
0
100
AcDbLine
10
566.722
20
111.689
30
0
11
566.796
21
111.693
31
0
0
LINE
5
B3B
330
C
100
AcDbEntity
8
0
100
AcDbLine
10
566.796
20
111.693
30
0
11
566.871
21
111.694
31
0
0
LINE
5
B3C
330
C
100
AcDbEntity
8
0
100
AcDbLine
10
566.871
20
111.694
30
0
11
566.871
21
111.694
31
0
0
LINE
5
B3D
330
C
100
AcDbEntity
8
0
100
AcDbLine
10
566.871
20
111.694
30
0
11
567.051
21
111.346
31
0
0
LINE
5
B3E
330
C
100
AcDbEntity
8
0
100
AcDbLine
10
567.051
20
111.346
30
0
11
567.015
21
111.345
31
0
0
LINE
5
B3F
330
C
100
AcDbEntity
8
0
100
AcDbLine
10
567.015
20
111.345
30
0
11
566.979
21
111.343
31
0
0
LINE
5
B40
330
C
100
AcDbEntity
8
0
100
AcDbLine
10
566.979
20
111.343
30
0
11
566.943
21
111.339
31
0
0
LINE
5
B41
330
C
100
AcDbEntity
8
0
100
AcDbLine
10
566.943
20
111.339
30
0
11
566.907
21
111.333
31
0
0
LINE
5
B42
330
C
100
AcDbEntity
8
0
100
AcDbLine
10
566.907
20
111.333
30
0
11
566.87
21
111.326
31
0
0
LINE
5
B43
330
C
100
AcDbEntity
8
0
100
AcDbLine
10
566.87
20
111.326
30
0
11
566.834
21
111.317
31
0
0
LINE
5
B44
330
C
100
AcDbEntity
8
0
100
AcDbLine
10
566.834
20
111.317
30
0
11
566.798
21
111.306
31
0
0
LINE
5
B45
330
C
100
AcDbEntity
8
0
100
AcDbLine
10
566.798
20
111.306
30
0
11
566.761
21
111.294
31
0
0
LINE
5
B46
330
C
100
AcDbEntity
8
0
100
AcDbLine
10
566.761
20
111.294
30
0
11
566.725
21
111.28
31
0
0
LINE
5
B47
330
C
100
AcDbEntity
8
0
100
AcDbLine
10
566.725
20
111.28
30
0
11
566.688
21
111.265
31
0
0
LINE
5
B48
330
C
100
AcDbEntity
8
0
100
AcDbLine
10
566.688
20
111.265
30
0
11
566.652
21
111.248
31
0
0
LINE
5
B49
330
C
100
AcDbEntity
8
0
100
AcDbLine
10
566.652
20
111.248
30
0
11
566.617
21
111.229
31
0
0
LINE
5
B4A
330
C
100
AcDbEntity
8
0
100
AcDbLine
10
566.617
20
111.229
30
0
11
566.584
21
111.209
31
0
0
LINE
5
B4B
330
C
100
AcDbEntity
8
0
100
AcDbLine
10
566.584
20
111.209
30
0
11
566.551
21
111.188
31
0
0
LINE
5
B4C
330
C
100
AcDbEntity
8
0
100
AcDbLine
10
566.551
20
111.188
30
0
11
566.52
21
111.165
31
0
0
LINE
5
B4D
330
C
100
AcDbEntity
8
0
100
AcDbLine
10
566.52
20
111.165
30
0
11
566.49
21
111.14
31
0
0
LINE
5
B4E
330
C
100
AcDbEntity
8
0
100
AcDbLine
10
566.49
20
111.14
30
0
11
566.461
21
111.113
31
0
0
LINE
5
B4F
330
C
100
AcDbEntity
8
0
100
AcDbLine
10
566.461
20
111.113
30
0
11
566.434
21
111.085
31
0
0
LINE
5
B50
330
C
100
AcDbEntity
8
0
100
AcDbLine
10
566.434
20
111.085
30
0
11
566.407
21
111.056
31
0
0
LINE
5
B51
330
C
100
AcDbEntity
8
0
100
AcDbLine
10
566.407
20
111.056
30
0
11
566.382
21
111.025
31
0
0
LINE
5
B52
330
C
100
AcDbEntity
8
0
100
AcDbLine
10
566.382
20
111.025
30
0
11
566.359
21
110.992
31
0
0
LINE
5
B53
330
C
100
AcDbEntity
8
0
100
AcDbLine
10
566.359
20
110.992
30
0
11
566.338
21
110.958
31
0
0
LINE
5
B54
330
C
100
AcDbEntity
8
0
100
AcDbLine
10
566.338
20
110.958
30
0
11
566.319
21
110.922
31
0
0
LINE
5
B55
330
C
100
AcDbEntity
8
0
100
AcDbLine
10
566.319
20
110.922
30
0
11
566.303
21
110.885
31
0
0
LINE
5
B56
330
C
100
AcDbEntity
8
0
100
AcDbLine
10
566.303
20
110.885
30
0
11
566.29
21
110.846
31
0
0
LINE
5
B57
330
C
100
AcDbEntity
8
0
100
AcDbLine
10
566.29
20
110.846
30
0
11
566.279
21
110.805
31
0
0
LINE
5
B58
330
C
100
AcDbEntity
8
0
100
AcDbLine
10
566.279
20
110.805
30
0
11
566.27
21
110.763
31
0
0
LINE
5
B59
330
C
100
AcDbEntity
8
0
100
AcDbLine
10
566.27
20
110.763
30
0
11
566.264
21
110.719
31
0
0
LINE
5
B5A
330
C
100
AcDbEntity
8
0
100
AcDbLine
10
566.264
20
110.719
30
0
11
566.26
21
110.673
31
0
0
LINE
5
B5B
330
C
100
AcDbEntity
8
0
100
AcDbLine
10
566.26
20
110.673
30
0
11
566.259
21
110.626
31
0
0
LINE
5
B5C
330
C
100
AcDbEntity
8
0
100
AcDbLine
10
566.259
20
110.626
30
0
11
566.259
21
110.626
31
0
0
LINE
5
B5D
330
C
100
AcDbEntity
8
0
100
AcDbLine
10
566.259
20
110.626
30
0
11
566.261
21
110.572
31
0
0
LINE
5
B5E
330
C
100
AcDbEntity
8
0
100
AcDbLine
10
566.261
20
110.572
30
0
11
566.268
21
110.519
31
0
0
LINE
5
B5F
330
C
100
AcDbEntity
8
0
100
AcDbLine
10
566.268
20
110.519
30
0
11
566.28
21
110.469
31
0
0
LINE
5
B60
330
C
100
AcDbEntity
8
0
100
AcDbLine
10
566.28
20
110.469
30
0
11
566.295
21
110.42
31
0
0
LINE
5
B61
330
C
100
AcDbEntity
8
0
100
AcDbLine
10
566.295
20
110.42
30
0
11
566.316
21
110.373
31
0
0
LINE
5
B62
330
C
100
AcDbEntity
8
0
100
AcDbLine
10
566.316
20
110.373
30
0
11
566.341
21
110.327
31
0
0
LINE
5
B63
330
C
100
AcDbEntity
8
0
100
AcDbLine
10
566.341
20
110.327
30
0
11
566.371
21
110.284
31
0
0
LINE
5
B64
330
C
100
AcDbEntity
8
0
100
AcDbLine
10
566.371
20
110.284
30
0
11
566.405
21
110.242
31
0
0
LINE
5
B65
330
C
100
AcDbEntity
8
0
100
AcDbLine
10
566.405
20
110.242
30
0
11
566.444
21
110.202
31
0
0
LINE
5
B66
330
C
100
AcDbEntity
8
0
100
AcDbLine
10
566.444
20
110.202
30
0
11
566.487
21
110.164
31
0
0
LINE
5
B67
330
C
100
AcDbEntity
8
0
100
AcDbLine
10
566.487
20
110.164
30
0
11
566.536
21
110.129
31
0
0
LINE
5
B68
330
C
100
AcDbEntity
8
0
100
AcDbLine
10
566.536
20
110.129
30
0
11
566.593
21
110.097
31
0
0
LINE
5
B69
330
C
100
AcDbEntity
8
0
100
AcDbLine
10
566.593
20
110.097
30
0
11
566.657
21
110.069
31
0
0
LINE
5
B6A
330
C
100
AcDbEntity
8
0
100
AcDbLine
10
566.657
20
110.069
30
0
11
566.729
21
110.045
31
0
0
LINE
5
B6B
330
C
100
AcDbEntity
8
0
100
AcDbLine
10
566.729
20
110.045
30
0
11
566.808
21
110.025
31
0
0
LINE
5
B6C
330
C
100
AcDbEntity
8
0
100
AcDbLine
10
566.808
20
110.025
30
0
11
566.895
21
110.008
31
0
0
LINE
5
B6D
330
C
100
AcDbEntity
8
0
100
AcDbLine
10
566.895
20
110.008
30
0
11
566.988
21
109.995
31
0
0
LINE
5
B6E
330
C
100
AcDbEntity
8
0
100
AcDbLine
10
566.988
20
109.995
30
0
11
567.09
21
109.985
31
0
0
LINE
5
B6F
330
C
100
AcDbEntity
8
0
100
AcDbLine
10
567.09
20
109.985
30
0
11
567.199
21
109.98
31
0
0
LINE
5
B70
330
C
100
AcDbEntity
8
0
100
AcDbLine
10
567.199
20
109.98
30
0
11
567.315
21
109.978
31
0
0
LINE
5
B71
330
C
100
AcDbEntity
8
0
100
AcDbLine
10
567.315
20
109.978
30
0
11
567.315
21
109.978
31
0
0
LINE
5
B72
330
C
100
AcDbEntity
8
0
100
AcDbLine
10
567.315
20
109.978
30
0
11
569.547
21
109.978
31
0
0
LINE
5
B73
330
C
100
AcDbEntity
8
0
100
AcDbLine
10
569.547
20
109.978
30
0
11
569.706
21
109.975
31
0
0
LINE
5
B74
330
C
100
AcDbEntity
8
0
100
AcDbLine
10
569.706
20
109.975
30
0
11
569.857
21
109.964
31
0
0
LINE
5
B75
330
C
100
AcDbEntity
8
0
100
AcDbLine
10
569.857
20
109.964
30
0
11
570.002
21
109.947
31
0
0
LINE
5
B76
330
C
100
AcDbEntity
8
0
100
AcDbLine
10
570.002
20
109.947
30
0
11
570.14
21
109.923
31
0
0
LINE
5
B77
330
C
100
AcDbEntity
8
0
100
AcDbLine
10
570.14
20
109.923
30
0
11
570.271
21
109.892
31
0
0
LINE
5
B78
330
C
100
AcDbEntity
8
0
100
AcDbLine
10
570.271
20
109.892
30
0
11
570.395
21
109.855
31
0
0
LINE
5
B79
330
C
100
AcDbEntity
8
0
100
AcDbLine
10
570.395
20
109.855
30
0
11
570.512
21
109.81
31
0
0
LINE
5
B7A
330
C
100
AcDbEntity
8
0
100
AcDbLine
10
570.512
20
109.81
30
0
11
570.622
21
109.759
31
0
0
LINE
5
B7B
330
C
100
AcDbEntity
8
0
100
AcDbLine
10
570.622
20
109.759
30
0
11
570.726
21
109.701
31
0
0
LINE
5
B7C
330
C
100
AcDbEntity
8
0
100
AcDbLine
10
570.726
20
109.701
30
0
11
570.822
21
109.636
31
0
0
LINE
5
B7D
330
C
100
AcDbEntity
8
0
100
AcDbLine
10
570.822
20
109.636
30
0
11
570.91
21
109.565
31
0
0
LINE
5
B7E
330
C
100
AcDbEntity
8
0
100
AcDbLine
10
570.91
20
109.565
30
0
11
570.989
21
109.488
31
0
0
LINE
5
B7F
330
C
100
AcDbEntity
8
0
100
AcDbLine
10
570.989
20
109.488
30
0
11
571.059
21
109.406
31
0
0
LINE
5
B80
330
C
100
AcDbEntity
8
0
100
AcDbLine
10
571.059
20
109.406
30
0
11
571.12
21
109.319
31
0
0
LINE
5
B81
330
C
100
AcDbEntity
8
0
100
AcDbLine
10
571.12
20
109.319
30
0
11
571.171
21
109.227
31
0
0
LINE
5
B82
330
C
100
AcDbEntity
8
0
100
AcDbLine
10
571.171
20
109.227
30
0
11
571.213
21
109.128
31
0
0
LINE
5
B83
330
C
100
AcDbEntity
8
0
100
AcDbLine
10
571.213
20
109.128
30
0
11
571.245
21
109.025
31
0
0
LINE
5
B84
330
C
100
AcDbEntity
8
0
100
AcDbLine
10
571.245
20
109.025
30
0
11
571.268
21
108.916
31
0
0
LINE
5
B85
330
C
100
AcDbEntity
8
0
100
AcDbLine
10
571.268
20
108.916
30
0
11
571.282
21
108.802
31
0
0
LINE
5
B86
330
C
100
AcDbEntity
8
0
100
AcDbLine
10
571.282
20
108.802
30
0
11
571.287
21
108.682
31
0
0
LINE
5
B87
330
C
100
AcDbEntity
8
0
100
AcDbLine
10
571.287
20
108.682
30
0
11
571.287
21
108.682
31
0
0
LINE
5
B88
330
C
100
AcDbEntity
8
0
100
AcDbLine
10
571.287
20
108.682
30
0
11
571.283
21
108.57
31
0
0
LINE
5
B89
330
C
100
AcDbEntity
8
0
100
AcDbLine
10
571.283
20
108.57
30
0
11
571.271
21
108.458
31
0
0
LINE
5
B8A
330
C
100
AcDbEntity
8
0
100
AcDbLine
10
571.271
20
108.458
30
0
11
571.251
21
108.348
31
0
0
LINE
5
B8B
330
C
100
AcDbEntity
8
0
100
AcDbLine
10
571.251
20
108.348
30
0
11
571.223
21
108.238
31
0
0
LINE
5
B8C
330
C
100
AcDbEntity
8
0
100
AcDbLine
10
571.223
20
108.238
30
0
11
571.187
21
108.129
31
0
0
LINE
5
B8D
330
C
100
AcDbEntity
8
0
100
AcDbLine
10
571.187
20
108.129
30
0
11
571.142
21
108.021
31
0
0
LINE
5
B8E
330
C
100
AcDbEntity
8
0
100
AcDbLine
10
571.142
20
108.021
30
0
11
571.09
21
107.914
31
0
0
LINE
5
B8F
330
C
100
AcDbEntity
8
0
100
AcDbLine
10
571.09
20
107.914
30
0
11
571.03
21
107.808
31
0
0
LINE
5
B90
330
C
100
AcDbEntity
8
0
100
AcDbLine
10
571.03
20
107.808
30
0
11
570.961
21
107.703
31
0
0
LINE
5
B91
330
C
100
AcDbEntity
8
0
100
AcDbLine
10
570.961
20
107.703
30
0
11
570.885
21
107.599
31
0
0
LINE
5
B92
330
C
100
AcDbEntity
8
0
100
AcDbLine
10
570.885
20
107.599
30
0
11
570.801
21
107.497
31
0
0
LINE
5
B93
330
C
100
AcDbEntity
8
0
100
AcDbLine
10
570.801
20
107.497
30
0
11
570.71
21
107.399
31
0
0
LINE
5
B94
330
C
100
AcDbEntity
8
0
100
AcDbLine
10
570.71
20
107.399
30
0
11
570.612
21
107.304
31
0
0
LINE
5
B95
330
C
100
AcDbEntity
8
0
100
AcDbLine
10
570.612
20
107.304
30
0
11
570.508
21
107.214
31
0
0
LINE
5
B96
330
C
100
AcDbEntity
8
0
100
AcDbLine
10
570.508
20
107.214
30
0
11
570.396
21
107.126
31
0
0
LINE
5
B97
330
C
100
AcDbEntity
8
0
100
AcDbLine
10
570.396
20
107.126
30
0
11
570.277
21
107.043
31
0
0
LINE
5
B98
330
C
100
AcDbEntity
8
0
100
AcDbLine
10
570.277
20
107.043
30
0
11
570.152
21
106.964
31
0
0
LINE
5
B99
330
C
100
AcDbEntity
8
0
100
AcDbLine
10
570.152
20
106.964
30
0
11
570.019
21
106.888
31
0
0
LINE
5
B9A
330
C
100
AcDbEntity
8
0
100
AcDbLine
10
570.019
20
106.888
30
0
11
569.88
21
106.815
31
0
0
LINE
5
B9B
330
C
100
AcDbEntity
8
0
100
AcDbLine
10
569.88
20
106.815
30
0
11
569.733
21
106.747
31
0
0
LINE
5
B9C
330
C
100
AcDbEntity
8
0
100
AcDbLine
10
569.733
20
106.747
30
0
11
569.58
21
106.684
31
0
0
LINE
5
B9D
330
C
100
AcDbEntity
8
0
100
AcDbLine
10
569.58
20
106.684
30
0
11
569.421
21
106.627
31
0
0
LINE
5
B9E
330
C
100
AcDbEntity
8
0
100
AcDbLine
10
569.421
20
106.627
30
0
11
569.257
21
106.577
31
0
0
LINE
5
B9F
330
C
100
AcDbEntity
8
0
100
AcDbLine
10
569.257
20
106.577
30
0
11
569.086
21
106.534
31
0
0
LINE
5
BA0
330
C
100
AcDbEntity
8
0
100
AcDbLine
10
569.086
20
106.534
30
0
11
568.909
21
106.497
31
0
0
LINE
5
BA1
330
C
100
AcDbEntity
8
0
100
AcDbLine
10
568.909
20
106.497
30
0
11
568.727
21
106.467
31
0
0
LINE
5
BA2
330
C
100
AcDbEntity
8
0
100
AcDbLine
10
568.727
20
106.467
30
0
11
568.539
21
106.444
31
0
0
LINE
5
BA3
330
C
100
AcDbEntity
8
0
100
AcDbLine
10
568.539
20
106.444
30
0
11
568.345
21
106.427
31
0
0
LINE
5
BA4
330
C
100
AcDbEntity
8
0
100
AcDbLine
10
568.345
20
106.427
30
0
11
568.145
21
106.417
31
0
0
LINE
5
BA5
330
C
100
AcDbEntity
8
0
100
AcDbLine
10
568.145
20
106.417
30
0
11
567.939
21
106.414
31
0
0
LINE
5
BA6
330
C
100
AcDbEntity
8
0
100
AcDbLine
10
567.939
20
106.414
30
0
11
567.939
21
106.414
31
0
0
LINE
5
BA7
330
C
100
AcDbEntity
8
0
100
AcDbLine
10
568.107
20
111.046
30
0
11
568.107
21
111.046
31
0
0
LINE
5
BA8
330
C
100
AcDbEntity
8
0
100
AcDbLine
10
568.107
20
111.046
30
0
11
567.976
21
111.049
31
0
0
LINE
5
BA9
330
C
100
AcDbEntity
8
0
100
AcDbLine
10
567.976
20
111.049
30
0
11
567.848
21
111.057
31
0
0
LINE
5
BAA
330
C
100
AcDbEntity
8
0
100
AcDbLine
10
567.848
20
111.057
30
0
11
567.723
21
111.07
31
0
0
LINE
5
BAB
330
C
100
AcDbEntity
8
0
100
AcDbLine
10
567.723
20
111.07
30
0
11
567.6
21
111.088
31
0
0
LINE
5
BAC
330
C
100
AcDbEntity
8
0
100
AcDbLine
10
567.6
20
111.088
30
0
11
567.479
21
111.112
31
0
0
LINE
5
BAD
330
C
100
AcDbEntity
8
0
100
AcDbLine
10
567.479
20
111.112
30
0
11
567.361
21
111.141
31
0
0
LINE
5
BAE
330
C
100
AcDbEntity
8
0
100
AcDbLine
10
567.361
20
111.141
30
0
11
567.246
21
111.175
31
0
0
LINE
5
BAF
330
C
100
AcDbEntity
8
0
100
AcDbLine
10
567.246
20
111.175
30
0
11
567.134
21
111.215
31
0
0
LINE
5
BB0
330
C
100
AcDbEntity
8
0
100
AcDbLine
10
567.134
20
111.215
30
0
11
567.023
21
111.26
31
0
0
LINE
5
BB1
330
C
100
AcDbEntity
8
0
100
AcDbLine
10
567.023
20
111.26
30
0
11
566.916
21
111.31
31
0
0
LINE
5
BB2
330
C
100
AcDbEntity
8
0
100
AcDbLine
10
566.916
20
111.31
30
0
11
566.812
21
111.365
31
0
0
LINE
5
BB3
330
C
100
AcDbEntity
8
0
100
AcDbLine
10
566.812
20
111.365
30
0
11
566.712
21
111.424
31
0
0
LINE
5
BB4
330
C
100
AcDbEntity
8
0
100
AcDbLine
10
566.712
20
111.424
30
0
11
566.617
21
111.487
31
0
0
LINE
5
BB5
330
C
100
AcDbEntity
8
0
100
AcDbLine
10
566.617
20
111.487
30
0
11
566.527
21
111.555
31
0
0
LINE
5
BB6
330
C
100
AcDbEntity
8
0
100
AcDbLine
10
566.527
20
111.555
30
0
11
566.441
21
111.626
31
0
0
LINE
5
BB7
330
C
100
AcDbEntity
8
0
100
AcDbLine
10
566.441
20
111.626
30
0
11
566.359
21
111.702
31
0
0
LINE
5
BB8
330
C
100
AcDbEntity
8
0
100
AcDbLine
10
566.359
20
111.702
30
0
11
566.281
21
111.782
31
0
0
LINE
5
BB9
330
C
100
AcDbEntity
8
0
100
AcDbLine
10
566.281
20
111.782
30
0
11
566.208
21
111.867
31
0
0
LINE
5
BBA
330
C
100
AcDbEntity
8
0
100
AcDbLine
10
566.208
20
111.867
30
0
11
566.14
21
111.955
31
0
0
LINE
5
BBB
330
C
100
AcDbEntity
8
0
100
AcDbLine
10
566.14
20
111.955
30
0
11
566.076
21
112.048
31
0
0
LINE
5
BBC
330
C
100
AcDbEntity
8
0
100
AcDbLine
10
566.076
20
112.048
30
0
11
566.017
21
112.144
31
0
0
LINE
5
BBD
330
C
100
AcDbEntity
8
0
100
AcDbLine
10
566.017
20
112.144
30
0
11
565.965
21
112.244
31
0
0
LINE
5
BBE
330
C
100
AcDbEntity
8
0
100
AcDbLine
10
565.965
20
112.244
30
0
11
565.918
21
112.346
31
0
0
LINE
5
BBF
330
C
100
AcDbEntity
8
0
100
AcDbLine
10
565.918
20
112.346
30
0
11
565.878
21
112.451
31
0
0
LINE
5
BC0
330
C
100
AcDbEntity
8
0
100
AcDbLine
10
565.878
20
112.451
30
0
11
565.844
21
112.559
31
0
0
LINE
5
BC1
330
C
100
AcDbEntity
8
0
100
AcDbLine
10
565.844
20
112.559
30
0
11
565.816
21
112.671
31
0
0
LINE
5
BC2
330
C
100
AcDbEntity
8
0
100
AcDbLine
10
565.816
20
112.671
30
0
11
565.795
21
112.785
31
0
0
LINE
5
BC3
330
C
100
AcDbEntity
8
0
100
AcDbLine
10
565.795
20
112.785
30
0
11
565.779
21
112.902
31
0
0
LINE
5
BC4
330
C
100
AcDbEntity
8
0
100
AcDbLine
10
565.779
20
112.902
30
0
11
565.77
21
113.023
31
0
0
LINE
5
BC5
330
C
100
AcDbEntity
8
0
100
AcDbLine
10
565.77
20
113.023
30
0
11
565.767
21
113.146
31
0
0
LINE
5
BC6
330
C
100
AcDbEntity
8
0
100
AcDbLine
10
565.767
20
113.146
30
0
11
565.767
21
113.146
31
0
0
LINE
5
BC7
330
C
100
AcDbEntity
8
0
100
AcDbLine
10
565.767
20
113.146
30
0
11
565.77
21
113.27
31
0
0
LINE
5
BC8
330
C
100
AcDbEntity
8
0
100
AcDbLine
10
565.77
20
113.27
30
0
11
565.779
21
113.392
31
0
0
LINE
5
BC9
330
C
100
AcDbEntity
8
0
100
AcDbLine
10
565.779
20
113.392
30
0
11
565.795
21
113.51
31
0
0
LINE
5
BCA
330
C
100
AcDbEntity
8
0
100
AcDbLine
10
565.795
20
113.51
30
0
11
565.816
21
113.625
31
0
0
LINE
5
BCB
330
C
100
AcDbEntity
8
0
100
AcDbLine
10
565.816
20
113.625
30
0
11
565.844
21
113.737
31
0
0
LINE
5
BCC
330
C
100
AcDbEntity
8
0
100
AcDbLine
10
565.844
20
113.737
30
0
11
565.878
21
113.846
31
0
0
LINE
5
BCD
330
C
100
AcDbEntity
8
0
100
AcDbLine
10
565.878
20
113.846
30
0
11
565.918
21
113.952
31
0
0
LINE
5
BCE
330
C
100
AcDbEntity
8
0
100
AcDbLine
10
565.918
20
113.952
30
0
11
565.965
21
114.054
31
0
0
LINE
5
BCF
330
C
100
AcDbEntity
8
0
100
AcDbLine
10
565.965
20
114.054
30
0
11
566.017
21
114.154
31
0
0
LINE
5
BD0
330
C
100
AcDbEntity
8
0
100
AcDbLine
10
566.017
20
114.154
30
0
11
566.076
21
114.25
31
0
0
LINE
5
BD1
330
C
100
AcDbEntity
8
0
100
AcDbLine
10
566.076
20
114.25
30
0
11
566.14
21
114.343
31
0
0
LINE
5
BD2
330
C
100
AcDbEntity
8
0
100
AcDbLine
10
566.14
20
114.343
30
0
11
566.208
21
114.431
31
0
0
LINE
5
BD3
330
C
100
AcDbEntity
8
0
100
AcDbLine
10
566.208
20
114.431
30
0
11
566.281
21
114.515
31
0
0
LINE
5
BD4
330
C
100
AcDbEntity
8
0
100
AcDbLine
10
566.281
20
114.515
30
0
11
566.359
21
114.595
31
0
0
LINE
5
BD5
330
C
100
AcDbEntity
8
0
100
AcDbLine
10
566.359
20
114.595
30
0
11
566.441
21
114.671
31
0
0
LINE
5
BD6
330
C
100
AcDbEntity
8
0
100
AcDbLine
10
566.441
20
114.671
30
0
11
566.527
21
114.742
31
0
0
LINE
5
BD7
330
C
100
AcDbEntity
8
0
100
AcDbLine
10
566.527
20
114.742
30
0
11
566.617
21
114.809
31
0
0
LINE
5
BD8
330
C
100
AcDbEntity
8
0
100
AcDbLine
10
566.617
20
114.809
30
0
11
566.712
21
114.872
31
0
0
LINE
5
BD9
330
C
100
AcDbEntity
8
0
100
AcDbLine
10
566.712
20
114.872
30
0
11
566.812
21
114.931
31
0
0
LINE
5
BDA
330
C
100
AcDbEntity
8
0
100
AcDbLine
10
566.812
20
114.931
30
0
11
566.916
21
114.985
31
0
0
LINE
5
BDB
330
C
100
AcDbEntity
8
0
100
AcDbLine
10
566.916
20
114.985
30
0
11
567.023
21
115.035
31
0
0
LINE
5
BDC
330
C
100
AcDbEntity
8
0
100
AcDbLine
10
567.023
20
115.035
30
0
11
567.134
21
115.079
31
0
0
LINE
5
BDD
330
C
100
AcDbEntity
8
0
100
AcDbLine
10
567.134
20
115.079
30
0
11
567.246
21
115.118
31
0
0
LINE
5
BDE
330
C
100
AcDbEntity
8
0
100
AcDbLine
10
567.246
20
115.118
30
0
11
567.361
21
115.152
31
0
0
LINE
5
BDF
330
C
100
AcDbEntity
8
0
100
AcDbLine
10
567.361
20
115.152
30
0
11
567.479
21
115.181
31
0
0
LINE
5
BE0
330
C
100
AcDbEntity
8
0
100
AcDbLine
10
567.479
20
115.181
30
0
11
567.6
21
115.204
31
0
0
LINE
5
BE1
330
C
100
AcDbEntity
8
0
100
AcDbLine
10
567.6
20
115.204
30
0
11
567.723
21
115.223
31
0
0
LINE
5
BE2
330
C
100
AcDbEntity
8
0
100
AcDbLine
10
567.723
20
115.223
30
0
11
567.848
21
115.236
31
0
0
LINE
5
BE3
330
C
100
AcDbEntity
8
0
100
AcDbLine
10
567.848
20
115.236
30
0
11
567.976
21
115.243
31
0
0
LINE
5
BE4
330
C
100
AcDbEntity
8
0
100
AcDbLine
10
567.976
20
115.243
30
0
11
568.107
21
115.246
31
0
0
LINE
5
BE5
330
C
100
AcDbEntity
8
0
100
AcDbLine
10
568.107
20
115.246
30
0
11
568.107
21
115.246
31
0
0
LINE
5
BE6
330
C
100
AcDbEntity
8
0
100
AcDbLine
10
568.107
20
115.246
30
0
11
568.234
21
115.243
31
0
0
LINE
5
BE7
330
C
100
AcDbEntity
8
0
100
AcDbLine
10
568.234
20
115.243
30
0
11
568.359
21
115.236
31
0
0
LINE
5
BE8
330
C
100
AcDbEntity
8
0
100
AcDbLine
10
568.359
20
115.236
30
0
11
568.482
21
115.223
31
0
0
LINE
5
BE9
330
C
100
AcDbEntity
8
0
100
AcDbLine
10
568.482
20
115.223
30
0
11
568.602
21
115.204
31
0
0
LINE
5
BEA
330
C
100
AcDbEntity
8
0
100
AcDbLine
10
568.602
20
115.204
30
0
11
568.72
21
115.181
31
0
0
LINE
5
BEB
330
C
100
AcDbEntity
8
0
100
AcDbLine
10
568.72
20
115.181
30
0
11
568.835
21
115.152
31
0
0
LINE
5
BEC
330
C
100
AcDbEntity
8
0
100
AcDbLine
10
568.835
20
115.152
30
0
11
568.948
21
115.118
31
0
0
LINE
5
BED
330
C
100
AcDbEntity
8
0
100
AcDbLine
10
568.948
20
115.118
30
0
11
569.059
21
115.079
31
0
0
LINE
5
BEE
330
C
100
AcDbEntity
8
0
100
AcDbLine
10
569.059
20
115.079
30
0
11
569.168
21
115.035
31
0
0
LINE
5
BEF
330
C
100
AcDbEntity
8
0
100
AcDbLine
10
569.168
20
115.035
30
0
11
569.274
21
114.985
31
0
0
LINE
5
BF0
330
C
100
AcDbEntity
8
0
100
AcDbLine
10
569.274
20
114.985
30
0
11
569.377
21
114.931
31
0
0
LINE
5
BF1
330
C
100
AcDbEntity
8
0
100
AcDbLine
10
569.377
20
114.931
30
0
11
569.475
21
114.872
31
0
0
LINE
5
BF2
330
C
100
AcDbEntity
8
0
100
AcDbLine
10
569.475
20
114.872
30
0
11
569.57
21
114.809
31
0
0
LINE
5
BF3
330
C
100
AcDbEntity
8
0
100
AcDbLine
10
569.57
20
114.809
30
0
11
569.66
21
114.742
31
0
0
LINE
5
BF4
330
C
100
AcDbEntity
8
0
100
AcDbLine
10
569.66
20
114.742
30
0
11
569.746
21
114.671
31
0
0
LINE
5
BF5
330
C
100
AcDbEntity
8
0
100
AcDbLine
10
569.746
20
114.671
30
0
11
569.827
21
114.595
31
0
0
LINE
5
BF6
330
C
100
AcDbEntity
8
0
100
AcDbLine
10
569.827
20
114.595
30
0
11
569.905
21
114.515
31
0
0
LINE
5
BF7
330
C
100
AcDbEntity
8
0
100
AcDbLine
10
569.905
20
114.515
30
0
11
569.978
21
114.431
31
0
0
LINE
5
BF8
330
C
100
AcDbEntity
8
0
100
AcDbLine
10
569.978
20
114.431
30
0
11
570.046
21
114.343
31
0
0
LINE
5
BF9
330
C
100
AcDbEntity
8
0
100
AcDbLine
10
570.046
20
114.343
30
0
11
570.111
21
114.25
31
0
0
LINE
5
BFA
330
C
100
AcDbEntity
8
0
100
AcDbLine
10
570.111
20
114.25
30
0
11
570.17
21
114.154
31
0
0
LINE
5
BFB
330
C
100
AcDbEntity
8
0
100
AcDbLine
10
570.17
20
114.154
30
0
11
570.223
21
114.054
31
0
0
LINE
5
BFC
330
C
100
AcDbEntity
8
0
100
AcDbLine
10
570.223
20
114.054
30
0
11
570.27
21
113.952
31
0
0
LINE
5
BFD
330
C
100
AcDbEntity
8
0
100
AcDbLine
10
570.27
20
113.952
30
0
11
570.311
21
113.846
31
0
0
LINE
5
BFE
330
C
100
AcDbEntity
8
0
100
AcDbLine
10
570.311
20
113.846
30
0
11
570.345
21
113.737
31
0
0
LINE
5
BFF
330
C
100
AcDbEntity
8
0
100
AcDbLine
10
570.345
20
113.737
30
0
11
570.373
21
113.625
31
0
0
LINE
5
C00
330
C
100
AcDbEntity
8
0
100
AcDbLine
10
570.373
20
113.625
30
0
11
570.395
21
113.51
31
0
0
LINE
5
C01
330
C
100
AcDbEntity
8
0
100
AcDbLine
10
570.395
20
113.51
30
0
11
570.411
21
113.392
31
0
0
LINE
5
C02
330
C
100
AcDbEntity
8
0
100
AcDbLine
10
570.411
20
113.392
30
0
11
570.42
21
113.27
31
0
0
LINE
5
C03
330
C
100
AcDbEntity
8
0
100
AcDbLine
10
570.42
20
113.27
30
0
11
570.423
21
113.146
31
0
0
LINE
5
C04
330
C
100
AcDbEntity
8
0
100
AcDbLine
10
570.423
20
113.146
30
0
11
570.423
21
113.146
31
0
0
LINE
5
C05
330
C
100
AcDbEntity
8
0
100
AcDbLine
10
570.423
20
113.146
30
0
11
570.42
21
113.023
31
0
0
LINE
5
C06
330
C
100
AcDbEntity
8
0
100
AcDbLine
10
570.42
20
113.023
30
0
11
570.411
21
112.902
31
0
0
LINE
5
C07
330
C
100
AcDbEntity
8
0
100
AcDbLine
10
570.411
20
112.902
30
0
11
570.395
21
112.785
31
0
0
LINE
5
C08
330
C
100
AcDbEntity
8
0
100
AcDbLine
10
570.395
20
112.785
30
0
11
570.373
21
112.671
31
0
0
LINE
5
C09
330
C
100
AcDbEntity
8
0
100
AcDbLine
10
570.373
20
112.671
30
0
11
570.345
21
112.559
31
0
0
LINE
5
C0A
330
C
100
AcDbEntity
8
0
100
AcDbLine
10
570.345
20
112.559
30
0
11
570.311
21
112.451
31
0
0
LINE
5
C0B
330
C
100
AcDbEntity
8
0
100
AcDbLine
10
570.311
20
112.451
30
0
11
570.27
21
112.346
31
0
0
LINE
5
C0C
330
C
100
AcDbEntity
8
0
100
AcDbLine
10
570.27
20
112.346
30
0
11
570.223
21
112.244
31
0
0
LINE
5
C0D
330
C
100
AcDbEntity
8
0
100
AcDbLine
10
570.223
20
112.244
30
0
11
570.17
21
112.144
31
0
0
LINE
5
C0E
330
C
100
AcDbEntity
8
0
100
AcDbLine
10
570.17
20
112.144
30
0
11
570.111
21
112.048
31
0
0
LINE
5
C0F
330
C
100
AcDbEntity
8
0
100
AcDbLine
10
570.111
20
112.048
30
0
11
570.046
21
111.955
31
0
0
LINE
5
C10
330
C
100
AcDbEntity
8
0
100
AcDbLine
10
570.046
20
111.955
30
0
11
569.978
21
111.867
31
0
0
LINE
5
C11
330
C
100
AcDbEntity
8
0
100
AcDbLine
10
569.978
20
111.867
30
0
11
569.905
21
111.782
31
0
0
LINE
5
C12
330
C
100
AcDbEntity
8
0
100
AcDbLine
10
569.905
20
111.782
30
0
11
569.827
21
111.702
31
0
0
LINE
5
C13
330
C
100
AcDbEntity
8
0
100
AcDbLine
10
569.827
20
111.702
30
0
11
569.746
21
111.626
31
0
0
LINE
5
C14
330
C
100
AcDbEntity
8
0
100
AcDbLine
10
569.746
20
111.626
30
0
11
569.66
21
111.555
31
0
0
LINE
5
C15
330
C
100
AcDbEntity
8
0
100
AcDbLine
10
569.66
20
111.555
30
0
11
569.57
21
111.487
31
0
0
LINE
5
C16
330
C
100
AcDbEntity
8
0
100
AcDbLine
10
569.57
20
111.487
30
0
11
569.475
21
111.424
31
0
0
LINE
5
C17
330
C
100
AcDbEntity
8
0
100
AcDbLine
10
569.475
20
111.424
30
0
11
569.377
21
111.365
31
0
0
LINE
5
C18
330
C
100
AcDbEntity
8
0
100
AcDbLine
10
569.377
20
111.365
30
0
11
569.274
21
111.31
31
0
0
LINE
5
C19
330
C
100
AcDbEntity
8
0
100
AcDbLine
10
569.274
20
111.31
30
0
11
569.168
21
111.26
31
0
0
LINE
5
C1A
330
C
100
AcDbEntity
8
0
100
AcDbLine
10
569.168
20
111.26
30
0
11
569.059
21
111.215
31
0
0
LINE
5
C1B
330
C
100
AcDbEntity
8
0
100
AcDbLine
10
569.059
20
111.215
30
0
11
568.948
21
111.175
31
0
0
LINE
5
C1C
330
C
100
AcDbEntity
8
0
100
AcDbLine
10
568.948
20
111.175
30
0
11
568.835
21
111.141
31
0
0
LINE
5
C1D
330
C
100
AcDbEntity
8
0
100
AcDbLine
10
568.835
20
111.141
30
0
11
568.72
21
111.112
31
0
0
LINE
5
C1E
330
C
100
AcDbEntity
8
0
100
AcDbLine
10
568.72
20
111.112
30
0
11
568.602
21
111.088
31
0
0
LINE
5
C1F
330
C
100
AcDbEntity
8
0
100
AcDbLine
10
568.602
20
111.088
30
0
11
568.482
21
111.07
31
0
0
LINE
5
C20
330
C
100
AcDbEntity
8
0
100
AcDbLine
10
568.482
20
111.07
30
0
11
568.359
21
111.057
31
0
0
LINE
5
C21
330
C
100
AcDbEntity
8
0
100
AcDbLine
10
568.359
20
111.057
30
0
11
568.234
21
111.049
31
0
0
LINE
5
C22
330
C
100
AcDbEntity
8
0
100
AcDbLine
10
568.234
20
111.049
30
0
11
568.107
21
111.046
31
0
0
LINE
5
C23
330
C
100
AcDbEntity
8
0
100
AcDbLine
10
568.107
20
111.046
30
0
11
568.107
21
111.046
31
0
0
LINE
5
C24
330
C
100
AcDbEntity
8
0
100
AcDbLine
10
568.107
20
111.718
30
0
11
568.107
21
111.718
31
0
0
LINE
5
C25
330
C
100
AcDbEntity
8
0
100
AcDbLine
10
568.107
20
111.718
30
0
11
568.236
21
111.722
31
0
0
LINE
5
C26
330
C
100
AcDbEntity
8
0
100
AcDbLine
10
568.236
20
111.722
30
0
11
568.359
21
111.734
31
0
0
LINE
5
C27
330
C
100
AcDbEntity
8
0
100
AcDbLine
10
568.359
20
111.734
30
0
11
568.477
21
111.755
31
0
0
LINE
5
C28
330
C
100
AcDbEntity
8
0
100
AcDbLine
10
568.477
20
111.755
30
0
11
568.588
21
111.783
31
0
0
LINE
5
C29
330
C
100
AcDbEntity
8
0
100
AcDbLine
10
568.588
20
111.783
30
0
11
568.693
21
111.82
31
0
0
LINE
5
C2A
330
C
100
AcDbEntity
8
0
100
AcDbLine
10
568.693
20
111.82
30
0
11
568.793
21
111.865
31
0
0
LINE
5
C2B
330
C
100
AcDbEntity
8
0
100
AcDbLine
10
568.793
20
111.865
30
0
11
568.887
21
111.918
31
0
0
LINE
5
C2C
330
C
100
AcDbEntity
8
0
100
AcDbLine
10
568.887
20
111.918
30
0
11
568.975
21
111.979
31
0
0
LINE
5
C2D
330
C
100
AcDbEntity
8
0
100
AcDbLine
10
568.975
20
111.979
30
0
11
569.057
21
112.048
31
0
0
LINE
5
C2E
330
C
100
AcDbEntity
8
0
100
AcDbLine
10
569.057
20
112.048
30
0
11
569.133
21
112.126
31
0
0
LINE
5
C2F
330
C
100
AcDbEntity
8
0
100
AcDbLine
10
569.133
20
112.126
30
0
11
569.203
21
112.21
31
0
0
LINE
5
C30
330
C
100
AcDbEntity
8
0
100
AcDbLine
10
569.203
20
112.21
30
0
11
569.265
21
112.297
31
0
0
LINE
5
C31
330
C
100
AcDbEntity
8
0
100
AcDbLine
10
569.265
20
112.297
30
0
11
569.32
21
112.389
31
0
0
LINE
5
C32
330
C
100
AcDbEntity
8
0
100
AcDbLine
10
569.32
20
112.389
30
0
11
569.367
21
112.485
31
0
0
LINE
5
C33
330
C
100
AcDbEntity
8
0
100
AcDbLine
10
569.367
20
112.485
30
0
11
569.408
21
112.585
31
0
0
LINE
5
C34
330
C
100
AcDbEntity
8
0
100
AcDbLine
10
569.408
20
112.585
30
0
11
569.44
21
112.689
31
0
0
LINE
5
C35
330
C
100
AcDbEntity
8
0
100
AcDbLine
10
569.44
20
112.689
30
0
11
569.466
21
112.797
31
0
0
LINE
5
C36
330
C
100
AcDbEntity
8
0
100
AcDbLine
10
569.466
20
112.797
30
0
11
569.484
21
112.909
31
0
0
LINE
5
C37
330
C
100
AcDbEntity
8
0
100
AcDbLine
10
569.484
20
112.909
30
0
11
569.495
21
113.026
31
0
0
LINE
5
C38
330
C
100
AcDbEntity
8
0
100
AcDbLine
10
569.495
20
113.026
30
0
11
569.499
21
113.146
31
0
0
LINE
5
C39
330
C
100
AcDbEntity
8
0
100
AcDbLine
10
569.499
20
113.146
30
0
11
569.499
21
113.146
31
0
0
LINE
5
C3A
330
C
100
AcDbEntity
8
0
100
AcDbLine
10
569.499
20
113.146
30
0
11
569.495
21
113.27
31
0
0
LINE
5
C3B
330
C
100
AcDbEntity
8
0
100
AcDbLine
10
569.495
20
113.27
30
0
11
569.484
21
113.389
31
0
0
LINE
5
C3C
330
C
100
AcDbEntity
8
0
100
AcDbLine
10
569.484
20
113.389
30
0
11
569.466
21
113.503
31
0
0
LINE
5
C3D
330
C
100
AcDbEntity
8
0
100
AcDbLine
10
569.466
20
113.503
30
0
11
569.44
21
113.612
31
0
0
LINE
5
C3E
330
C
100
AcDbEntity
8
0
100
AcDbLine
10
569.44
20
113.612
30
0
11
569.408
21
113.717
31
0
0
LINE
5
C3F
330
C
100
AcDbEntity
8
0
100
AcDbLine
10
569.408
20
113.717
30
0
11
569.367
21
113.817
31
0
0
LINE
5
C40
330
C
100
AcDbEntity
8
0
100
AcDbLine
10
569.367
20
113.817
30
0
11
569.32
21
113.912
31
0
0
LINE
5
C41
330
C
100
AcDbEntity
8
0
100
AcDbLine
10
569.32
20
113.912
30
0
11
569.265
21
114.002
31
0
0
LINE
5
C42
330
C
100
AcDbEntity
8
0
100
AcDbLine
10
569.265
20
114.002
30
0
11
569.203
21
114.088
31
0
0
LINE
5
C43
330
C
100
AcDbEntity
8
0
100
AcDbLine
10
569.203
20
114.088
30
0
11
569.133
21
114.169
31
0
0
LINE
5
C44
330
C
100
AcDbEntity
8
0
100
AcDbLine
10
569.133
20
114.169
30
0
11
569.057
21
114.244
31
0
0
LINE
5
C45
330
C
100
AcDbEntity
8
0
100
AcDbLine
10
569.057
20
114.244
30
0
11
568.975
21
114.31
31
0
0
LINE
5
C46
330
C
100
AcDbEntity
8
0
100
AcDbLine
10
568.975
20
114.31
30
0
11
568.887
21
114.369
31
0
0
LINE
5
C47
330
C
100
AcDbEntity
8
0
100
AcDbLine
10
568.887
20
114.369
30
0
11
568.793
21
114.421
31
0
0
LINE
5
C48
330
C
100
AcDbEntity
8
0
100
AcDbLine
10
568.793
20
114.421
30
0
11
568.693
21
114.464
31
0
0
LINE
5
C49
330
C
100
AcDbEntity
8
0
100
AcDbLine
10
568.693
20
114.464
30
0
11
568.588
21
114.499
31
0
0
LINE
5
C4A
330
C
100
AcDbEntity
8
0
100
AcDbLine
10
568.588
20
114.499
30
0
11
568.477
21
114.527
31
0
0
LINE
5
C4B
330
C
100
AcDbEntity
8
0
100
AcDbLine
10
568.477
20
114.527
30
0
11
568.359
21
114.546
31
0
0
LINE
5
C4C
330
C
100
AcDbEntity
8
0
100
AcDbLine
10
568.359
20
114.546
30
0
11
568.236
21
114.558
31
0
0
LINE
5
C4D
330
C
100
AcDbEntity
8
0
100
AcDbLine
10
568.236
20
114.558
30
0
11
568.107
21
114.562
31
0
0
LINE
5
C4E
330
C
100
AcDbEntity
8
0
100
AcDbLine
10
568.107
20
114.562
30
0
11
568.107
21
114.562
31
0
0
LINE
5
C4F
330
C
100
AcDbEntity
8
0
100
AcDbLine
10
568.107
20
114.562
30
0
11
567.979
21
114.558
31
0
0
LINE
5
C50
330
C
100
AcDbEntity
8
0
100
AcDbLine
10
567.979
20
114.558
30
0
11
567.857
21
114.546
31
0
0
LINE
5
C51
330
C
100
AcDbEntity
8
0
100
AcDbLine
10
567.857
20
114.546
30
0
11
567.74
21
114.527
31
0
0
LINE
5
C52
330
C
100
AcDbEntity
8
0
100
AcDbLine
10
567.74
20
114.527
30
0
11
567.628
21
114.499
31
0
0
LINE
5
C53
330
C
100
AcDbEntity
8
0
100
AcDbLine
10
567.628
20
114.499
30
0
11
567.523
21
114.464
31
0
0
LINE
5
C54
330
C
100
AcDbEntity
8
0
100
AcDbLine
10
567.523
20
114.464
30
0
11
567.423
21
114.421
31
0
0
LINE
5
C55
330
C
100
AcDbEntity
8
0
100
AcDbLine
10
567.423
20
114.421
30
0
11
567.328
21
114.369
31
0
0
LINE
5
C56
330
C
100
AcDbEntity
8
0
100
AcDbLine
10
567.328
20
114.369
30
0
11
567.239
21
114.31
31
0
0
LINE
5
C57
330
C
100
AcDbEntity
8
0
100
AcDbLine
10
567.239
20
114.31
30
0
11
567.156
21
114.244
31
0
0
LINE
5
C58
330
C
100
AcDbEntity
8
0
100
AcDbLine
10
567.156
20
114.244
30
0
11
567.078
21
114.169
31
0
0
LINE
5
C59
330
C
100
AcDbEntity
8
0
100
AcDbLine
10
567.078
20
114.169
30
0
11
567.007
21
114.088
31
0
0
LINE
5
C5A
330
C
100
AcDbEntity
8
0
100
AcDbLine
10
567.007
20
114.088
30
0
11
566.943
21
114.002
31
0
0
LINE
5
C5B
330
C
100
AcDbEntity
8
0
100
AcDbLine
10
566.943
20
114.002
30
0
11
566.887
21
113.912
31
0
0
LINE
5
C5C
330
C
100
AcDbEntity
8
0
100
AcDbLine
10
566.887
20
113.912
30
0
11
566.838
21
113.817
31
0
0
LINE
5
C5D
330
C
100
AcDbEntity
8
0
100
AcDbLine
10
566.838
20
113.817
30
0
11
566.797
21
113.717
31
0
0
LINE
5
C5E
330
C
100
AcDbEntity
8
0
100
AcDbLine
10
566.797
20
113.717
30
0
11
566.763
21
113.612
31
0
0
LINE
5
C5F
330
C
100
AcDbEntity
8
0
100
AcDbLine
10
566.763
20
113.612
30
0
11
566.737
21
113.503
31
0
0
LINE
5
C60
330
C
100
AcDbEntity
8
0
100
AcDbLine
10
566.737
20
113.503
30
0
11
566.718
21
113.389
31
0
0
LINE
5
C61
330
C
100
AcDbEntity
8
0
100
AcDbLine
10
566.718
20
113.389
30
0
11
566.707
21
113.27
31
0
0
LINE
5
C62
330
C
100
AcDbEntity
8
0
100
AcDbLine
10
566.707
20
113.27
30
0
11
566.703
21
113.146
31
0
0
LINE
5
C63
330
C
100
AcDbEntity
8
0
100
AcDbLine
10
566.703
20
113.146
30
0
11
566.703
21
113.146
31
0
0
LINE
5
C64
330
C
100
AcDbEntity
8
0
100
AcDbLine
10
566.703
20
113.146
30
0
11
566.707
21
113.026
31
0
0
LINE
5
C65
330
C
100
AcDbEntity
8
0
100
AcDbLine
10
566.707
20
113.026
30
0
11
566.718
21
112.909
31
0
0
LINE
5
C66
330
C
100
AcDbEntity
8
0
100
AcDbLine
10
566.718
20
112.909
30
0
11
566.737
21
112.797
31
0
0
LINE
5
C67
330
C
100
AcDbEntity
8
0
100
AcDbLine
10
566.737
20
112.797
30
0
11
566.763
21
112.689
31
0
0
LINE
5
C68
330
C
100
AcDbEntity
8
0
100
AcDbLine
10
566.763
20
112.689
30
0
11
566.797
21
112.585
31
0
0
LINE
5
C69
330
C
100
AcDbEntity
8
0
100
AcDbLine
10
566.797
20
112.585
30
0
11
566.838
21
112.485
31
0
0
LINE
5
C6A
330
C
100
AcDbEntity
8
0
100
AcDbLine
10
566.838
20
112.485
30
0
11
566.887
21
112.389
31
0
0
LINE
5
C6B
330
C
100
AcDbEntity
8
0
100
AcDbLine
10
566.887
20
112.389
30
0
11
566.943
21
112.297
31
0
0
LINE
5
C6C
330
C
100
AcDbEntity
8
0
100
AcDbLine
10
566.943
20
112.297
30
0
11
567.007
21
112.21
31
0
0
LINE
5
C6D
330
C
100
AcDbEntity
8
0
100
AcDbLine
10
567.007
20
112.21
30
0
11
567.078
21
112.126
31
0
0
LINE
5
C6E
330
C
100
AcDbEntity
8
0
100
AcDbLine
10
567.078
20
112.126
30
0
11
567.156
21
112.048
31
0
0
LINE
5
C6F
330
C
100
AcDbEntity
8
0
100
AcDbLine
10
567.156
20
112.048
30
0
11
567.239
21
111.979
31
0
0
LINE
5
C70
330
C
100
AcDbEntity
8
0
100
AcDbLine
10
567.239
20
111.979
30
0
11
567.328
21
111.918
31
0
0
LINE
5
C71
330
C
100
AcDbEntity
8
0
100
AcDbLine
10
567.328
20
111.918
30
0
11
567.423
21
111.865
31
0
0
LINE
5
C72
330
C
100
AcDbEntity
8
0
100
AcDbLine
10
567.423
20
111.865
30
0
11
567.523
21
111.82
31
0
0
LINE
5
C73
330
C
100
AcDbEntity
8
0
100
AcDbLine
10
567.523
20
111.82
30
0
11
567.628
21
111.783
31
0
0
LINE
5
C74
330
C
100
AcDbEntity
8
0
100
AcDbLine
10
567.628
20
111.783
30
0
11
567.74
21
111.755
31
0
0
LINE
5
C75
330
C
100
AcDbEntity
8
0
100
AcDbLine
10
567.74
20
111.755
30
0
11
567.857
21
111.734
31
0
0
LINE
5
C76
330
C
100
AcDbEntity
8
0
100
AcDbLine
10
567.857
20
111.734
30
0
11
567.979
21
111.722
31
0
0
LINE
5
C77
330
C
100
AcDbEntity
8
0
100
AcDbLine
10
567.979
20
111.722
30
0
11
568.107
21
111.718
31
0
0
LINE
5
C78
330
C
100
AcDbEntity
8
0
100
AcDbLine
10
568.107
20
111.718
30
0
11
568.107
21
111.718
31
0
0
LINE
5
C79
330
C
100
AcDbEntity
8
0
100
AcDbLine
10
569.991
20
114.334
30
0
11
569.991
21
114.334
31
0
0
LINE
5
C7A
330
C
100
AcDbEntity
8
0
100
AcDbLine
10
569.991
20
114.334
30
0
11
569.547
21
114.514
31
0
0
LINE
5
C7B
330
C
100
AcDbEntity
8
0
100
AcDbLine
10
569.547
20
114.514
30
0
11
569.549
21
114.614
31
0
0
LINE
5
C7C
330
C
100
AcDbEntity
8
0
100
AcDbLine
10
569.549
20
114.614
30
0
11
569.555
21
114.711
31
0
0
LINE
5
C7D
330
C
100
AcDbEntity
8
0
100
AcDbLine
10
569.555
20
114.711
30
0
11
569.565
21
114.805
31
0
0
LINE
5
C7E
330
C
100
AcDbEntity
8
0
100
AcDbLine
10
569.565
20
114.805
30
0
11
569.579
21
114.898
31
0
0
LINE
5
C7F
330
C
100
AcDbEntity
8
0
100
AcDbLine
10
569.579
20
114.898
30
0
11
569.596
21
114.987
31
0
0
LINE
5
C80
330
C
100
AcDbEntity
8
0
100
AcDbLine
10
569.596
20
114.987
30
0
11
569.618
21
115.075
31
0
0
LINE
5
C81
330
C
100
AcDbEntity
8
0
100
AcDbLine
10
569.618
20
115.075
30
0
11
569.644
21
115.159
31
0
0
LINE
5
C82
330
C
100
AcDbEntity
8
0
100
AcDbLine
10
569.644
20
115.159
30
0
11
569.674
21
115.242
31
0
0
LINE
5
C83
330
C
100
AcDbEntity
8
0
100
AcDbLine
10
569.674
20
115.242
30
0
11
569.707
21
115.322
31
0
0
LINE
5
C84
330
C
100
AcDbEntity
8
0
100
AcDbLine
10
569.707
20
115.322
30
0
11
569.745
21
115.399
31
0
0
LINE
5
C85
330
C
100
AcDbEntity
8
0
100
AcDbLine
10
569.745
20
115.399
30
0
11
569.786
21
115.474
31
0
0
LINE
5
C86
330
C
100
AcDbEntity
8
0
100
AcDbLine
10
569.786
20
115.474
30
0
11
569.831
21
115.545
31
0
0
LINE
5
C87
330
C
100
AcDbEntity
8
0
100
AcDbLine
10
569.831
20
115.545
30
0
11
569.879
21
115.612
31
0
0
LINE
5
C88
330
C
100
AcDbEntity
8
0
100
AcDbLine
10
569.879
20
115.612
30
0
11
569.93
21
115.677
31
0
0
LINE
5
C89
330
C
100
AcDbEntity
8
0
100
AcDbLine
10
569.93
20
115.677
30
0
11
569.985
21
115.738
31
0
0
LINE
5
C8A
330
C
100
AcDbEntity
8
0
100
AcDbLine
10
569.985
20
115.738
30
0
11
570.043
21
115.796
31
0
0
LINE
5
C8B
330
C
100
AcDbEntity
8
0
100
AcDbLine
10
570.043
20
115.796
30
0
11
570.105
21
115.85
31
0
0
LINE
5
C8C
330
C
100
AcDbEntity
8
0
100
AcDbLine
10
570.105
20
115.85
30
0
11
570.169
21
115.901
31
0
0
LINE
5
C8D
330
C
100
AcDbEntity
8
0
100
AcDbLine
10
570.169
20
115.901
30
0
11
570.237
21
115.949
31
0
0
LINE
5
C8E
330
C
100
AcDbEntity
8
0
100
AcDbLine
10
570.237
20
115.949
30
0
11
570.309
21
115.993
31
0
0
LINE
5
C8F
330
C
100
AcDbEntity
8
0
100
AcDbLine
10
570.309
20
115.993
30
0
11
570.384
21
116.033
31
0
0
LINE
5
C90
330
C
100
AcDbEntity
8
0
100
AcDbLine
10
570.384
20
116.033
30
0
11
570.461
21
116.07
31
0
0
LINE
5
C91
330
C
100
AcDbEntity
8
0
100
AcDbLine
10
570.461
20
116.07
30
0
11
570.541
21
116.102
31
0
0
LINE
5
C92
330
C
100
AcDbEntity
8
0
100
AcDbLine
10
570.541
20
116.102
30
0
11
570.624
21
116.129
31
0
0
LINE
5
C93
330
C
100
AcDbEntity
8
0
100
AcDbLine
10
570.624
20
116.129
30
0
11
570.71
21
116.153
31
0
0
LINE
5
C94
330
C
100
AcDbEntity
8
0
100
AcDbLine
10
570.71
20
116.153
30
0
11
570.798
21
116.172
31
0
0
LINE
5
C95
330
C
100
AcDbEntity
8
0
100
AcDbLine
10
570.798
20
116.172
30
0
11
570.889
21
116.187
31
0
0
LINE
5
C96
330
C
100
AcDbEntity
8
0
100
AcDbLine
10
570.889
20
116.187
30
0
11
570.983
21
116.197
31
0
0
LINE
5
C97
330
C
100
AcDbEntity
8
0
100
AcDbLine
10
570.983
20
116.197
30
0
11
571.08
21
116.204
31
0
0
LINE
5
C98
330
C
100
AcDbEntity
8
0
100
AcDbLine
10
571.08
20
116.204
30
0
11
571.179
21
116.206
31
0
0
LINE
5
C99
330
C
100
AcDbEntity
8
0
100
AcDbLine
10
571.179
20
116.206
30
0
11
571.179
21
116.206
31
0
0
LINE
5
C9A
330
C
100
AcDbEntity
8
0
100
AcDbLine
10
571.179
20
116.206
30
0
11
571.107
21
115.282
31
0
0
LINE
5
C9B
330
C
100
AcDbEntity
8
0
100
AcDbLine
10
571.107
20
115.282
30
0
11
571.002
21
115.28
31
0
0
LINE
5
C9C
330
C
100
AcDbEntity
8
0
100
AcDbLine
10
571.002
20
115.28
30
0
11
570.901
21
115.273
31
0
0
LINE
5
C9D
330
C
100
AcDbEntity
8
0
100
AcDbLine
10
570.901
20
115.273
30
0
11
570.806
21
115.261
31
0
0
LINE
5
C9E
330
C
100
AcDbEntity
8
0
100
AcDbLine
10
570.806
20
115.261
30
0
11
570.715
21
115.245
31
0
0
LINE
5
C9F
330
C
100
AcDbEntity
8
0
100
AcDbLine
10
570.715
20
115.245
30
0
11
570.63
21
115.224
31
0
0
LINE
5
CA0
330
C
100
AcDbEntity
8
0
100
AcDbLine
10
570.63
20
115.224
30
0
11
570.55
21
115.199
31
0
0
LINE
5
CA1
330
C
100
AcDbEntity
8
0
100
AcDbLine
10
570.55
20
115.199
30
0
11
570.474
21
115.169
31
0
0
LINE
5
CA2
330
C
100
AcDbEntity
8
0
100
AcDbLine
10
570.474
20
115.169
30
0
11
570.404
21
115.134
31
0
0
LINE
5
CA3
330
C
100
AcDbEntity
8
0
100
AcDbLine
10
570.404
20
115.134
30
0
11
570.339
21
115.095
31
0
0
LINE
5
CA4
330
C
100
AcDbEntity
8
0
100
AcDbLine
10
570.339
20
115.095
30
0
11
570.279
21
115.051
31
0
0
LINE
5
CA5
330
C
100
AcDbEntity
8
0
100
AcDbLine
10
570.279
20
115.051
30
0
11
570.224
21
115.002
31
0
0
LINE
5
CA6
330
C
100
AcDbEntity
8
0
100
AcDbLine
10
570.224
20
115.002
30
0
11
570.175
21
114.948
31
0
0
LINE
5
CA7
330
C
100
AcDbEntity
8
0
100
AcDbLine
10
570.175
20
114.948
30
0
11
570.132
21
114.889
31
0
0
LINE
5
CA8
330
C
100
AcDbEntity
8
0
100
AcDbLine
10
570.132
20
114.889
30
0
11
570.095
21
114.825
31
0
0
LINE
5
CA9
330
C
100
AcDbEntity
8
0
100
AcDbLine
10
570.095
20
114.825
30
0
11
570.063
21
114.756
31
0
0
LINE
5
CAA
330
C
100
AcDbEntity
8
0
100
AcDbLine
10
570.063
20
114.756
30
0
11
570.037
21
114.682
31
0
0
LINE
5
CAB
330
C
100
AcDbEntity
8
0
100
AcDbLine
10
570.037
20
114.682
30
0
11
570.017
21
114.603
31
0
0
LINE
5
CAC
330
C
100
AcDbEntity
8
0
100
AcDbLine
10
570.017
20
114.603
30
0
11
570.003
21
114.518
31
0
0
LINE
5
CAD
330
C
100
AcDbEntity
8
0
100
AcDbLine
10
570.003
20
114.518
30
0
11
569.994
21
114.429
31
0
0
LINE
5
CAE
330
C
100
AcDbEntity
8
0
100
AcDbLine
10
569.994
20
114.429
30
0
11
569.991
21
114.334
31
0
0
LINE
5
CAF
330
C
100
AcDbEntity
8
0
100
AcDbLine
10
569.991
20
114.334
30
0
11
569.991
21
114.334
31
0
0
LINE
5
CB0
330
C
100
AcDbEntity
8
0
100
AcDbLine
10
577.689
20
109.366
30
0
11
576.765
21
109.366
31
0
0
LINE
5
CB1
330
C
100
AcDbEntity
8
0
100
AcDbLine
10
576.765
20
109.366
30
0
11
576.765
21
112.738
31
0
0
LINE
5
CB2
330
C
100
AcDbEntity
8
0
100
AcDbLine
10
576.765
20
112.738
30
0
11
576.761
21
112.898
31
0
0
LINE
5
CB3
330
C
100
AcDbEntity
8
0
100
AcDbLine
10
576.761
20
112.898
30
0
11
576.749
21
113.051
31
0
0
LINE
5
CB4
330
C
100
AcDbEntity
8
0
100
AcDbLine
10
576.749
20
113.051
30
0
11
576.73
21
113.196
31
0
0
LINE
5
CB5
330
C
100
AcDbEntity
8
0
100
AcDbLine
10
576.73
20
113.196
30
0
11
576.702
21
113.333
31
0
0
LINE
5
CB6
330
C
100
AcDbEntity
8
0
100
AcDbLine
10
576.702
20
113.333
30
0
11
576.667
21
113.462
31
0
0
LINE
5
CB7
330
C
100
AcDbEntity
8
0
100
AcDbLine
10
576.667
20
113.462
30
0
11
576.624
21
113.583
31
0
0
LINE
5
CB8
330
C
100
AcDbEntity
8
0
100
AcDbLine
10
576.624
20
113.583
30
0
11
576.572
21
113.696
31
0
0
LINE
5
CB9
330
C
100
AcDbEntity
8
0
100
AcDbLine
10
576.572
20
113.696
30
0
11
576.513
21
113.802
31
0
0
LINE
5
CBA
330
C
100
AcDbEntity
8
0
100
AcDbLine
10
576.513
20
113.802
30
0
11
576.447
21
113.899
31
0
0
LINE
5
CBB
330
C
100
AcDbEntity
8
0
100
AcDbLine
10
576.447
20
113.899
30
0
11
576.372
21
113.989
31
0
0
LINE
5
CBC
330
C
100
AcDbEntity
8
0
100
AcDbLine
10
576.372
20
113.989
30
0
11
576.291
21
114.071
31
0
0
LINE
5
CBD
330
C
100
AcDbEntity
8
0
100
AcDbLine
10
576.291
20
114.071
30
0
11
576.203
21
114.143
31
0
0
LINE
5
CBE
330
C
100
AcDbEntity
8
0
100
AcDbLine
10
576.203
20
114.143
30
0
11
576.111
21
114.208
31
0
0
LINE
5
CBF
330
C
100
AcDbEntity
8
0
100
AcDbLine
10
576.111
20
114.208
30
0
11
576.012
21
114.264
31
0
0
LINE
5
CC0
330
C
100
AcDbEntity
8
0
100
AcDbLine
10
576.012
20
114.264
30
0
11
575.908
21
114.311
31
0
0
LINE
5
CC1
330
C
100
AcDbEntity
8
0
100
AcDbLine
10
575.908
20
114.311
30
0
11
575.798
21
114.349
31
0
0
LINE
5
CC2
330
C
100
AcDbEntity
8
0
100
AcDbLine
10
575.798
20
114.349
30
0
11
575.682
21
114.379
31
0
0
LINE
5
CC3
330
C
100
AcDbEntity
8
0
100
AcDbLine
10
575.682
20
114.379
30
0
11
575.561
21
114.401
31
0
0
LINE
5
CC4
330
C
100
AcDbEntity
8
0
100
AcDbLine
10
575.561
20
114.401
30
0
11
575.434
21
114.414
31
0
0
LINE
5
CC5
330
C
100
AcDbEntity
8
0
100
AcDbLine
10
575.434
20
114.414
30
0
11
575.301
21
114.418
31
0
0
LINE
5
CC6
330
C
100
AcDbEntity
8
0
100
AcDbLine
10
575.301
20
114.418
30
0
11
575.301
21
114.418
31
0
0
LINE
5
CC7
330
C
100
AcDbEntity
8
0
100
AcDbLine
10
575.301
20
114.418
30
0
11
575.199
21
114.415
31
0
0
LINE
5
CC8
330
C
100
AcDbEntity
8
0
100
AcDbLine
10
575.199
20
114.415
30
0
11
575.1
21
114.407
31
0
0
LINE
5
CC9
330
C
100
AcDbEntity
8
0
100
AcDbLine
10
575.1
20
114.407
30
0
11
575.004
21
114.393
31
0
0
LINE
5
CCA
330
C
100
AcDbEntity
8
0
100
AcDbLine
10
575.004
20
114.393
30
0
11
574.91
21
114.373
31
0
0
LINE
5
CCB
330
C
100
AcDbEntity
8
0
100
AcDbLine
10
574.91
20
114.373
30
0
11
574.819
21
114.347
31
0
0
LINE
5
CCC
330
C
100
AcDbEntity
8
0
100
AcDbLine
10
574.819
20
114.347
30
0
11
574.731
21
114.316
31
0
0
LINE
5
CCD
330
C
100
AcDbEntity
8
0
100
AcDbLine
10
574.731
20
114.316
30
0
11
574.646
21
114.28
31
0
0
LINE
5
CCE
330
C
100
AcDbEntity
8
0
100
AcDbLine
10
574.646
20
114.28
30
0
11
574.564
21
114.238
31
0
0
LINE
5
CCF
330
C
100
AcDbEntity
8
0
100
AcDbLine
10
574.564
20
114.238
30
0
11
574.484
21
114.19
31
0
0
LINE
5
CD0
330
C
100
AcDbEntity
8
0
100
AcDbLine
10
574.484
20
114.19
30
0
11
574.407
21
114.136
31
0
0
LINE
5
CD1
330
C
100
AcDbEntity
8
0
100
AcDbLine
10
574.407
20
114.136
30
0
11
574.333
21
114.077
31
0
0
LINE
5
CD2
330
C
100
AcDbEntity
8
0
100
AcDbLine
10
574.333
20
114.077
30
0
11
574.263
21
114.013
31
0
0
LINE
5
CD3
330
C
100
AcDbEntity
8
0
100
AcDbLine
10
574.263
20
114.013
30
0
11
574.196
21
113.945
31
0
0
LINE
5
CD4
330
C
100
AcDbEntity
8
0
100
AcDbLine
10
574.196
20
113.945
30
0
11
574.132
21
113.872
31
0
0
LINE
5
CD5
330
C
100
AcDbEntity
8
0
100
AcDbLine
10
574.132
20
113.872
30
0
11
574.072
21
113.793
31
0
0
LINE
5
CD6
330
C
100
AcDbEntity
8
0
100
AcDbLine
10
574.072
20
113.793
30
0
11
574.016
21
113.71
31
0
0
LINE
5
CD7
330
C
100
AcDbEntity
8
0
100
AcDbLine
10
574.016
20
113.71
30
0
11
573.963
21
113.622
31
0
0
LINE
5
CD8
330
C
100
AcDbEntity
8
0
100
AcDbLine
10
573.963
20
113.622
30
0
11
573.914
21
113.529
31
0
0
LINE
5
CD9
330
C
100
AcDbEntity
8
0
100
AcDbLine
10
573.914
20
113.529
30
0
11
573.868
21
113.432
31
0
0
LINE
5
CDA
330
C
100
AcDbEntity
8
0
100
AcDbLine
10
573.868
20
113.432
30
0
11
573.825
21
113.329
31
0
0
LINE
5
CDB
330
C
100
AcDbEntity
8
0
100
AcDbLine
10
573.825
20
113.329
30
0
11
573.786
21
113.222
31
0
0
LINE
5
CDC
330
C
100
AcDbEntity
8
0
100
AcDbLine
10
573.786
20
113.222
30
0
11
573.752
21
113.111
31
0
0
LINE
5
CDD
330
C
100
AcDbEntity
8
0
100
AcDbLine
10
573.752
20
113.111
30
0
11
573.721
21
112.996
31
0
0
LINE
5
CDE
330
C
100
AcDbEntity
8
0
100
AcDbLine
10
573.721
20
112.996
30
0
11
573.694
21
112.877
31
0
0
LINE
5
CDF
330
C
100
AcDbEntity
8
0
100
AcDbLine
10
573.694
20
112.877
30
0
11
573.672
21
112.754
31
0
0
LINE
5
CE0
330
C
100
AcDbEntity
8
0
100
AcDbLine
10
573.672
20
112.754
30
0
11
573.654
21
112.627
31
0
0
LINE
5
CE1
330
C
100
AcDbEntity
8
0
100
AcDbLine
10
573.654
20
112.627
30
0
11
573.639
21
112.496
31
0
0
LINE
5
CE2
330
C
100
AcDbEntity
8
0
100
AcDbLine
10
573.639
20
112.496
30
0
11
573.629
21
112.36
31
0
0
LINE
5
CE3
330
C
100
AcDbEntity
8
0
100
AcDbLine
10
573.629
20
112.36
30
0
11
573.623
21
112.221
31
0
0
LINE
5
CE4
330
C
100
AcDbEntity
8
0
100
AcDbLine
10
573.623
20
112.221
30
0
11
573.621
21
112.078
31
0
0
LINE
5
CE5
330
C
100
AcDbEntity
8
0
100
AcDbLine
10
573.621
20
112.078
30
0
11
573.621
21
112.078
31
0
0
LINE
5
CE6
330
C
100
AcDbEntity
8
0
100
AcDbLine
10
573.621
20
112.078
30
0
11
573.261
21
112.078
31
0
0
LINE
5
CE7
330
C
100
AcDbEntity
8
0
100
AcDbLine
10
573.261
20
112.078
30
0
11
573.264
21
112.275
31
0
0
LINE
5
CE8
330
C
100
AcDbEntity
8
0
100
AcDbLine
10
573.264
20
112.275
30
0
11
573.272
21
112.467
31
0
0
LINE
5
CE9
330
C
100
AcDbEntity
8
0
100
AcDbLine
10
573.272
20
112.467
30
0
11
573.285
21
112.653
31
0
0
LINE
5
CEA
330
C
100
AcDbEntity
8
0
100
AcDbLine
10
573.285
20
112.653
30
0
11
573.303
21
112.833
31
0
0
LINE
5
CEB
330
C
100
AcDbEntity
8
0
100
AcDbLine
10
573.303
20
112.833
30
0
11
573.327
21
113.007
31
0
0
LINE
5
CEC
330
C
100
AcDbEntity
8
0
100
AcDbLine
10
573.327
20
113.007
30
0
11
573.356
21
113.175
31
0
0
LINE
5
CED
330
C
100
AcDbEntity
8
0
100
AcDbLine
10
573.356
20
113.175
30
0
11
573.39
21
113.337
31
0
0
LINE
5
CEE
330
C
100
AcDbEntity
8
0
100
AcDbLine
10
573.39
20
113.337
30
0
11
573.43
21
113.493
31
0
0
LINE
5
CEF
330
C
100
AcDbEntity
8
0
100
AcDbLine
10
573.43
20
113.493
30
0
11
573.475
21
113.643
31
0
0
LINE
5
CF0
330
C
100
AcDbEntity
8
0
100
AcDbLine
10
573.475
20
113.643
30
0
11
573.525
21
113.788
31
0
0
LINE
5
CF1
330
C
100
AcDbEntity
8
0
100
AcDbLine
10
573.525
20
113.788
30
0
11
573.58
21
113.926
31
0
0
LINE
5
CF2
330
C
100
AcDbEntity
8
0
100
AcDbLine
10
573.58
20
113.926
30
0
11
573.64
21
114.058
31
0
0
LINE
5
CF3
330
C
100
AcDbEntity
8
0
100
AcDbLine
10
573.64
20
114.058
30
0
11
573.705
21
114.183
31
0
0
LINE
5
CF4
330
C
100
AcDbEntity
8
0
100
AcDbLine
10
573.705
20
114.183
30
0
11
573.775
21
114.301
31
0
0
LINE
5
CF5
330
C
100
AcDbEntity
8
0
100
AcDbLine
10
573.775
20
114.301
30
0
11
573.85
21
114.413
31
0
0
LINE
5
CF6
330
C
100
AcDbEntity
8
0
100
AcDbLine
10
573.85
20
114.413
30
0
11
573.929
21
114.518
31
0
0
LINE
5
CF7
330
C
100
AcDbEntity
8
0
100
AcDbLine
10
573.929
20
114.518
30
0
11
574.014
21
114.616
31
0
0
LINE
5
CF8
330
C
100
AcDbEntity
8
0
100
AcDbLine
10
574.014
20
114.616
30
0
11
574.103
21
114.708
31
0
0
LINE
5
CF9
330
C
100
AcDbEntity
8
0
100
AcDbLine
10
574.103
20
114.708
30
0
11
574.197
21
114.793
31
0
0
LINE
5
CFA
330
C
100
AcDbEntity
8
0
100
AcDbLine
10
574.197
20
114.793
30
0
11
574.296
21
114.871
31
0
0
LINE
5
CFB
330
C
100
AcDbEntity
8
0
100
AcDbLine
10
574.296
20
114.871
30
0
11
574.4
21
114.942
31
0
0
LINE
5
CFC
330
C
100
AcDbEntity
8
0
100
AcDbLine
10
574.4
20
114.942
30
0
11
574.508
21
115.006
31
0
0
LINE
5
CFD
330
C
100
AcDbEntity
8
0
100
AcDbLine
10
574.508
20
115.006
30
0
11
574.62
21
115.062
31
0
0
LINE
5
CFE
330
C
100
AcDbEntity
8
0
100
AcDbLine
10
574.62
20
115.062
30
0
11
574.737
21
115.111
31
0
0
LINE
5
CFF
330
C
100
AcDbEntity
8
0
100
AcDbLine
10
574.737
20
115.111
30
0
11
574.858
21
115.152
31
0
0
LINE
5
D00
330
C
100
AcDbEntity
8
0
100
AcDbLine
10
574.858
20
115.152
30
0
11
574.983
21
115.186
31
0
0
LINE
5
D01
330
C
100
AcDbEntity
8
0
100
AcDbLine
10
574.983
20
115.186
30
0
11
575.113
21
115.212
31
0
0
LINE
5
D02
330
C
100
AcDbEntity
8
0
100
AcDbLine
10
575.113
20
115.212
30
0
11
575.247
21
115.231
31
0
0
LINE
5
D03
330
C
100
AcDbEntity
8
0
100
AcDbLine
10
575.247
20
115.231
30
0
11
575.386
21
115.242
31
0
0
LINE
5
D04
330
C
100
AcDbEntity
8
0
100
AcDbLine
10
575.386
20
115.242
30
0
11
575.529
21
115.246
31
0
0
LINE
5
D05
330
C
100
AcDbEntity
8
0
100
AcDbLine
10
575.529
20
115.246
30
0
11
575.529
21
115.246
31
0
0
LINE
5
D06
330
C
100
AcDbEntity
8
0
100
AcDbLine
10
575.529
20
115.246
30
0
11
575.663
21
115.243
31
0
0
LINE
5
D07
330
C
100
AcDbEntity
8
0
100
AcDbLine
10
575.663
20
115.243
30
0
11
575.792
21
115.234
31
0
0
LINE
5
D08
330
C
100
AcDbEntity
8
0
100
AcDbLine
10
575.792
20
115.234
30
0
11
575.918
21
115.219
31
0
0
LINE
5
D09
330
C
100
AcDbEntity
8
0
100
AcDbLine
10
575.918
20
115.219
30
0
11
576.04
21
115.198
31
0
0
LINE
5
D0A
330
C
100
AcDbEntity
8
0
100
AcDbLine
10
576.04
20
115.198
30
0
11
576.158
21
115.17
31
0
0
LINE
5
D0B
330
C
100
AcDbEntity
8
0
100
AcDbLine
10
576.158
20
115.17
30
0
11
576.272
21
115.137
31
0
0
LINE
5
D0C
330
C
100
AcDbEntity
8
0
100
AcDbLine
10
576.272
20
115.137
30
0
11
576.383
21
115.098
31
0
0
LINE
5
D0D
330
C
100
AcDbEntity
8
0
100
AcDbLine
10
576.383
20
115.098
30
0
11
576.489
21
115.052
31
0
0
LINE
5
D0E
330
C
100
AcDbEntity
8
0
100
AcDbLine
10
576.489
20
115.052
30
0
11
576.591
21
115.001
31
0
0
LINE
5
D0F
330
C
100
AcDbEntity
8
0
100
AcDbLine
10
576.591
20
115.001
30
0
11
576.69
21
114.943
31
0
0
LINE
5
D10
330
C
100
AcDbEntity
8
0
100
AcDbLine
10
576.69
20
114.943
30
0
11
576.784
21
114.88
31
0
0
LINE
5
D11
330
C
100
AcDbEntity
8
0
100
AcDbLine
10
576.784
20
114.88
30
0
11
576.874
21
114.811
31
0
0
LINE
5
D12
330
C
100
AcDbEntity
8
0
100
AcDbLine
10
576.874
20
114.811
30
0
11
576.96
21
114.738
31
0
0
LINE
5
D13
330
C
100
AcDbEntity
8
0
100
AcDbLine
10
576.96
20
114.738
30
0
11
577.04
21
114.659
31
0
0
LINE
5
D14
330
C
100
AcDbEntity
8
0
100
AcDbLine
10
577.04
20
114.659
30
0
11
577.117
21
114.575
31
0
0
LINE
5
D15
330
C
100
AcDbEntity
8
0
100
AcDbLine
10
577.117
20
114.575
30
0
11
577.189
21
114.485
31
0
0
LINE
5
D16
330
C
100
AcDbEntity
8
0
100
AcDbLine
10
577.189
20
114.485
30
0
11
577.256
21
114.391
31
0
0
LINE
5
D17
330
C
100
AcDbEntity
8
0
100
AcDbLine
10
577.256
20
114.391
30
0
11
577.319
21
114.291
31
0
0
LINE
5
D18
330
C
100
AcDbEntity
8
0
100
AcDbLine
10
577.319
20
114.291
30
0
11
577.377
21
114.186
31
0
0
LINE
5
D19
330
C
100
AcDbEntity
8
0
100
AcDbLine
10
577.377
20
114.186
30
0
11
577.431
21
114.076
31
0
0
LINE
5
D1A
330
C
100
AcDbEntity
8
0
100
AcDbLine
10
577.431
20
114.076
30
0
11
577.48
21
113.961
31
0
0
LINE
5
D1B
330
C
100
AcDbEntity
8
0
100
AcDbLine
10
577.48
20
113.961
30
0
11
577.524
21
113.842
31
0
0
LINE
5
D1C
330
C
100
AcDbEntity
8
0
100
AcDbLine
10
577.524
20
113.842
30
0
11
577.563
21
113.719
31
0
0
LINE
5
D1D
330
C
100
AcDbEntity
8
0
100
AcDbLine
10
577.563
20
113.719
30
0
11
577.596
21
113.591
31
0
0
LINE
5
D1E
330
C
100
AcDbEntity
8
0
100
AcDbLine
10
577.596
20
113.591
30
0
11
577.625
21
113.46
31
0
0
LINE
5
D1F
330
C
100
AcDbEntity
8
0
100
AcDbLine
10
577.625
20
113.46
30
0
11
577.648
21
113.324
31
0
0
LINE
5
D20
330
C
100
AcDbEntity
8
0
100
AcDbLine
10
577.648
20
113.324
30
0
11
577.666
21
113.183
31
0
0
LINE
5
D21
330
C
100
AcDbEntity
8
0
100
AcDbLine
10
577.666
20
113.183
30
0
11
577.679
21
113.039
31
0
0
LINE
5
D22
330
C
100
AcDbEntity
8
0
100
AcDbLine
10
577.679
20
113.039
30
0
11
577.686
21
112.891
31
0
0
LINE
5
D23
330
C
100
AcDbEntity
8
0
100
AcDbLine
10
577.686
20
112.891
30
0
11
577.689
21
112.738
31
0
0
LINE
5
D24
330
C
100
AcDbEntity
8
0
100
AcDbLine
10
577.689
20
112.738
30
0
11
577.689
21
112.738
31
0
0
LINE
5
D25
330
C
100
AcDbEntity
8
0
100
AcDbLine
10
577.689
20
112.738
30
0
11
577.689
21
109.366
31
0
0
LINE
5
D26
330
C
100
AcDbEntity
8
0
100
AcDbLine
10
577.689
20
109.366
30
0
11
577.689
21
109.366
31
0
0
LINE
5
D27
330
C
100
AcDbEntity
8
0
100
AcDbLine
10
573.621
20
109.366
30
0
11
572.685
21
109.366
31
0
0
LINE
5
D28
330
C
100
AcDbEntity
8
0
100
AcDbLine
10
572.685
20
109.366
30
0
11
572.685
21
117.55
31
0
0
LINE
5
D29
330
C
100
AcDbEntity
8
0
100
AcDbLine
10
572.685
20
117.55
30
0
11
573.621
21
117.55
31
0
0
LINE
5
D2A
330
C
100
AcDbEntity
8
0
100
AcDbLine
10
573.621
20
117.55
30
0
11
573.621
21
109.366
31
0
0
LINE
5
D2B
330
C
100
AcDbEntity
8
0
100
AcDbLine
10
573.621
20
109.366
30
0
11
573.621
21
109.366
31
0
0
LINE
5
D2C
330
C
100
AcDbEntity
8
0
100
AcDbLine
10
581.691
20
109.222
30
0
11
581.691
21
109.222
31
0
0
LINE
5
D2D
330
C
100
AcDbEntity
8
0
100
AcDbLine
10
581.691
20
109.222
30
0
11
581.598
21
109.224
31
0
0
LINE
5
D2E
330
C
100
AcDbEntity
8
0
100
AcDbLine
10
581.598
20
109.224
30
0
11
581.508
21
109.229
31
0
0
LINE
5
D2F
330
C
100
AcDbEntity
8
0
100
AcDbLine
10
581.508
20
109.229
30
0
11
581.419
21
109.238
31
0
0
LINE
5
D30
330
C
100
AcDbEntity
8
0
100
AcDbLine
10
581.419
20
109.238
30
0
11
581.332
21
109.251
31
0
0
LINE
5
D31
330
C
100
AcDbEntity
8
0
100
AcDbLine
10
581.332
20
109.251
30
0
11
581.247
21
109.267
31
0
0
LINE
5
D32
330
C
100
AcDbEntity
8
0
100
AcDbLine
10
581.247
20
109.267
30
0
11
581.164
21
109.287
31
0
0
LINE
5
D33
330
C
100
AcDbEntity
8
0
100
AcDbLine
10
581.164
20
109.287
30
0
11
581.083
21
109.31
31
0
0
LINE
5
D34
330
C
100
AcDbEntity
8
0
100
AcDbLine
10
581.083
20
109.31
30
0
11
581.004
21
109.337
31
0
0
LINE
5
D35
330
C
100
AcDbEntity
8
0
100
AcDbLine
10
581.004
20
109.337
30
0
11
580.926
21
109.368
31
0
0
LINE
5
D36
330
C
100
AcDbEntity
8
0
100
AcDbLine
10
580.926
20
109.368
30
0
11
580.851
21
109.402
31
0
0
LINE
5
D37
330
C
100
AcDbEntity
8
0
100
AcDbLine
10
580.851
20
109.402
30
0
11
580.778
21
109.44
31
0
0
LINE
5
D38
330
C
100
AcDbEntity
8
0
100
AcDbLine
10
580.778
20
109.44
30
0
11
580.708
21
109.481
31
0
0
LINE
5
D39
330
C
100
AcDbEntity
8
0
100
AcDbLine
10
580.708
20
109.481
30
0
11
580.642
21
109.526
31
0
0
LINE
5
D3A
330
C
100
AcDbEntity
8
0
100
AcDbLine
10
580.642
20
109.526
30
0
11
580.578
21
109.575
31
0
0
LINE
5
D3B
330
C
100
AcDbEntity
8
0
100
AcDbLine
10
580.578
20
109.575
30
0
11
580.518
21
109.627
31
0
0
LINE
5
D3C
330
C
100
AcDbEntity
8
0
100
AcDbLine
10
580.518
20
109.627
30
0
11
580.461
21
109.683
31
0
0
LINE
5
D3D
330
C
100
AcDbEntity
8
0
100
AcDbLine
10
580.461
20
109.683
30
0
11
580.407
21
109.742
31
0
0
LINE
5
D3E
330
C
100
AcDbEntity
8
0
100
AcDbLine
10
580.407
20
109.742
30
0
11
580.356
21
109.805
31
0
0
LINE
5
D3F
330
C
100
AcDbEntity
8
0
100
AcDbLine
10
580.356
20
109.805
30
0
11
580.308
21
109.872
31
0
0
LINE
5
D40
330
C
100
AcDbEntity
8
0
100
AcDbLine
10
580.308
20
109.872
30
0
11
580.263
21
109.942
31
0
0
LINE
5
D41
330
C
100
AcDbEntity
8
0
100
AcDbLine
10
580.263
20
109.942
30
0
11
580.222
21
110.016
31
0
0
LINE
5
D42
330
C
100
AcDbEntity
8
0
100
AcDbLine
10
580.222
20
110.016
30
0
11
580.185
21
110.093
31
0
0
LINE
5
D43
330
C
100
AcDbEntity
8
0
100
AcDbLine
10
580.185
20
110.093
30
0
11
580.153
21
110.174
31
0
0
LINE
5
D44
330
C
100
AcDbEntity
8
0
100
AcDbLine
10
580.153
20
110.174
30
0
11
580.125
21
110.259
31
0
0
LINE
5
D45
330
C
100
AcDbEntity
8
0
100
AcDbLine
10
580.125
20
110.259
30
0
11
580.101
21
110.347
31
0
0
LINE
5
D46
330
C
100
AcDbEntity
8
0
100
AcDbLine
10
580.101
20
110.347
30
0
11
580.082
21
110.439
31
0
0
LINE
5
D47
330
C
100
AcDbEntity
8
0
100
AcDbLine
10
580.082
20
110.439
30
0
11
580.066
21
110.534
31
0
0
LINE
5
D48
330
C
100
AcDbEntity
8
0
100
AcDbLine
10
580.066
20
110.534
30
0
11
580.056
21
110.633
31
0
0
LINE
5
D49
330
C
100
AcDbEntity
8
0
100
AcDbLine
10
580.056
20
110.633
30
0
11
580.049
21
110.736
31
0
0
LINE
5
D4A
330
C
100
AcDbEntity
8
0
100
AcDbLine
10
580.049
20
110.736
30
0
11
580.047
21
110.842
31
0
0
LINE
5
D4B
330
C
100
AcDbEntity
8
0
100
AcDbLine
10
580.047
20
110.842
30
0
11
580.047
21
110.842
31
0
0
LINE
5
D4C
330
C
100
AcDbEntity
8
0
100
AcDbLine
10
580.047
20
110.842
30
0
11
580.047
21
116.698
31
0
0
LINE
5
D4D
330
C
100
AcDbEntity
8
0
100
AcDbLine
10
580.047
20
116.698
30
0
11
580.971
21
116.698
31
0
0
LINE
5
D4E
330
C
100
AcDbEntity
8
0
100
AcDbLine
10
580.971
20
116.698
30
0
11
580.971
21
110.866
31
0
0
LINE
5
D4F
330
C
100
AcDbEntity
8
0
100
AcDbLine
10
580.971
20
110.866
30
0
11
580.979
21
110.697
31
0
0
LINE
5
D50
330
C
100
AcDbEntity
8
0
100
AcDbLine
10
580.979
20
110.697
30
0
11
581.004
21
110.546
31
0
0
LINE
5
D51
330
C
100
AcDbEntity
8
0
100
AcDbLine
10
581.004
20
110.546
30
0
11
581.046
21
110.413
31
0
0
LINE
5
D52
330
C
100
AcDbEntity
8
0
100
AcDbLine
10
581.046
20
110.413
30
0
11
581.103
21
110.298
31
0
0
LINE
5
D53
330
C
100
AcDbEntity
8
0
100
AcDbLine
10
581.103
20
110.298
30
0
11
581.178
21
110.2
31
0
0
LINE
5
D54
330
C
100
AcDbEntity
8
0
100
AcDbLine
10
581.178
20
110.2
30
0
11
581.269
21
110.12
31
0
0
LINE
5
D55
330
C
100
AcDbEntity
8
0
100
AcDbLine
10
581.269
20
110.12
30
0
11
581.377
21
110.058
31
0
0
LINE
5
D56
330
C
100
AcDbEntity
8
0
100
AcDbLine
10
581.377
20
110.058
30
0
11
581.501
21
110.014
31
0
0
LINE
5
D57
330
C
100
AcDbEntity
8
0
100
AcDbLine
10
581.501
20
110.014
30
0
11
581.642
21
109.987
31
0
0
LINE
5
D58
330
C
100
AcDbEntity
8
0
100
AcDbLine
10
581.642
20
109.987
30
0
11
581.799
21
109.978
31
0
0
LINE
5
D59
330
C
100
AcDbEntity
8
0
100
AcDbLine
10
581.799
20
109.978
30
0
11
581.799
21
109.978
31
0
0
LINE
5
D5A
330
C
100
AcDbEntity
8
0
100
AcDbLine
10
581.799
20
109.978
30
0
11
581.848
21
109.979
31
0
0
LINE
5
D5B
330
C
100
AcDbEntity
8
0
100
AcDbLine
10
581.848
20
109.979
30
0
11
581.897
21
109.98
31
0
0
LINE
5
D5C
330
C
100
AcDbEntity
8
0
100
AcDbLine
10
581.897
20
109.98
30
0
11
581.945
21
109.983
31
0
0
LINE
5
D5D
330
C
100
AcDbEntity
8
0
100
AcDbLine
10
581.945
20
109.983
30
0
11
581.993
21
109.987
31
0
0
LINE
5
D5E
330
C
100
AcDbEntity
8
0
100
AcDbLine
10
581.993
20
109.987
30
0
11
582.041
21
109.992
31
0
0
LINE
5
D5F
330
C
100
AcDbEntity
8
0
100
AcDbLine
10
582.041
20
109.992
30
0
11
582.089
21
109.997
31
0
0
LINE
5
D60
330
C
100
AcDbEntity
8
0
100
AcDbLine
10
582.089
20
109.997
30
0
11
582.136
21
110.004
31
0
0
LINE
5
D61
330
C
100
AcDbEntity
8
0
100
AcDbLine
10
582.136
20
110.004
30
0
11
582.183
21
110.013
31
0
0
LINE
5
D62
330
C
100
AcDbEntity
8
0
100
AcDbLine
10
582.183
20
110.013
30
0
11
582.23
21
110.022
31
0
0
LINE
5
D63
330
C
100
AcDbEntity
8
0
100
AcDbLine
10
582.23
20
110.022
30
0
11
582.276
21
110.032
31
0
0
LINE
5
D64
330
C
100
AcDbEntity
8
0
100
AcDbLine
10
582.276
20
110.032
30
0
11
582.323
21
110.043
31
0
0
LINE
5
D65
330
C
100
AcDbEntity
8
0
100
AcDbLine
10
582.323
20
110.043
30
0
11
582.371
21
110.056
31
0
0
LINE
5
D66
330
C
100
AcDbEntity
8
0
100
AcDbLine
10
582.371
20
110.056
30
0
11
582.42
21
110.069
31
0
0
LINE
5
D67
330
C
100
AcDbEntity
8
0
100
AcDbLine
10
582.42
20
110.069
30
0
11
582.47
21
110.084
31
0
0
LINE
5
D68
330
C
100
AcDbEntity
8
0
100
AcDbLine
10
582.47
20
110.084
30
0
11
582.521
21
110.1
31
0
0
LINE
5
D69
330
C
100
AcDbEntity
8
0
100
AcDbLine
10
582.521
20
110.1
30
0
11
582.574
21
110.116
31
0
0
LINE
5
D6A
330
C
100
AcDbEntity
8
0
100
AcDbLine
10
582.574
20
110.116
30
0
11
582.627
21
110.134
31
0
0
LINE
5
D6B
330
C
100
AcDbEntity
8
0
100
AcDbLine
10
582.627
20
110.134
30
0
11
582.682
21
110.153
31
0
0
LINE
5
D6C
330
C
100
AcDbEntity
8
0
100
AcDbLine
10
582.682
20
110.153
30
0
11
582.738
21
110.173
31
0
0
LINE
5
D6D
330
C
100
AcDbEntity
8
0
100
AcDbLine
10
582.738
20
110.173
30
0
11
582.795
21
110.194
31
0
0
LINE
5
D6E
330
C
100
AcDbEntity
8
0
100
AcDbLine
10
582.795
20
110.194
30
0
11
582.795
21
110.194
31
0
0
LINE
5
D6F
330
C
100
AcDbEntity
8
0
100
AcDbLine
10
582.795
20
110.194
30
0
11
582.927
21
109.522
31
0
0
LINE
5
D70
330
C
100
AcDbEntity
8
0
100
AcDbLine
10
582.927
20
109.522
30
0
11
582.866
21
109.496
31
0
0
LINE
5
D71
330
C
100
AcDbEntity
8
0
100
AcDbLine
10
582.866
20
109.496
30
0
11
582.805
21
109.471
31
0
0
LINE
5
D72
330
C
100
AcDbEntity
8
0
100
AcDbLine
10
582.805
20
109.471
30
0
11
582.744
21
109.447
31
0
0
LINE
5
D73
330
C
100
AcDbEntity
8
0
100
AcDbLine
10
582.744
20
109.447
30
0
11
582.683
21
109.424
31
0
0
LINE
5
D74
330
C
100
AcDbEntity
8
0
100
AcDbLine
10
582.683
20
109.424
30
0
11
582.622
21
109.402
31
0
0
LINE
5
D75
330
C
100
AcDbEntity
8
0
100
AcDbLine
10
582.622
20
109.402
30
0
11
582.561
21
109.381
31
0
0
LINE
5
D76
330
C
100
AcDbEntity
8
0
100
AcDbLine
10
582.561
20
109.381
30
0
11
582.5
21
109.361
31
0
0
LINE
5
D77
330
C
100
AcDbEntity
8
0
100
AcDbLine
10
582.5
20
109.361
30
0
11
582.439
21
109.342
31
0
0
LINE
5
D78
330
C
100
AcDbEntity
8
0
100
AcDbLine
10
582.439
20
109.342
30
0
11
582.379
21
109.323
31
0
0
LINE
5
D79
330
C
100
AcDbEntity
8
0
100
AcDbLine
10
582.379
20
109.323
30
0
11
582.318
21
109.306
31
0
0
LINE
5
D7A
330
C
100
AcDbEntity
8
0
100
AcDbLine
10
582.318
20
109.306
30
0
11
582.257
21
109.29
31
0
0
LINE
5
D7B
330
C
100
AcDbEntity
8
0
100
AcDbLine
10
582.257
20
109.29
30
0
11
582.196
21
109.276
31
0
0
LINE
5
D7C
330
C
100
AcDbEntity
8
0
100
AcDbLine
10
582.196
20
109.276
30
0
11
582.134
21
109.263
31
0
0
LINE
5
D7D
330
C
100
AcDbEntity
8
0
100
AcDbLine
10
582.134
20
109.263
30
0
11
582.072
21
109.252
31
0
0
LINE
5
D7E
330
C
100
AcDbEntity
8
0
100
AcDbLine
10
582.072
20
109.252
30
0
11
582.01
21
109.243
31
0
0
LINE
5
D7F
330
C
100
AcDbEntity
8
0
100
AcDbLine
10
582.01
20
109.243
30
0
11
581.947
21
109.235
31
0
0
LINE
5
D80
330
C
100
AcDbEntity
8
0
100
AcDbLine
10
581.947
20
109.235
30
0
11
581.884
21
109.23
31
0
0
LINE
5
D81
330
C
100
AcDbEntity
8
0
100
AcDbLine
10
581.884
20
109.23
30
0
11
581.82
21
109.225
31
0
0
LINE
5
D82
330
C
100
AcDbEntity
8
0
100
AcDbLine
10
581.82
20
109.225
30
0
11
581.756
21
109.223
31
0
0
LINE
5
D83
330
C
100
AcDbEntity
8
0
100
AcDbLine
10
581.756
20
109.223
30
0
11
581.691
21
109.222
31
0
0
LINE
5
D84
330
C
100
AcDbEntity
8
0
100
AcDbLine
10
581.691
20
109.222
30
0
11
581.691
21
109.222
31
0
0
LINE
5
D85
330
C
100
AcDbEntity
8
0
100
AcDbLine
10
582.783
20
114.454
30
0
11
579.123
21
114.454
31
0
0
LINE
5
D86
330
C
100
AcDbEntity
8
0
100
AcDbLine
10
579.123
20
114.454
30
0
11
579.123
21
115.102
31
0
0
LINE
5
D87
330
C
100
AcDbEntity
8
0
100
AcDbLine
10
579.123
20
115.102
30
0
11
582.783
21
115.102
31
0
0
LINE
5
D88
330
C
100
AcDbEntity
8
0
100
AcDbLine
10
582.783
20
115.102
30
0
11
582.783
21
114.454
31
0
0
LINE
5
D89
330
C
100
AcDbEntity
8
0
100
AcDbLine
10
582.783
20
114.454
30
0
11
582.783
21
114.454
31
0
0
LINE
5
D8A
330
C
100
AcDbEntity
8
0
100
AcDbLine
10
220
20
420
30
0
11
211
21
420
31
0
0
LINE
5
D8B
330
C
100
AcDbEntity
8
0
100
AcDbLine
10
211
20
420
30
0
11
211
21
417
31
0
0
LINE
5
D8C
330
C
100
AcDbEntity
8
0
100
AcDbLine
10
211
20
417
30
0
11
202
21
417
31
0
0
LINE
5
D8D
330
C
100
AcDbEntity
8
0
100
AcDbLine
10
202
20
417
30
0
11
202
21
420
31
0
0
LINE
5
D8E
330
C
100
AcDbEntity
8
0
100
AcDbLine
10
202
20
420
30
0
11
193
21
420
31
0
0
LINE
5
D8F
330
C
100
AcDbEntity
8
0
100
AcDbLine
10
193
20
420
30
0
11
193
21
417
31
0
0
LINE
5
D90
330
C
100
AcDbEntity
8
0
100
AcDbLine
10
193
20
417
30
0
11
184
21
417
31
0
0
LINE
5
D91
330
C
100
AcDbEntity
8
0
100
AcDbLine
10
184
20
417
30
0
11
184
21
420
31
0
0
LINE
5
D92
330
C
100
AcDbEntity
8
0
100
AcDbLine
10
184
20
420
30
0
11
175
21
420
31
0
0
LINE
5
D93
330
C
100
AcDbEntity
8
0
100
AcDbLine
10
175
20
420
30
0
11
175
21
417
31
0
0
LINE
5
D94
330
C
100
AcDbEntity
8
0
100
AcDbLine
10
175
20
417
30
0
11
166
21
417
31
0
0
LINE
5
D95
330
C
100
AcDbEntity
8
0
100
AcDbLine
10
166
20
417
30
0
11
166
21
420
31
0
0
LINE
5
D96
330
C
100
AcDbEntity
8
0
100
AcDbLine
10
166
20
420
30
0
11
157
21
420
31
0
0
LINE
5
D97
330
C
100
AcDbEntity
8
0
100
AcDbLine
10
157
20
420
30
0
11
157
21
417
31
0
0
LINE
5
D98
330
C
100
AcDbEntity
8
0
100
AcDbLine
10
157
20
417
30
0
11
148
21
417
31
0
0
LINE
5
D99
330
C
100
AcDbEntity
8
0
100
AcDbLine
10
148
20
417
30
0
11
148
21
420
31
0
0
LINE
5
D9A
330
C
100
AcDbEntity
8
0
100
AcDbLine
10
148
20
420
30
0
11
139
21
420
31
0
0
LINE
5
D9B
330
C
100
AcDbEntity
8
0
100
AcDbLine
10
139
20
420
30
0
11
139
21
417
31
0
0
LINE
5
D9C
330
C
100
AcDbEntity
8
0
100
AcDbLine
10
139
20
417
30
0
11
130
21
417
31
0
0
LINE
5
D9D
330
C
100
AcDbEntity
8
0
100
AcDbLine
10
130
20
417
30
0
11
130
21
420
31
0
0
LINE
5
D9E
330
C
100
AcDbEntity
8
0
100
AcDbLine
10
130
20
420
30
0
11
121
21
420
31
0
0
LINE
5
D9F
330
C
100
AcDbEntity
8
0
100
AcDbLine
10
121
20
420
30
0
11
121
21
417
31
0
0
LINE
5
DA0
330
C
100
AcDbEntity
8
0
100
AcDbLine
10
121
20
417
30
0
11
112
21
417
31
0
0
LINE
5
DA1
330
C
100
AcDbEntity
8
0
100
AcDbLine
10
112
20
417
30
0
11
112
21
420
31
0
0
LINE
5
DA2
330
C
100
AcDbEntity
8
0
100
AcDbLine
10
112
20
420
30
0
11
103
21
420
31
0
0
LINE
5
DA3
330
C
100
AcDbEntity
8
0
100
AcDbLine
10
103
20
420
30
0
11
103
21
417
31
0
0
LINE
5
DA4
330
C
100
AcDbEntity
8
0
100
AcDbLine
10
103
20
417
30
0
11
94
21
417
31
0
0
LINE
5
DA5
330
C
100
AcDbEntity
8
0
100
AcDbLine
10
94
20
417
30
0
11
94
21
420
31
0
0
LINE
5
DA6
330
C
100
AcDbEntity
8
0
100
AcDbLine
10
94
20
420
30
0
11
85
21
420
31
0
0
LINE
5
DA7
330
C
100
AcDbEntity
8
0
100
AcDbLine
10
85
20
420
30
0
11
85
21
417
31
0
0
LINE
5
DA8
330
C
100
AcDbEntity
8
0
100
AcDbLine
10
85
20
417
30
0
11
76
21
417
31
0
0
LINE
5
DA9
330
C
100
AcDbEntity
8
0
100
AcDbLine
10
76
20
417
30
0
11
76
21
420
31
0
0
LINE
5
DAA
330
C
100
AcDbEntity
8
0
100
AcDbLine
10
76
20
420
30
0
11
67
21
420
31
0
0
LINE
5
DAB
330
C
100
AcDbEntity
8
0
100
AcDbLine
10
67
20
420
30
0
11
67
21
417
31
0
0
LINE
5
DAC
330
C
100
AcDbEntity
8
0
100
AcDbLine
10
67
20
417
30
0
11
58
21
417
31
0
0
LINE
5
DAD
330
C
100
AcDbEntity
8
0
100
AcDbLine
10
58
20
417
30
0
11
58
21
420
31
0
0
LINE
5
DAE
330
C
100
AcDbEntity
8
0
100
AcDbLine
10
58
20
420
30
0
11
49
21
420
31
0
0
LINE
5
DAF
330
C
100
AcDbEntity
8
0
100
AcDbLine
10
49
20
420
30
0
11
49
21
417
31
0
0
LINE
5
DB0
330
C
100
AcDbEntity
8
0
100
AcDbLine
10
49
20
417
30
0
11
40
21
417
31
0
0
LINE
5
DB1
330
C
100
AcDbEntity
8
0
100
AcDbLine
10
40
20
417
30
0
11
40
21
420
31
0
0
LINE
5
DB2
330
C
100
AcDbEntity
8
0
100
AcDbLine
10
40
20
420
30
0
11
31
21
420
31
0
0
LINE
5
DB3
330
C
100
AcDbEntity
8
0
100
AcDbLine
10
31
20
420
30
0
11
31
21
417
31
0
0
LINE
5
DB4
330
C
100
AcDbEntity
8
0
100
AcDbLine
10
31
20
417
30
0
11
22
21
417
31
0
0
LINE
5
DB5
330
C
100
AcDbEntity
8
0
100
AcDbLine
10
22
20
417
30
0
11
22
21
420
31
0
0
LINE
5
DB6
330
C
100
AcDbEntity
8
0
100
AcDbLine
10
22
20
420
30
0
11
13
21
420
31
0
0
LINE
5
DB7
330
C
100
AcDbEntity
8
0
100
AcDbLine
10
13
20
420
30
0
11
13
21
417
31
0
0
LINE
5
DB8
330
C
100
AcDbEntity
8
0
100
AcDbLine
10
13
20
417
30
0
11
3
21
417
31
0
0
LINE
5
DB9
330
C
100
AcDbEntity
8
0
100
AcDbLine
10
3
20
417
30
0
11
3
21
409
31
0
0
LINE
5
DBA
330
C
100
AcDbEntity
8
0
100
AcDbLine
10
3
20
409
30
0
11
0
21
409
31
0
0
LINE
5
DBB
330
C
100
AcDbEntity
8
0
100
AcDbLine
10
0
20
409
30
0
11
0
21
400
31
0
0
LINE
5
DBC
330
C
100
AcDbEntity
8
0
100
AcDbLine
10
0
20
400
30
0
11
3
21
400
31
0
0
LINE
5
DBD
330
C
100
AcDbEntity
8
0
100
AcDbLine
10
3
20
400
30
0
11
3
21
391
31
0
0
LINE
5
DBE
330
C
100
AcDbEntity
8
0
100
AcDbLine
10
3
20
391
30
0
11
0
21
391
31
0
0
LINE
5
DBF
330
C
100
AcDbEntity
8
0
100
AcDbLine
10
0
20
391
30
0
11
0
21
382
31
0
0
LINE
5
DC0
330
C
100
AcDbEntity
8
0
100
AcDbLine
10
0
20
382
30
0
11
3
21
382
31
0
0
LINE
5
DC1
330
C
100
AcDbEntity
8
0
100
AcDbLine
10
3
20
382
30
0
11
3
21
373
31
0
0
LINE
5
DC2
330
C
100
AcDbEntity
8
0
100
AcDbLine
10
3
20
373
30
0
11
0
21
373
31
0
0
LINE
5
DC3
330
C
100
AcDbEntity
8
0
100
AcDbLine
10
0
20
373
30
0
11
0
21
364
31
0
0
LINE
5
DC4
330
C
100
AcDbEntity
8
0
100
AcDbLine
10
0
20
364
30
0
11
3
21
364
31
0
0
LINE
5
DC5
330
C
100
AcDbEntity
8
0
100
AcDbLine
10
3
20
364
30
0
11
3
21
355
31
0
0
LINE
5
DC6
330
C
100
AcDbEntity
8
0
100
AcDbLine
10
3
20
355
30
0
11
0
21
355
31
0
0
LINE
5
DC7
330
C
100
AcDbEntity
8
0
100
AcDbLine
10
0
20
355
30
0
11
0
21
346
31
0
0
LINE
5
DC8
330
C
100
AcDbEntity
8
0
100
AcDbLine
10
0
20
346
30
0
11
3
21
346
31
0
0
LINE
5
DC9
330
C
100
AcDbEntity
8
0
100
AcDbLine
10
3
20
346
30
0
11
3
21
337
31
0
0
LINE
5
DCA
330
C
100
AcDbEntity
8
0
100
AcDbLine
10
3
20
337
30
0
11
0
21
337
31
0
0
LINE
5
DCB
330
C
100
AcDbEntity
8
0
100
AcDbLine
10
0
20
337
30
0
11
0
21
328
31
0
0
LINE
5
DCC
330
C
100
AcDbEntity
8
0
100
AcDbLine
10
0
20
328
30
0
11
3
21
328
31
0
0
LINE
5
DCD
330
C
100
AcDbEntity
8
0
100
AcDbLine
10
3
20
328
30
0
11
3
21
319
31
0
0
LINE
5
DCE
330
C
100
AcDbEntity
8
0
100
AcDbLine
10
3
20
319
30
0
11
0
21
319
31
0
0
LINE
5
DCF
330
C
100
AcDbEntity
8
0
100
AcDbLine
10
0
20
319
30
0
11
0
21
310
31
0
0
LINE
5
DD0
330
C
100
AcDbEntity
8
0
100
AcDbLine
10
0
20
310
30
0
11
3
21
310
31
0
0
LINE
5
DD1
330
C
100
AcDbEntity
8
0
100
AcDbLine
10
3
20
310
30
0
11
3
21
301
31
0
0
LINE
5
DD2
330
C
100
AcDbEntity
8
0
100
AcDbLine
10
3
20
301
30
0
11
0
21
301
31
0
0
LINE
5
DD3
330
C
100
AcDbEntity
8
0
100
AcDbLine
10
0
20
301
30
0
11
0
21
292
31
0
0
LINE
5
DD4
330
C
100
AcDbEntity
8
0
100
AcDbLine
10
0
20
292
30
0
11
3
21
292
31
0
0
LINE
5
DD5
330
C
100
AcDbEntity
8
0
100
AcDbLine
10
3
20
292
30
0
11
3
21
283
31
0
0
LINE
5
DD6
330
C
100
AcDbEntity
8
0
100
AcDbLine
10
3
20
283
30
0
11
0
21
283
31
0
0
LINE
5
DD7
330
C
100
AcDbEntity
8
0
100
AcDbLine
10
0
20
283
30
0
11
0
21
274
31
0
0
LINE
5
DD8
330
C
100
AcDbEntity
8
0
100
AcDbLine
10
0
20
274
30
0
11
3
21
274
31
0
0
LINE
5
DD9
330
C
100
AcDbEntity
8
0
100
AcDbLine
10
3
20
274
30
0
11
3
21
265
31
0
0
LINE
5
DDA
330
C
100
AcDbEntity
8
0
100
AcDbLine
10
3
20
265
30
0
11
0
21
265
31
0
0
LINE
5
DDB
330
C
100
AcDbEntity
8
0
100
AcDbLine
10
0
20
265
30
0
11
0
21
256
31
0
0
LINE
5
DDC
330
C
100
AcDbEntity
8
0
100
AcDbLine
10
0
20
256
30
0
11
3
21
256
31
0
0
LINE
5
DDD
330
C
100
AcDbEntity
8
0
100
AcDbLine
10
3
20
256
30
0
11
3
21
247
31
0
0
LINE
5
DDE
330
C
100
AcDbEntity
8
0
100
AcDbLine
10
3
20
247
30
0
11
0
21
247
31
0
0
LINE
5
DDF
330
C
100
AcDbEntity
8
0
100
AcDbLine
10
0
20
247
30
0
11
0
21
238
31
0
0
LINE
5
DE0
330
C
100
AcDbEntity
8
0
100
AcDbLine
10
0
20
238
30
0
11
3
21
238
31
0
0
LINE
5
DE1
330
C
100
AcDbEntity
8
0
100
AcDbLine
10
3
20
238
30
0
11
3
21
230
31
0
0
LINE
5
DE2
330
C
100
AcDbEntity
8
0
100
AcDbLine
10
3
20
230
30
0
11
13
21
230
31
0
0
LINE
5
DE3
330
C
100
AcDbEntity
8
0
100
AcDbLine
10
13
20
230
30
0
11
13
21
227
31
0
0
LINE
5
DE4
330
C
100
AcDbEntity
8
0
100
AcDbLine
10
13
20
227
30
0
11
22
21
227
31
0
0
LINE
5
DE5
330
C
100
AcDbEntity
8
0
100
AcDbLine
10
22
20
227
30
0
11
22
21
230
31
0
0
LINE
5
DE6
330
C
100
AcDbEntity
8
0
100
AcDbLine
10
22
20
230
30
0
11
31
21
230
31
0
0
LINE
5
DE7
330
C
100
AcDbEntity
8
0
100
AcDbLine
10
31
20
230
30
0
11
31
21
227
31
0
0
LINE
5
DE8
330
C
100
AcDbEntity
8
0
100
AcDbLine
10
31
20
227
30
0
11
40
21
227
31
0
0
LINE
5
DE9
330
C
100
AcDbEntity
8
0
100
AcDbLine
10
40
20
227
30
0
11
40
21
230
31
0
0
LINE
5
DEA
330
C
100
AcDbEntity
8
0
100
AcDbLine
10
40
20
230
30
0
11
49
21
230
31
0
0
LINE
5
DEB
330
C
100
AcDbEntity
8
0
100
AcDbLine
10
49
20
230
30
0
11
49
21
227
31
0
0
LINE
5
DEC
330
C
100
AcDbEntity
8
0
100
AcDbLine
10
49
20
227
30
0
11
58
21
227
31
0
0
LINE
5
DED
330
C
100
AcDbEntity
8
0
100
AcDbLine
10
58
20
227
30
0
11
58
21
230
31
0
0
LINE
5
DEE
330
C
100
AcDbEntity
8
0
100
AcDbLine
10
58
20
230
30
0
11
67
21
230
31
0
0
LINE
5
DEF
330
C
100
AcDbEntity
8
0
100
AcDbLine
10
67
20
230
30
0
11
67
21
227
31
0
0
LINE
5
DF0
330
C
100
AcDbEntity
8
0
100
AcDbLine
10
67
20
227
30
0
11
76
21
227
31
0
0
LINE
5
DF1
330
C
100
AcDbEntity
8
0
100
AcDbLine
10
76
20
227
30
0
11
76
21
230
31
0
0
LINE
5
DF2
330
C
100
AcDbEntity
8
0
100
AcDbLine
10
76
20
230
30
0
11
85
21
230
31
0
0
LINE
5
DF3
330
C
100
AcDbEntity
8
0
100
AcDbLine
10
85
20
230
30
0
11
85
21
227
31
0
0
LINE
5
DF4
330
C
100
AcDbEntity
8
0
100
AcDbLine
10
85
20
227
30
0
11
94
21
227
31
0
0
LINE
5
DF5
330
C
100
AcDbEntity
8
0
100
AcDbLine
10
94
20
227
30
0
11
94
21
230
31
0
0
LINE
5
DF6
330
C
100
AcDbEntity
8
0
100
AcDbLine
10
94
20
230
30
0
11
103
21
230
31
0
0
LINE
5
DF7
330
C
100
AcDbEntity
8
0
100
AcDbLine
10
103
20
230
30
0
11
103
21
227
31
0
0
LINE
5
DF8
330
C
100
AcDbEntity
8
0
100
AcDbLine
10
103
20
227
30
0
11
112
21
227
31
0
0
LINE
5
DF9
330
C
100
AcDbEntity
8
0
100
AcDbLine
10
112
20
227
30
0
11
112
21
230
31
0
0
LINE
5
DFA
330
C
100
AcDbEntity
8
0
100
AcDbLine
10
112
20
230
30
0
11
121
21
230
31
0
0
LINE
5
DFB
330
C
100
AcDbEntity
8
0
100
AcDbLine
10
121
20
230
30
0
11
121
21
227
31
0
0
LINE
5
DFC
330
C
100
AcDbEntity
8
0
100
AcDbLine
10
121
20
227
30
0
11
130
21
227
31
0
0
LINE
5
DFD
330
C
100
AcDbEntity
8
0
100
AcDbLine
10
130
20
227
30
0
11
130
21
230
31
0
0
LINE
5
DFE
330
C
100
AcDbEntity
8
0
100
AcDbLine
10
130
20
230
30
0
11
139
21
230
31
0
0
LINE
5
DFF
330
C
100
AcDbEntity
8
0
100
AcDbLine
10
139
20
230
30
0
11
139
21
227
31
0
0
LINE
5
E00
330
C
100
AcDbEntity
8
0
100
AcDbLine
10
139
20
227
30
0
11
148
21
227
31
0
0
LINE
5
E01
330
C
100
AcDbEntity
8
0
100
AcDbLine
10
148
20
227
30
0
11
148
21
230
31
0
0
LINE
5
E02
330
C
100
AcDbEntity
8
0
100
AcDbLine
10
148
20
230
30
0
11
157
21
230
31
0
0
LINE
5
E03
330
C
100
AcDbEntity
8
0
100
AcDbLine
10
157
20
230
30
0
11
157
21
227
31
0
0
LINE
5
E04
330
C
100
AcDbEntity
8
0
100
AcDbLine
10
157
20
227
30
0
11
166
21
227
31
0
0
LINE
5
E05
330
C
100
AcDbEntity
8
0
100
AcDbLine
10
166
20
227
30
0
11
166
21
230
31
0
0
LINE
5
E06
330
C
100
AcDbEntity
8
0
100
AcDbLine
10
166
20
230
30
0
11
175
21
230
31
0
0
LINE
5
E07
330
C
100
AcDbEntity
8
0
100
AcDbLine
10
175
20
230
30
0
11
175
21
227
31
0
0
LINE
5
E08
330
C
100
AcDbEntity
8
0
100
AcDbLine
10
175
20
227
30
0
11
184
21
227
31
0
0
LINE
5
E09
330
C
100
AcDbEntity
8
0
100
AcDbLine
10
184
20
227
30
0
11
184
21
230
31
0
0
LINE
5
E0A
330
C
100
AcDbEntity
8
0
100
AcDbLine
10
184
20
230
30
0
11
193
21
230
31
0
0
LINE
5
E0B
330
C
100
AcDbEntity
8
0
100
AcDbLine
10
193
20
230
30
0
11
193
21
227
31
0
0
LINE
5
E0C
330
C
100
AcDbEntity
8
0
100
AcDbLine
10
193
20
227
30
0
11
202
21
227
31
0
0
LINE
5
E0D
330
C
100
AcDbEntity
8
0
100
AcDbLine
10
202
20
227
30
0
11
202
21
230
31
0
0
LINE
5
E0E
330
C
100
AcDbEntity
8
0
100
AcDbLine
10
202
20
230
30
0
11
211
21
230
31
0
0
LINE
5
E0F
330
C
100
AcDbEntity
8
0
100
AcDbLine
10
211
20
230
30
0
11
211
21
227
31
0
0
LINE
5
E10
330
C
100
AcDbEntity
8
0
100
AcDbLine
10
211
20
227
30
0
11
220
21
227
31
0
0
LINE
5
E11
330
C
100
AcDbEntity
8
0
100
AcDbLine
10
220
20
227
30
0
11
220
21
230
31
0
0
LINE
5
E12
330
C
100
AcDbEntity
8
0
100
AcDbLine
10
220
20
230
30
0
11
230
21
230
31
0
0
LINE
5
E13
330
C
100
AcDbEntity
8
0
100
AcDbLine
10
230
20
230
30
0
11
230
21
238
31
0
0
LINE
5
E14
330
C
100
AcDbEntity
8
0
100
AcDbLine
10
230
20
238
30
0
11
233
21
238
31
0
0
LINE
5
E15
330
C
100
AcDbEntity
8
0
100
AcDbLine
10
233
20
238
30
0
11
233
21
247
31
0
0
LINE
5
E16
330
C
100
AcDbEntity
8
0
100
AcDbLine
10
233
20
247
30
0
11
230
21
247
31
0
0
LINE
5
E17
330
C
100
AcDbEntity
8
0
100
AcDbLine
10
230
20
247
30
0
11
230
21
256
31
0
0
LINE
5
E18
330
C
100
AcDbEntity
8
0
100
AcDbLine
10
230
20
256
30
0
11
233
21
256
31
0
0
LINE
5
E19
330
C
100
AcDbEntity
8
0
100
AcDbLine
10
233
20
256
30
0
11
233
21
265
31
0
0
LINE
5
E1A
330
C
100
AcDbEntity
8
0
100
AcDbLine
10
233
20
265
30
0
11
230
21
265
31
0
0
LINE
5
E1B
330
C
100
AcDbEntity
8
0
100
AcDbLine
10
230
20
265
30
0
11
230
21
274
31
0
0
LINE
5
E1C
330
C
100
AcDbEntity
8
0
100
AcDbLine
10
230
20
274
30
0
11
233
21
274
31
0
0
LINE
5
E1D
330
C
100
AcDbEntity
8
0
100
AcDbLine
10
233
20
274
30
0
11
233
21
283
31
0
0
LINE
5
E1E
330
C
100
AcDbEntity
8
0
100
AcDbLine
10
233
20
283
30
0
11
230
21
283
31
0
0
LINE
5
E1F
330
C
100
AcDbEntity
8
0
100
AcDbLine
10
230
20
283
30
0
11
230
21
292
31
0
0
LINE
5
E20
330
C
100
AcDbEntity
8
0
100
AcDbLine
10
230
20
292
30
0
11
233
21
292
31
0
0
LINE
5
E21
330
C
100
AcDbEntity
8
0
100
AcDbLine
10
233
20
292
30
0
11
233
21
301
31
0
0
LINE
5
E22
330
C
100
AcDbEntity
8
0
100
AcDbLine
10
233
20
301
30
0
11
230
21
301
31
0
0
LINE
5
E23
330
C
100
AcDbEntity
8
0
100
AcDbLine
10
230
20
301
30
0
11
230
21
310
31
0
0
LINE
5
E24
330
C
100
AcDbEntity
8
0
100
AcDbLine
10
230
20
310
30
0
11
233
21
310
31
0
0
LINE
5
E25
330
C
100
AcDbEntity
8
0
100
AcDbLine
10
233
20
310
30
0
11
233
21
319
31
0
0
LINE
5
E26
330
C
100
AcDbEntity
8
0
100
AcDbLine
10
233
20
319
30
0
11
230
21
319
31
0
0
LINE
5
E27
330
C
100
AcDbEntity
8
0
100
AcDbLine
10
230
20
319
30
0
11
230
21
328
31
0
0
LINE
5
E28
330
C
100
AcDbEntity
8
0
100
AcDbLine
10
230
20
328
30
0
11
233
21
328
31
0
0
LINE
5
E29
330
C
100
AcDbEntity
8
0
100
AcDbLine
10
233
20
328
30
0
11
233
21
337
31
0
0
LINE
5
E2A
330
C
100
AcDbEntity
8
0
100
AcDbLine
10
233
20
337
30
0
11
230
21
337
31
0
0
LINE
5
E2B
330
C
100
AcDbEntity
8
0
100
AcDbLine
10
230
20
337
30
0
11
230
21
346
31
0
0
LINE
5
E2C
330
C
100
AcDbEntity
8
0
100
AcDbLine
10
230
20
346
30
0
11
233
21
346
31
0
0
LINE
5
E2D
330
C
100
AcDbEntity
8
0
100
AcDbLine
10
233
20
346
30
0
11
233
21
355
31
0
0
LINE
5
E2E
330
C
100
AcDbEntity
8
0
100
AcDbLine
10
233
20
355
30
0
11
230
21
355
31
0
0
LINE
5
E2F
330
C
100
AcDbEntity
8
0
100
AcDbLine
10
230
20
355
30
0
11
230
21
364
31
0
0
LINE
5
E30
330
C
100
AcDbEntity
8
0
100
AcDbLine
10
230
20
364
30
0
11
233
21
364
31
0
0
LINE
5
E31
330
C
100
AcDbEntity
8
0
100
AcDbLine
10
233
20
364
30
0
11
233
21
373
31
0
0
LINE
5
E32
330
C
100
AcDbEntity
8
0
100
AcDbLine
10
233
20
373
30
0
11
230
21
373
31
0
0
LINE
5
E33
330
C
100
AcDbEntity
8
0
100
AcDbLine
10
230
20
373
30
0
11
230
21
382
31
0
0
LINE
5
E34
330
C
100
AcDbEntity
8
0
100
AcDbLine
10
230
20
382
30
0
11
233
21
382
31
0
0
LINE
5
E35
330
C
100
AcDbEntity
8
0
100
AcDbLine
10
233
20
382
30
0
11
233
21
391
31
0
0
LINE
5
E36
330
C
100
AcDbEntity
8
0
100
AcDbLine
10
233
20
391
30
0
11
230
21
391
31
0
0
LINE
5
E37
330
C
100
AcDbEntity
8
0
100
AcDbLine
10
230
20
391
30
0
11
230
21
400
31
0
0
LINE
5
E38
330
C
100
AcDbEntity
8
0
100
AcDbLine
10
230
20
400
30
0
11
233
21
400
31
0
0
LINE
5
E39
330
C
100
AcDbEntity
8
0
100
AcDbLine
10
233
20
400
30
0
11
233
21
409
31
0
0
LINE
5
E3A
330
C
100
AcDbEntity
8
0
100
AcDbLine
10
233
20
409
30
0
11
230
21
409
31
0
0
LINE
5
E3B
330
C
100
AcDbEntity
8
0
100
AcDbLine
10
230
20
409
30
0
11
230
21
417
31
0
0
LINE
5
E3C
330
C
100
AcDbEntity
8
0
100
AcDbLine
10
230
20
417
30
0
11
220
21
417
31
0
0
LINE
5
E3D
330
C
100
AcDbEntity
8
0
100
AcDbLine
10
220
20
417
30
0
11
220
21
420
31
0
0
LINE
5
E3E
330
C
100
AcDbEntity
8
0
100
AcDbLine
10
100.12
20
319.732
30
0
11
97.3
21
319.732
31
0
0
LINE
5
E3F
330
C
100
AcDbEntity
8
0
100
AcDbLine
10
97.3
20
319.732
30
0
11
97.3
21
327.268
31
0
0
LINE
5
E40
330
C
100
AcDbEntity
8
0
100
AcDbLine
10
97.3
20
327.268
30
0
11
100.12
21
327.268
31
0
0
LINE
5
E41
330
C
100
AcDbEntity
8
0
100
AcDbLine
10
100.12
20
327.268
30
0
11
100.283
21
327.265
31
0
0
LINE
5
E42
330
C
100
AcDbEntity
8
0
100
AcDbLine
10
100.283
20
327.265
30
0
11
100.44
21
327.257
31
0
0
LINE
5
E43
330
C
100
AcDbEntity
8
0
100
AcDbLine
10
100.44
20
327.257
30
0
11
100.591
21
327.243
31
0
0
LINE
5
E44
330
C
100
AcDbEntity
8
0
100
AcDbLine
10
100.591
20
327.243
30
0
11
100.737
21
327.224
31
0
0
LINE
5
E45
330
C
100
AcDbEntity
8
0
100
AcDbLine
10
100.737
20
327.224
30
0
11
100.877
21
327.2
31
0
0
LINE
5
E46
330
C
100
AcDbEntity
8
0
100
AcDbLine
10
100.877
20
327.2
30
0
11
101.012
21
327.17
31
0
0
LINE
5
E47
330
C
100
AcDbEntity
8
0
100
AcDbLine
10
101.012
20
327.17
30
0
11
101.141
21
327.134
31
0
0
LINE
5
E48
330
C
100
AcDbEntity
8
0
100
AcDbLine
10
101.141
20
327.134
30
0
11
101.264
21
327.093
31
0
0
LINE
5
E49
330
C
100
AcDbEntity
8
0
100
AcDbLine
10
101.264
20
327.093
30
0
11
101.382
21
327.047
31
0
0
LINE
5
E4A
330
C
100
AcDbEntity
8
0
100
AcDbLine
10
101.382
20
327.047
30
0
11
101.494
21
326.995
31
0
0
LINE
5
E4B
330
C
100
AcDbEntity
8
0
100
AcDbLine
10
101.494
20
326.995
30
0
11
101.6
21
326.939
31
0
0
LINE
5
E4C
330
C
100
AcDbEntity
8
0
100
AcDbLine
10
101.6
20
326.939
30
0
11
101.701
21
326.879
31
0
0
LINE
5
E4D
330
C
100
AcDbEntity
8
0
100
AcDbLine
10
101.701
20
326.879
30
0
11
101.797
21
326.816
31
0
0
LINE
5
E4E
330
C
100
AcDbEntity
8
0
100
AcDbLine
10
101.797
20
326.816
30
0
11
101.887
21
326.749
31
0
0
LINE
5
E4F
330
C
100
AcDbEntity
8
0
100
AcDbLine
10
101.887
20
326.749
30
0
11
101.971
21
326.678
31
0
0
LINE
5
E50
330
C
100
AcDbEntity
8
0
100
AcDbLine
10
101.971
20
326.678
30
0
11
102.05
21
326.605
31
0
0
LINE
5
E51
330
C
100
AcDbEntity
8
0
100
AcDbLine
10
102.05
20
326.605
30
0
11
102.123
21
326.528
31
0
0
LINE
5
E52
330
C
100
AcDbEntity
8
0
100
AcDbLine
10
102.123
20
326.528
30
0
11
102.191
21
326.447
31
0
0
LINE
5
E53
330
C
100
AcDbEntity
8
0
100
AcDbLine
10
102.191
20
326.447
30
0
11
102.253
21
326.363
31
0
0
LINE
5
E54
330
C
100
AcDbEntity
8
0
100
AcDbLine
10
102.253
20
326.363
30
0
11
102.31
21
326.275
31
0
0
LINE
5
E55
330
C
100
AcDbEntity
8
0
100
AcDbLine
10
102.31
20
326.275
30
0
11
102.361
21
326.185
31
0
0
LINE
5
E56
330
C
100
AcDbEntity
8
0
100
AcDbLine
10
102.361
20
326.185
30
0
11
102.407
21
326.093
31
0
0
LINE
5
E57
330
C
100
AcDbEntity
8
0
100
AcDbLine
10
102.407
20
326.093
30
0
11
102.448
21
326
31
0
0
LINE
5
E58
330
C
100
AcDbEntity
8
0
100
AcDbLine
10
102.448
20
326
30
0
11
102.483
21
325.904
31
0
0
LINE
5
E59
330
C
100
AcDbEntity
8
0
100
AcDbLine
10
102.483
20
325.904
30
0
11
102.513
21
325.808
31
0
0
LINE
5
E5A
330
C
100
AcDbEntity
8
0
100
AcDbLine
10
102.513
20
325.808
30
0
11
102.537
21
325.709
31
0
0
LINE
5
E5B
330
C
100
AcDbEntity
8
0
100
AcDbLine
10
102.537
20
325.709
30
0
11
102.556
21
325.61
31
0
0
LINE
5
E5C
330
C
100
AcDbEntity
8
0
100
AcDbLine
10
102.556
20
325.61
30
0
11
102.569
21
325.508
31
0
0
LINE
5
E5D
330
C
100
AcDbEntity
8
0
100
AcDbLine
10
102.569
20
325.508
30
0
11
102.577
21
325.405
31
0
0
LINE
5
E5E
330
C
100
AcDbEntity
8
0
100
AcDbLine
10
102.577
20
325.405
30
0
11
102.58
21
325.3
31
0
0
LINE
5
E5F
330
C
100
AcDbEntity
8
0
100
AcDbLine
10
102.58
20
325.3
30
0
11
102.58
21
325.3
31
0
0
LINE
5
E60
330
C
100
AcDbEntity
8
0
100
AcDbLine
10
102.58
20
325.3
30
0
11
102.576
21
325.172
31
0
0
LINE
5
E61
330
C
100
AcDbEntity
8
0
100
AcDbLine
10
102.576
20
325.172
30
0
11
102.566
21
325.048
31
0
0
LINE
5
E62
330
C
100
AcDbEntity
8
0
100
AcDbLine
10
102.566
20
325.048
30
0
11
102.548
21
324.927
31
0
0
LINE
5
E63
330
C
100
AcDbEntity
8
0
100
AcDbLine
10
102.548
20
324.927
30
0
11
102.523
21
324.809
31
0
0
LINE
5
E64
330
C
100
AcDbEntity
8
0
100
AcDbLine
10
102.523
20
324.809
30
0
11
102.491
21
324.695
31
0
0
LINE
5
E65
330
C
100
AcDbEntity
8
0
100
AcDbLine
10
102.491
20
324.695
30
0
11
102.451
21
324.584
31
0
0
LINE
5
E66
330
C
100
AcDbEntity
8
0
100
AcDbLine
10
102.451
20
324.584
30
0
11
102.405
21
324.477
31
0
0
LINE
5
E67
330
C
100
AcDbEntity
8
0
100
AcDbLine
10
102.405
20
324.477
30
0
11
102.352
21
324.373
31
0
0
LINE
5
E68
330
C
100
AcDbEntity
8
0
100
AcDbLine
10
102.352
20
324.373
30
0
11
102.291
21
324.272
31
0
0
LINE
5
E69
330
C
100
AcDbEntity
8
0
100
AcDbLine
10
102.291
20
324.272
30
0
11
102.223
21
324.175
31
0
0
LINE
5
E6A
330
C
100
AcDbEntity
8
0
100
AcDbLine
10
102.223
20
324.175
30
0
11
102.148
21
324.083
31
0
0
LINE
5
E6B
330
C
100
AcDbEntity
8
0
100
AcDbLine
10
102.148
20
324.083
30
0
11
102.066
21
323.996
31
0
0
LINE
5
E6C
330
C
100
AcDbEntity
8
0
100
AcDbLine
10
102.066
20
323.996
30
0
11
101.977
21
323.916
31
0
0
LINE
5
E6D
330
C
100
AcDbEntity
8
0
100
AcDbLine
10
101.977
20
323.916
30
0
11
101.88
21
323.842
31
0
0
LINE
5
E6E
330
C
100
AcDbEntity
8
0
100
AcDbLine
10
101.88
20
323.842
30
0
11
101.777
21
323.774
31
0
0
LINE
5
E6F
330
C
100
AcDbEntity
8
0
100
AcDbLine
10
101.777
20
323.774
30
0
11
101.666
21
323.712
31
0
0
LINE
5
E70
330
C
100
AcDbEntity
8
0
100
AcDbLine
10
101.666
20
323.712
30
0
11
101.548
21
323.656
31
0
0
LINE
5
E71
330
C
100
AcDbEntity
8
0
100
AcDbLine
10
101.548
20
323.656
30
0
11
101.423
21
323.606
31
0
0
LINE
5
E72
330
C
100
AcDbEntity
8
0
100
AcDbLine
10
101.423
20
323.606
30
0
11
101.291
21
323.562
31
0
0
LINE
5
E73
330
C
100
AcDbEntity
8
0
100
AcDbLine
10
101.291
20
323.562
30
0
11
101.152
21
323.524
31
0
0
LINE
5
E74
330
C
100
AcDbEntity
8
0
100
AcDbLine
10
101.152
20
323.524
30
0
11
101.152
21
323.524
31
0
0
LINE
5
E75
330
C
100
AcDbEntity
8
0
100
AcDbLine
10
101.152
20
323.524
30
0
11
101.243
21
323.508
31
0
0
LINE
5
E76
330
C
100
AcDbEntity
8
0
100
AcDbLine
10
101.243
20
323.508
30
0
11
101.332
21
323.488
31
0
0
LINE
5
E77
330
C
100
AcDbEntity
8
0
100
AcDbLine
10
101.332
20
323.488
30
0
11
101.419
21
323.464
31
0
0
LINE
5
E78
330
C
100
AcDbEntity
8
0
100
AcDbLine
10
101.419
20
323.464
30
0
11
101.504
21
323.437
31
0
0
LINE
5
E79
330
C
100
AcDbEntity
8
0
100
AcDbLine
10
101.504
20
323.437
30
0
11
101.586
21
323.406
31
0
0
LINE
5
E7A
330
C
100
AcDbEntity
8
0
100
AcDbLine
10
101.586
20
323.406
30
0
11
101.666
21
323.372
31
0
0
LINE
5
E7B
330
C
100
AcDbEntity
8
0
100
AcDbLine
10
101.666
20
323.372
30
0
11
101.744
21
323.334
31
0
0
LINE
5
E7C
330
C
100
AcDbEntity
8
0
100
AcDbLine
10
101.744
20
323.334
30
0
11
101.82
21
323.292
31
0
0
LINE
5
E7D
330
C
100
AcDbEntity
8
0
100
AcDbLine
10
101.82
20
323.292
30
0
11
101.894
21
323.246
31
0
0
LINE
5
E7E
330
C
100
AcDbEntity
8
0
100
AcDbLine
10
101.894
20
323.246
30
0
11
101.965
21
323.197
31
0
0
LINE
5
E7F
330
C
100
AcDbEntity
8
0
100
AcDbLine
10
101.965
20
323.197
30
0
11
102.034
21
323.145
31
0
0
LINE
5
E80
330
C
100
AcDbEntity
8
0
100
AcDbLine
10
102.034
20
323.145
30
0
11
102.099
21
323.09
31
0
0
LINE
5
E81
330
C
100
AcDbEntity
8
0
100
AcDbLine
10
102.099
20
323.09
30
0
11
102.162
21
323.034
31
0
0
LINE
5
E82
330
C
100
AcDbEntity
8
0
100
AcDbLine
10
102.162
20
323.034
30
0
11
102.221
21
322.975
31
0
0
LINE
5
E83
330
C
100
AcDbEntity
8
0
100
AcDbLine
10
102.221
20
322.975
30
0
11
102.278
21
322.913
31
0
0
LINE
5
E84
330
C
100
AcDbEntity
8
0
100
AcDbLine
10
102.278
20
322.913
30
0
11
102.331
21
322.85
31
0
0
LINE
5
E85
330
C
100
AcDbEntity
8
0
100
AcDbLine
10
102.331
20
322.85
30
0
11
102.381
21
322.784
31
0
0
LINE
5
E86
330
C
100
AcDbEntity
8
0
100
AcDbLine
10
102.381
20
322.784
30
0
11
102.429
21
322.716
31
0
0
LINE
5
E87
330
C
100
AcDbEntity
8
0
100
AcDbLine
10
102.429
20
322.716
30
0
11
102.473
21
322.646
31
0
0
LINE
5
E88
330
C
100
AcDbEntity
8
0
100
AcDbLine
10
102.473
20
322.646
30
0
11
102.514
21
322.573
31
0
0
LINE
5
E89
330
C
100
AcDbEntity
8
0
100
AcDbLine
10
102.514
20
322.573
30
0
11
102.552
21
322.499
31
0
0
LINE
5
E8A
330
C
100
AcDbEntity
8
0
100
AcDbLine
10
102.552
20
322.499
30
0
11
102.585
21
322.423
31
0
0
LINE
5
E8B
330
C
100
AcDbEntity
8
0
100
AcDbLine
10
102.585
20
322.423
30
0
11
102.615
21
322.347
31
0
0
LINE
5
E8C
330
C
100
AcDbEntity
8
0
100
AcDbLine
10
102.615
20
322.347
30
0
11
102.641
21
322.27
31
0
0
LINE
5
E8D
330
C
100
AcDbEntity
8
0
100
AcDbLine
10
102.641
20
322.27
30
0
11
102.662
21
322.191
31
0
0
LINE
5
E8E
330
C
100
AcDbEntity
8
0
100
AcDbLine
10
102.662
20
322.191
30
0
11
102.68
21
322.112
31
0
0
LINE
5
E8F
330
C
100
AcDbEntity
8
0
100
AcDbLine
10
102.68
20
322.112
30
0
11
102.694
21
322.031
31
0
0
LINE
5
E90
330
C
100
AcDbEntity
8
0
100
AcDbLine
10
102.694
20
322.031
30
0
11
102.704
21
321.95
31
0
0
LINE
5
E91
330
C
100
AcDbEntity
8
0
100
AcDbLine
10
102.704
20
321.95
30
0
11
102.71
21
321.867
31
0
0
LINE
5
E92
330
C
100
AcDbEntity
8
0
100
AcDbLine
10
102.71
20
321.867
30
0
11
102.712
21
321.784
31
0
0
LINE
5
E93
330
C
100
AcDbEntity
8
0
100
AcDbLine
10
102.712
20
321.784
30
0
11
102.712
21
321.784
31
0
0
LINE
5
E94
330
C
100
AcDbEntity
8
0
100
AcDbLine
10
102.712
20
321.784
30
0
11
102.711
21
321.707
31
0
0
LINE
5
E95
330
C
100
AcDbEntity
8
0
100
AcDbLine
10
102.711
20
321.707
30
0
11
102.707
21
321.631
31
0
0
LINE
5
E96
330
C
100
AcDbEntity
8
0
100
AcDbLine
10
102.707
20
321.631
30
0
11
102.7
21
321.555
31
0
0
LINE
5
E97
330
C
100
AcDbEntity
8
0
100
AcDbLine
10
102.7
20
321.555
30
0
11
102.691
21
321.48
31
0
0
LINE
5
E98
330
C
100
AcDbEntity
8
0
100
AcDbLine
10
102.691
20
321.48
30
0
11
102.68
21
321.404
31
0
0
LINE
5
E99
330
C
100
AcDbEntity
8
0
100
AcDbLine
10
102.68
20
321.404
30
0
11
102.666
21
321.33
31
0
0
LINE
5
E9A
330
C
100
AcDbEntity
8
0
100
AcDbLine
10
102.666
20
321.33
30
0
11
102.649
21
321.255
31
0
0
LINE
5
E9B
330
C
100
AcDbEntity
8
0
100
AcDbLine
10
102.649
20
321.255
30
0
11
102.629
21
321.181
31
0
0
LINE
5
E9C
330
C
100
AcDbEntity
8
0
100
AcDbLine
10
102.629
20
321.181
30
0
11
102.608
21
321.107
31
0
0
LINE
5
E9D
330
C
100
AcDbEntity
8
0
100
AcDbLine
10
102.608
20
321.107
30
0
11
102.583
21
321.034
31
0
0
LINE
5
E9E
330
C
100
AcDbEntity
8
0
100
AcDbLine
10
102.583
20
321.034
30
0
11
102.555
21
320.962
31
0
0
LINE
5
E9F
330
C
100
AcDbEntity
8
0
100
AcDbLine
10
102.555
20
320.962
30
0
11
102.525
21
320.89
31
0
0
LINE
5
EA0
330
C
100
AcDbEntity
8
0
100
AcDbLine
10
102.525
20
320.89
30
0
11
102.49
21
320.821
31
0
0
LINE
5
EA1
330
C
100
AcDbEntity
8
0
100
AcDbLine
10
102.49
20
320.821
30
0
11
102.452
21
320.753
31
0
0
LINE
5
EA2
330
C
100
AcDbEntity
8
0
100
AcDbLine
10
102.452
20
320.753
30
0
11
102.411
21
320.686
31
0
0
LINE
5
EA3
330
C
100
AcDbEntity
8
0
100
AcDbLine
10
102.411
20
320.686
30
0
11
102.367
21
320.621
31
0
0
LINE
5
EA4
330
C
100
AcDbEntity
8
0
100
AcDbLine
10
102.367
20
320.621
30
0
11
102.319
21
320.557
31
0
0
LINE
5
EA5
330
C
100
AcDbEntity
8
0
100
AcDbLine
10
102.319
20
320.557
30
0
11
102.267
21
320.494
31
0
0
LINE
5
EA6
330
C
100
AcDbEntity
8
0
100
AcDbLine
10
102.267
20
320.494
30
0
11
102.212
21
320.434
31
0
0
LINE
5
EA7
330
C
100
AcDbEntity
8
0
100
AcDbLine
10
102.212
20
320.434
30
0
11
102.154
21
320.374
31
0
0
LINE
5
EA8
330
C
100
AcDbEntity
8
0
100
AcDbLine
10
102.154
20
320.374
30
0
11
102.092
21
320.316
31
0
0
LINE
5
EA9
330
C
100
AcDbEntity
8
0
100
AcDbLine
10
102.092
20
320.316
30
0
11
102.026
21
320.261
31
0
0
LINE
5
EAA
330
C
100
AcDbEntity
8
0
100
AcDbLine
10
102.026
20
320.261
30
0
11
101.956
21
320.208
31
0
0
LINE
5
EAB
330
C
100
AcDbEntity
8
0
100
AcDbLine
10
101.956
20
320.208
30
0
11
101.882
21
320.158
31
0
0
LINE
5
EAC
330
C
100
AcDbEntity
8
0
100
AcDbLine
10
101.882
20
320.158
30
0
11
101.805
21
320.11
31
0
0
LINE
5
EAD
330
C
100
AcDbEntity
8
0
100
AcDbLine
10
101.805
20
320.11
30
0
11
101.723
21
320.064
31
0
0
LINE
5
EAE
330
C
100
AcDbEntity
8
0
100
AcDbLine
10
101.723
20
320.064
30
0
11
101.637
21
320.021
31
0
0
LINE
5
EAF
330
C
100
AcDbEntity
8
0
100
AcDbLine
10
101.637
20
320.021
30
0
11
101.547
21
319.98
31
0
0
LINE
5
EB0
330
C
100
AcDbEntity
8
0
100
AcDbLine
10
101.547
20
319.98
30
0
11
101.454
21
319.942
31
0
0
LINE
5
EB1
330
C
100
AcDbEntity
8
0
100
AcDbLine
10
101.454
20
319.942
30
0
11
101.356
21
319.906
31
0
0
LINE
5
EB2
330
C
100
AcDbEntity
8
0
100
AcDbLine
10
101.356
20
319.906
30
0
11
101.254
21
319.873
31
0
0
LINE
5
EB3
330
C
100
AcDbEntity
8
0
100
AcDbLine
10
101.254
20
319.873
30
0
11
101.147
21
319.843
31
0
0
LINE
5
EB4
330
C
100
AcDbEntity
8
0
100
AcDbLine
10
101.147
20
319.843
30
0
11
101.036
21
319.817
31
0
0
LINE
5
EB5
330
C
100
AcDbEntity
8
0
100
AcDbLine
10
101.036
20
319.817
30
0
11
100.919
21
319.795
31
0
0
LINE
5
EB6
330
C
100
AcDbEntity
8
0
100
AcDbLine
10
100.919
20
319.795
30
0
11
100.798
21
319.776
31
0
0
LINE
5
EB7
330
C
100
AcDbEntity
8
0
100
AcDbLine
10
100.798
20
319.776
30
0
11
100.672
21
319.76
31
0
0
LINE
5
EB8
330
C
100
AcDbEntity
8
0
100
AcDbLine
10
100.672
20
319.76
30
0
11
100.541
21
319.748
31
0
0
LINE
5
EB9
330
C
100
AcDbEntity
8
0
100
AcDbLine
10
100.541
20
319.748
30
0
11
100.406
21
319.739
31
0
0
LINE
5
EBA
330
C
100
AcDbEntity
8
0
100
AcDbLine
10
100.406
20
319.739
30
0
11
100.265
21
319.734
31
0
0
LINE
5
EBB
330
C
100
AcDbEntity
8
0
100
AcDbLine
10
100.265
20
319.734
30
0
11
100.12
21
319.732
31
0
0
LINE
5
EBC
330
C
100
AcDbEntity
8
0
100
AcDbLine
10
100.12
20
319.732
30
0
11
100.12
21
319.732
31
0
0
LINE
5
EBD
330
C
100
AcDbEntity
8
0
100
AcDbLine
10
100.12
20
319.732
30
0
11
100.12
21
319.732
31
0
0
LINE
5
EBE
330
C
100
AcDbEntity
8
0
100
AcDbLine
10
98.236
20
323.092
30
0
11
98.236
21
320.548
31
0
0
LINE
5
EBF
330
C
100
AcDbEntity
8
0
100
AcDbLine
10
98.236
20
320.548
30
0
11
100.108
21
320.548
31
0
0
LINE
5
EC0
330
C
100
AcDbEntity
8
0
100
AcDbLine
10
100.108
20
320.548
30
0
11
100.275
21
320.552
31
0
0
LINE
5
EC1
330
C
100
AcDbEntity
8
0
100
AcDbLine
10
100.275
20
320.552
30
0
11
100.432
21
320.562
31
0
0
LINE
5
EC2
330
C
100
AcDbEntity
8
0
100
AcDbLine
10
100.432
20
320.562
30
0
11
100.579
21
320.58
31
0
0
LINE
5
EC3
330
C
100
AcDbEntity
8
0
100
AcDbLine
10
100.579
20
320.58
30
0
11
100.717
21
320.606
31
0
0
LINE
5
EC4
330
C
100
AcDbEntity
8
0
100
AcDbLine
10
100.717
20
320.606
30
0
11
100.845
21
320.638
31
0
0
LINE
5
EC5
330
C
100
AcDbEntity
8
0
100
AcDbLine
10
100.845
20
320.638
30
0
11
100.964
21
320.678
31
0
0
LINE
5
EC6
330
C
100
AcDbEntity
8
0
100
AcDbLine
10
100.964
20
320.678
30
0
11
101.073
21
320.724
31
0
0
LINE
5
EC7
330
C
100
AcDbEntity
8
0
100
AcDbLine
10
101.073
20
320.724
30
0
11
101.172
21
320.778
31
0
0
LINE
5
EC8
330
C
100
AcDbEntity
8
0
100
AcDbLine
10
101.172
20
320.778
30
0
11
101.261
21
320.84
31
0
0
LINE
5
EC9
330
C
100
AcDbEntity
8
0
100
AcDbLine
10
101.261
20
320.84
30
0
11
101.341
21
320.908
31
0
0
LINE
5
ECA
330
C
100
AcDbEntity
8
0
100
AcDbLine
10
101.341
20
320.908
30
0
11
101.412
21
320.982
31
0
0
LINE
5
ECB
330
C
100
AcDbEntity
8
0
100
AcDbLine
10
101.412
20
320.982
30
0
11
101.476
21
321.06
31
0
0
LINE
5
ECC
330
C
100
AcDbEntity
8
0
100
AcDbLine
10
101.476
20
321.06
30
0
11
101.532
21
321.142
31
0
0
LINE
5
ECD
330
C
100
AcDbEntity
8
0
100
AcDbLine
10
101.532
20
321.142
30
0
11
101.581
21
321.229
31
0
0
LINE
5
ECE
330
C
100
AcDbEntity
8
0
100
AcDbLine
10
101.581
20
321.229
30
0
11
101.622
21
321.319
31
0
0
LINE
5
ECF
330
C
100
AcDbEntity
8
0
100
AcDbLine
10
101.622
20
321.319
30
0
11
101.656
21
321.413
31
0
0
LINE
5
ED0
330
C
100
AcDbEntity
8
0
100
AcDbLine
10
101.656
20
321.413
30
0
11
101.682
21
321.512
31
0
0
LINE
5
ED1
330
C
100
AcDbEntity
8
0
100
AcDbLine
10
101.682
20
321.512
30
0
11
101.701
21
321.615
31
0
0
LINE
5
ED2
330
C
100
AcDbEntity
8
0
100
AcDbLine
10
101.701
20
321.615
30
0
11
101.712
21
321.721
31
0
0
LINE
5
ED3
330
C
100
AcDbEntity
8
0
100
AcDbLine
10
101.712
20
321.721
30
0
11
101.716
21
321.832
31
0
0
LINE
5
ED4
330
C
100
AcDbEntity
8
0
100
AcDbLine
10
101.716
20
321.832
30
0
11
101.716
21
321.832
31
0
0
LINE
5
ED5
330
C
100
AcDbEntity
8
0
100
AcDbLine
10
101.716
20
321.832
30
0
11
101.712
21
321.944
31
0
0
LINE
5
ED6
330
C
100
AcDbEntity
8
0
100
AcDbLine
10
101.712
20
321.944
30
0
11
101.7
21
322.051
31
0
0
LINE
5
ED7
330
C
100
AcDbEntity
8
0
100
AcDbLine
10
101.7
20
322.051
30
0
11
101.679
21
322.154
31
0
0
LINE
5
ED8
330
C
100
AcDbEntity
8
0
100
AcDbLine
10
101.679
20
322.154
30
0
11
101.651
21
322.252
31
0
0
LINE
5
ED9
330
C
100
AcDbEntity
8
0
100
AcDbLine
10
101.651
20
322.252
30
0
11
101.614
21
322.346
31
0
0
LINE
5
EDA
330
C
100
AcDbEntity
8
0
100
AcDbLine
10
101.614
20
322.346
30
0
11
101.569
21
322.435
31
0
0
LINE
5
EDB
330
C
100
AcDbEntity
8
0
100
AcDbLine
10
101.569
20
322.435
30
0
11
101.516
21
322.52
31
0
0
LINE
5
EDC
330
C
100
AcDbEntity
8
0
100
AcDbLine
10
101.516
20
322.52
30
0
11
101.455
21
322.6
31
0
0
LINE
5
EDD
330
C
100
AcDbEntity
8
0
100
AcDbLine
10
101.455
20
322.6
30
0
11
101.386
21
322.676
31
0
0
LINE
5
EDE
330
C
100
AcDbEntity
8
0
100
AcDbLine
10
101.386
20
322.676
30
0
11
101.308
21
322.747
31
0
0
LINE
5
EDF
330
C
100
AcDbEntity
8
0
100
AcDbLine
10
101.308
20
322.747
30
0
11
101.223
21
322.813
31
0
0
LINE
5
EE0
330
C
100
AcDbEntity
8
0
100
AcDbLine
10
101.223
20
322.813
30
0
11
101.129
21
322.871
31
0
0
LINE
5
EE1
330
C
100
AcDbEntity
8
0
100
AcDbLine
10
101.129
20
322.871
30
0
11
101.029
21
322.923
31
0
0
LINE
5
EE2
330
C
100
AcDbEntity
8
0
100
AcDbLine
10
101.029
20
322.923
30
0
11
100.92
21
322.968
31
0
0
LINE
5
EE3
330
C
100
AcDbEntity
8
0
100
AcDbLine
10
100.92
20
322.968
30
0
11
100.804
21
323.006
31
0
0
LINE
5
EE4
330
C
100
AcDbEntity
8
0
100
AcDbLine
10
100.804
20
323.006
30
0
11
100.68
21
323.037
31
0
0
LINE
5
EE5
330
C
100
AcDbEntity
8
0
100
AcDbLine
10
100.68
20
323.037
30
0
11
100.549
21
323.061
31
0
0
LINE
5
EE6
330
C
100
AcDbEntity
8
0
100
AcDbLine
10
100.549
20
323.061
30
0
11
100.409
21
323.078
31
0
0
LINE
5
EE7
330
C
100
AcDbEntity
8
0
100
AcDbLine
10
100.409
20
323.078
30
0
11
100.263
21
323.089
31
0
0
LINE
5
EE8
330
C
100
AcDbEntity
8
0
100
AcDbLine
10
100.263
20
323.089
30
0
11
100.108
21
323.092
31
0
0
LINE
5
EE9
330
C
100
AcDbEntity
8
0
100
AcDbLine
10
100.108
20
323.092
30
0
11
100.108
21
323.092
31
0
0
LINE
5
EEA
330
C
100
AcDbEntity
8
0
100
AcDbLine
10
100.108
20
323.092
30
0
11
98.236
21
323.092
31
0
0
LINE
5
EEB
330
C
100
AcDbEntity
8
0
100
AcDbLine
10
98.236
20
323.092
30
0
11
98.236
21
323.092
31
0
0
LINE
5
EEC
330
C
100
AcDbEntity
8
0
100
AcDbLine
10
100.096
20
326.464
30
0
11
98.236
21
326.464
31
0
0
LINE
5
EED
330
C
100
AcDbEntity
8
0
100
AcDbLine
10
98.236
20
326.464
30
0
11
98.236
21
323.896
31
0
0
LINE
5
EEE
330
C
100
AcDbEntity
8
0
100
AcDbLine
10
98.236
20
323.896
30
0
11
100.084
21
323.896
31
0
0
LINE
5
EEF
330
C
100
AcDbEntity
8
0
100
AcDbLine
10
100.084
20
323.896
30
0
11
100.222
21
323.899
31
0
0
LINE
5
EF0
330
C
100
AcDbEntity
8
0
100
AcDbLine
10
100.222
20
323.899
30
0
11
100.353
21
323.91
31
0
0
LINE
5
EF1
330
C
100
AcDbEntity
8
0
100
AcDbLine
10
100.353
20
323.91
30
0
11
100.48
21
323.927
31
0
0
LINE
5
EF2
330
C
100
AcDbEntity
8
0
100
AcDbLine
10
100.48
20
323.927
30
0
11
100.6
21
323.951
31
0
0
LINE
5
EF3
330
C
100
AcDbEntity
8
0
100
AcDbLine
10
100.6
20
323.951
30
0
11
100.715
21
323.982
31
0
0
LINE
5
EF4
330
C
100
AcDbEntity
8
0
100
AcDbLine
10
100.715
20
323.982
30
0
11
100.824
21
324.02
31
0
0
LINE
5
EF5
330
C
100
AcDbEntity
8
0
100
AcDbLine
10
100.824
20
324.02
30
0
11
100.927
21
324.065
31
0
0
LINE
5
EF6
330
C
100
AcDbEntity
8
0
100
AcDbLine
10
100.927
20
324.065
30
0
11
101.025
21
324.117
31
0
0
LINE
5
EF7
330
C
100
AcDbEntity
8
0
100
AcDbLine
10
101.025
20
324.117
30
0
11
101.117
21
324.175
31
0
0
LINE
5
EF8
330
C
100
AcDbEntity
8
0
100
AcDbLine
10
101.117
20
324.175
30
0
11
101.203
21
324.241
31
0
0
LINE
5
EF9
330
C
100
AcDbEntity
8
0
100
AcDbLine
10
101.203
20
324.241
30
0
11
101.282
21
324.313
31
0
0
LINE
5
EFA
330
C
100
AcDbEntity
8
0
100
AcDbLine
10
101.282
20
324.313
30
0
11
101.353
21
324.39
31
0
0
LINE
5
EFB
330
C
100
AcDbEntity
8
0
100
AcDbLine
10
101.353
20
324.39
30
0
11
101.416
21
324.474
31
0
0
LINE
5
EFC
330
C
100
AcDbEntity
8
0
100
AcDbLine
10
101.416
20
324.474
30
0
11
101.47
21
324.563
31
0
0
LINE
5
EFD
330
C
100
AcDbEntity
8
0
100
AcDbLine
10
101.47
20
324.563
30
0
11
101.516
21
324.657
31
0
0
LINE
5
EFE
330
C
100
AcDbEntity
8
0
100
AcDbLine
10
101.516
20
324.657
30
0
11
101.553
21
324.758
31
0
0
LINE
5
EFF
330
C
100
AcDbEntity
8
0
100
AcDbLine
10
101.553
20
324.758
30
0
11
101.582
21
324.864
31
0
0
LINE
5
F00
330
C
100
AcDbEntity
8
0
100
AcDbLine
10
101.582
20
324.864
30
0
11
101.603
21
324.975
31
0
0
LINE
5
F01
330
C
100
AcDbEntity
8
0
100
AcDbLine
10
101.603
20
324.975
30
0
11
101.616
21
325.093
31
0
0
LINE
5
F02
330
C
100
AcDbEntity
8
0
100
AcDbLine
10
101.616
20
325.093
30
0
11
101.62
21
325.216
31
0
0
LINE
5
F03
330
C
100
AcDbEntity
8
0
100
AcDbLine
10
101.62
20
325.216
30
0
11
101.62
21
325.216
31
0
0
LINE
5
F04
330
C
100
AcDbEntity
8
0
100
AcDbLine
10
101.62
20
325.216
30
0
11
101.616
21
325.331
31
0
0
LINE
5
F05
330
C
100
AcDbEntity
8
0
100
AcDbLine
10
101.616
20
325.331
30
0
11
101.604
21
325.441
31
0
0
LINE
5
F06
330
C
100
AcDbEntity
8
0
100
AcDbLine
10
101.604
20
325.441
30
0
11
101.584
21
325.546
31
0
0
LINE
5
F07
330
C
100
AcDbEntity
8
0
100
AcDbLine
10
101.584
20
325.546
30
0
11
101.555
21
325.645
31
0
0
LINE
5
F08
330
C
100
AcDbEntity
8
0
100
AcDbLine
10
101.555
20
325.645
30
0
11
101.519
21
325.74
31
0
0
LINE
5
F09
330
C
100
AcDbEntity
8
0
100
AcDbLine
10
101.519
20
325.74
30
0
11
101.474
21
325.829
31
0
0
LINE
5
F0A
330
C
100
AcDbEntity
8
0
100
AcDbLine
10
101.474
20
325.829
30
0
11
101.422
21
325.913
31
0
0
LINE
5
F0B
330
C
100
AcDbEntity
8
0
100
AcDbLine
10
101.422
20
325.913
30
0
11
101.361
21
325.992
31
0
0
LINE
5
F0C
330
C
100
AcDbEntity
8
0
100
AcDbLine
10
101.361
20
325.992
30
0
11
101.292
21
326.065
31
0
0
LINE
5
F0D
330
C
100
AcDbEntity
8
0
100
AcDbLine
10
101.292
20
326.065
30
0
11
101.215
21
326.134
31
0
0
LINE
5
F0E
330
C
100
AcDbEntity
8
0
100
AcDbLine
10
101.215
20
326.134
30
0
11
101.131
21
326.197
31
0
0
LINE
5
F0F
330
C
100
AcDbEntity
8
0
100
AcDbLine
10
101.131
20
326.197
30
0
11
101.041
21
326.253
31
0
0
LINE
5
F10
330
C
100
AcDbEntity
8
0
100
AcDbLine
10
101.041
20
326.253
30
0
11
100.944
21
326.302
31
0
0
LINE
5
F11
330
C
100
AcDbEntity
8
0
100
AcDbLine
10
100.944
20
326.302
30
0
11
100.842
21
326.345
31
0
0
LINE
5
F12
330
C
100
AcDbEntity
8
0
100
AcDbLine
10
100.842
20
326.345
30
0
11
100.733
21
326.382
31
0
0
LINE
5
F13
330
C
100
AcDbEntity
8
0
100
AcDbLine
10
100.733
20
326.382
30
0
11
100.618
21
326.411
31
0
0
LINE
5
F14
330
C
100
AcDbEntity
8
0
100
AcDbLine
10
100.618
20
326.411
30
0
11
100.497
21
326.434
31
0
0
LINE
5
F15
330
C
100
AcDbEntity
8
0
100
AcDbLine
10
100.497
20
326.434
30
0
11
100.369
21
326.451
31
0
0
LINE
5
F16
330
C
100
AcDbEntity
8
0
100
AcDbLine
10
100.369
20
326.451
30
0
11
100.236
21
326.461
31
0
0
LINE
5
F17
330
C
100
AcDbEntity
8
0
100
AcDbLine
10
100.236
20
326.461
30
0
11
100.096
21
326.464
31
0
0
LINE
5
F18
330
C
100
AcDbEntity
8
0
100
AcDbLine
10
100.096
20
326.464
30
0
11
100.096
21
326.464
31
0
0
LINE
5
F19
330
C
100
AcDbEntity
8
0
100
AcDbLine
10
100.096
20
326.464
30
0
11
100.096
21
326.464
31
0
0
LINE
5
F1A
330
C
100
AcDbEntity
8
0
100
AcDbLine
10
106.834
20
319.588
30
0
11
106.834
21
319.588
31
0
0
LINE
5
F1B
330
C
100
AcDbEntity
8
0
100
AcDbLine
10
106.834
20
319.588
30
0
11
106.681
21
319.591
31
0
0
LINE
5
F1C
330
C
100
AcDbEntity
8
0
100
AcDbLine
10
106.681
20
319.591
30
0
11
106.531
21
319.602
31
0
0
LINE
5
F1D
330
C
100
AcDbEntity
8
0
100
AcDbLine
10
106.531
20
319.602
30
0
11
106.385
21
319.619
31
0
0
LINE
5
F1E
330
C
100
AcDbEntity
8
0
100
AcDbLine
10
106.385
20
319.619
30
0
11
106.242
21
319.643
31
0
0
LINE
5
F1F
330
C
100
AcDbEntity
8
0
100
AcDbLine
10
106.242
20
319.643
30
0
11
106.103
21
319.673
31
0
0
LINE
5
F20
330
C
100
AcDbEntity
8
0
100
AcDbLine
10
106.103
20
319.673
30
0
11
105.967
21
319.711
31
0
0
LINE
5
F21
330
C
100
AcDbEntity
8
0
100
AcDbLine
10
105.967
20
319.711
30
0
11
105.834
21
319.756
31
0
0
LINE
5
F22
330
C
100
AcDbEntity
8
0
100
AcDbLine
10
105.834
20
319.756
30
0
11
105.705
21
319.807
31
0
0
LINE
5
F23
330
C
100
AcDbEntity
8
0
100
AcDbLine
10
105.705
20
319.807
30
0
11
105.579
21
319.865
31
0
0
LINE
5
F24
330
C
100
AcDbEntity
8
0
100
AcDbLine
10
105.579
20
319.865
30
0
11
105.457
21
319.93
31
0
0
LINE
5
F25
330
C
100
AcDbEntity
8
0
100
AcDbLine
10
105.457
20
319.93
30
0
11
105.339
21
320.002
31
0
0
LINE
5
F26
330
C
100
AcDbEntity
8
0
100
AcDbLine
10
105.339
20
320.002
30
0
11
105.226
21
320.08
31
0
0
LINE
5
F27
330
C
100
AcDbEntity
8
0
100
AcDbLine
10
105.226
20
320.08
30
0
11
105.118
21
320.165
31
0
0
LINE
5
F28
330
C
100
AcDbEntity
8
0
100
AcDbLine
10
105.118
20
320.165
30
0
11
105.015
21
320.256
31
0
0
LINE
5
F29
330
C
100
AcDbEntity
8
0
100
AcDbLine
10
105.015
20
320.256
30
0
11
104.918
21
320.354
31
0
0
LINE
5
F2A
330
C
100
AcDbEntity
8
0
100
AcDbLine
10
104.918
20
320.354
30
0
11
104.825
21
320.459
31
0
0
LINE
5
F2B
330
C
100
AcDbEntity
8
0
100
AcDbLine
10
104.825
20
320.459
30
0
11
104.738
21
320.57
31
0
0
LINE
5
F2C
330
C
100
AcDbEntity
8
0
100
AcDbLine
10
104.738
20
320.57
30
0
11
104.655
21
320.688
31
0
0
LINE
5
F2D
330
C
100
AcDbEntity
8
0
100
AcDbLine
10
104.655
20
320.688
30
0
11
104.578
21
320.813
31
0
0
LINE
5
F2E
330
C
100
AcDbEntity
8
0
100
AcDbLine
10
104.578
20
320.813
30
0
11
104.506
21
320.944
31
0
0
LINE
5
F2F
330
C
100
AcDbEntity
8
0
100
AcDbLine
10
104.506
20
320.944
30
0
11
104.44
21
321.082
31
0
0
LINE
5
F30
330
C
100
AcDbEntity
8
0
100
AcDbLine
10
104.44
20
321.082
30
0
11
104.381
21
321.225
31
0
0
LINE
5
F31
330
C
100
AcDbEntity
8
0
100
AcDbLine
10
104.381
20
321.225
30
0
11
104.329
21
321.375
31
0
0
LINE
5
F32
330
C
100
AcDbEntity
8
0
100
AcDbLine
10
104.329
20
321.375
30
0
11
104.283
21
321.532
31
0
0
LINE
5
F33
330
C
100
AcDbEntity
8
0
100
AcDbLine
10
104.283
20
321.532
30
0
11
104.245
21
321.694
31
0
0
LINE
5
F34
330
C
100
AcDbEntity
8
0
100
AcDbLine
10
104.245
20
321.694
30
0
11
104.214
21
321.863
31
0
0
LINE
5
F35
330
C
100
AcDbEntity
8
0
100
AcDbLine
10
104.214
20
321.863
30
0
11
104.189
21
322.038
31
0
0
LINE
5
F36
330
C
100
AcDbEntity
8
0
100
AcDbLine
10
104.189
20
322.038
30
0
11
104.172
21
322.219
31
0
0
LINE
5
F37
330
C
100
AcDbEntity
8
0
100
AcDbLine
10
104.172
20
322.219
30
0
11
104.161
21
322.406
31
0
0
LINE
5
F38
330
C
100
AcDbEntity
8
0
100
AcDbLine
10
104.161
20
322.406
30
0
11
104.158
21
322.6
31
0
0
LINE
5
F39
330
C
100
AcDbEntity
8
0
100
AcDbLine
10
104.158
20
322.6
30
0
11
104.158
21
322.6
31
0
0
LINE
5
F3A
330
C
100
AcDbEntity
8
0
100
AcDbLine
10
104.158
20
322.6
30
0
11
104.161
21
322.795
31
0
0
LINE
5
F3B
330
C
100
AcDbEntity
8
0
100
AcDbLine
10
104.161
20
322.795
30
0
11
104.172
21
322.983
31
0
0
LINE
5
F3C
330
C
100
AcDbEntity
8
0
100
AcDbLine
10
104.172
20
322.983
30
0
11
104.189
21
323.165
31
0
0
LINE
5
F3D
330
C
100
AcDbEntity
8
0
100
AcDbLine
10
104.189
20
323.165
30
0
11
104.214
21
323.341
31
0
0
LINE
5
F3E
330
C
100
AcDbEntity
8
0
100
AcDbLine
10
104.214
20
323.341
30
0
11
104.245
21
323.51
31
0
0
LINE
5
F3F
330
C
100
AcDbEntity
8
0
100
AcDbLine
10
104.245
20
323.51
30
0
11
104.283
21
323.672
31
0
0
LINE
5
F40
330
C
100
AcDbEntity
8
0
100
AcDbLine
10
104.283
20
323.672
30
0
11
104.329
21
323.829
31
0
0
LINE
5
F41
330
C
100
AcDbEntity
8
0
100
AcDbLine
10
104.329
20
323.829
30
0
11
104.381
21
323.979
31
0
0
LINE
5
F42
330
C
100
AcDbEntity
8
0
100
AcDbLine
10
104.381
20
323.979
30
0
11
104.44
21
324.122
31
0
0
LINE
5
F43
330
C
100
AcDbEntity
8
0
100
AcDbLine
10
104.44
20
324.122
30
0
11
104.506
21
324.259
31
0
0
LINE
5
F44
330
C
100
AcDbEntity
8
0
100
AcDbLine
10
104.506
20
324.259
30
0
11
104.578
21
324.39
31
0
0
LINE
5
F45
330
C
100
AcDbEntity
8
0
100
AcDbLine
10
104.578
20
324.39
30
0
11
104.655
21
324.514
31
0
0
LINE
5
F46
330
C
100
AcDbEntity
8
0
100
AcDbLine
10
104.655
20
324.514
30
0
11
104.738
21
324.631
31
0
0
LINE
5
F47
330
C
100
AcDbEntity
8
0
100
AcDbLine
10
104.738
20
324.631
30
0
11
104.825
21
324.742
31
0
0
LINE
5
F48
330
C
100
AcDbEntity
8
0
100
AcDbLine
10
104.825
20
324.742
30
0
11
104.918
21
324.846
31
0
0
LINE
5
F49
330
C
100
AcDbEntity
8
0
100
AcDbLine
10
104.918
20
324.846
30
0
11
105.015
21
324.944
31
0
0
LINE
5
F4A
330
C
100
AcDbEntity
8
0
100
AcDbLine
10
105.015
20
324.944
30
0
11
105.118
21
325.035
31
0
0
LINE
5
F4B
330
C
100
AcDbEntity
8
0
100
AcDbLine
10
105.118
20
325.035
30
0
11
105.226
21
325.12
31
0
0
LINE
5
F4C
330
C
100
AcDbEntity
8
0
100
AcDbLine
10
105.226
20
325.12
30
0
11
105.339
21
325.198
31
0
0
LINE
5
F4D
330
C
100
AcDbEntity
8
0
100
AcDbLine
10
105.339
20
325.198
30
0
11
105.457
21
325.27
31
0
0
LINE
5
F4E
330
C
100
AcDbEntity
8
0
100
AcDbLine
10
105.457
20
325.27
30
0
11
105.579
21
325.335
31
0
0
LINE
5
F4F
330
C
100
AcDbEntity
8
0
100
AcDbLine
10
105.579
20
325.335
30
0
11
105.705
21
325.393
31
0
0
LINE
5
F50
330
C
100
AcDbEntity
8
0
100
AcDbLine
10
105.705
20
325.393
30
0
11
105.834
21
325.444
31
0
0
LINE
5
F51
330
C
100
AcDbEntity
8
0
100
AcDbLine
10
105.834
20
325.444
30
0
11
105.967
21
325.489
31
0
0
LINE
5
F52
330
C
100
AcDbEntity
8
0
100
AcDbLine
10
105.967
20
325.489
30
0
11
106.103
21
325.526
31
0
0
LINE
5
F53
330
C
100
AcDbEntity
8
0
100
AcDbLine
10
106.103
20
325.526
30
0
11
106.242
21
325.557
31
0
0
LINE
5
F54
330
C
100
AcDbEntity
8
0
100
AcDbLine
10
106.242
20
325.557
30
0
11
106.385
21
325.581
31
0
0
LINE
5
F55
330
C
100
AcDbEntity
8
0
100
AcDbLine
10
106.385
20
325.581
30
0
11
106.531
21
325.598
31
0
0
LINE
5
F56
330
C
100
AcDbEntity
8
0
100
AcDbLine
10
106.531
20
325.598
30
0
11
106.681
21
325.609
31
0
0
LINE
5
F57
330
C
100
AcDbEntity
8
0
100
AcDbLine
10
106.681
20
325.609
30
0
11
106.834
21
325.612
31
0
0
LINE
5
F58
330
C
100
AcDbEntity
8
0
100
AcDbLine
10
106.834
20
325.612
30
0
11
106.834
21
325.612
31
0
0
LINE
5
F59
330
C
100
AcDbEntity
8
0
100
AcDbLine
10
106.834
20
325.612
30
0
11
106.986
21
325.609
31
0
0
LINE
5
F5A
330
C
100
AcDbEntity
8
0
100
AcDbLine
10
106.986
20
325.609
30
0
11
107.135
21
325.598
31
0
0
LINE
5
F5B
330
C
100
AcDbEntity
8
0
100
AcDbLine
10
107.135
20
325.598
30
0
11
107.28
21
325.581
31
0
0
LINE
5
F5C
330
C
100
AcDbEntity
8
0
100
AcDbLine
10
107.28
20
325.581
30
0
11
107.422
21
325.557
31
0
0
LINE
5
F5D
330
C
100
AcDbEntity
8
0
100
AcDbLine
10
107.422
20
325.557
30
0
11
107.561
21
325.526
31
0
0
LINE
5
F5E
330
C
100
AcDbEntity
8
0
100
AcDbLine
10
107.561
20
325.526
30
0
11
107.696
21
325.489
31
0
0
LINE
5
F5F
330
C
100
AcDbEntity
8
0
100
AcDbLine
10
107.696
20
325.489
30
0
11
107.828
21
325.444
31
0
0
LINE
5
F60
330
C
100
AcDbEntity
8
0
100
AcDbLine
10
107.828
20
325.444
30
0
11
107.957
21
325.393
31
0
0
LINE
5
F61
330
C
100
AcDbEntity
8
0
100
AcDbLine
10
107.957
20
325.393
30
0
11
108.083
21
325.335
31
0
0
LINE
5
F62
330
C
100
AcDbEntity
8
0
100
AcDbLine
10
108.083
20
325.335
30
0
11
108.205
21
325.27
31
0
0
LINE
5
F63
330
C
100
AcDbEntity
8
0
100
AcDbLine
10
108.205
20
325.27
30
0
11
108.323
21
325.198
31
0
0
LINE
5
F64
330
C
100
AcDbEntity
8
0
100
AcDbLine
10
108.323
20
325.198
30
0
11
108.436
21
325.12
31
0
0
LINE
5
F65
330
C
100
AcDbEntity
8
0
100
AcDbLine
10
108.436
20
325.12
30
0
11
108.544
21
325.035
31
0
0
LINE
5
F66
330
C
100
AcDbEntity
8
0
100
AcDbLine
10
108.544
20
325.035
30
0
11
108.646
21
324.944
31
0
0
LINE
5
F67
330
C
100
AcDbEntity
8
0
100
AcDbLine
10
108.646
20
324.944
30
0
11
108.743
21
324.846
31
0
0
LINE
5
F68
330
C
100
AcDbEntity
8
0
100
AcDbLine
10
108.743
20
324.846
30
0
11
108.836
21
324.742
31
0
0
LINE
5
F69
330
C
100
AcDbEntity
8
0
100
AcDbLine
10
108.836
20
324.742
30
0
11
108.923
21
324.631
31
0
0
LINE
5
F6A
330
C
100
AcDbEntity
8
0
100
AcDbLine
10
108.923
20
324.631
30
0
11
109.005
21
324.514
31
0
0
LINE
5
F6B
330
C
100
AcDbEntity
8
0
100
AcDbLine
10
109.005
20
324.514
30
0
11
109.081
21
324.39
31
0
0
LINE
5
F6C
330
C
100
AcDbEntity
8
0
100
AcDbLine
10
109.081
20
324.39
30
0
11
109.153
21
324.259
31
0
0
LINE
5
F6D
330
C
100
AcDbEntity
8
0
100
AcDbLine
10
109.153
20
324.259
30
0
11
109.219
21
324.122
31
0
0
LINE
5
F6E
330
C
100
AcDbEntity
8
0
100
AcDbLine
10
109.219
20
324.122
30
0
11
109.277
21
323.979
31
0
0
LINE
5
F6F
330
C
100
AcDbEntity
8
0
100
AcDbLine
10
109.277
20
323.979
30
0
11
109.329
21
323.829
31
0
0
LINE
5
F70
330
C
100
AcDbEntity
8
0
100
AcDbLine
10
109.329
20
323.829
30
0
11
109.374
21
323.672
31
0
0
LINE
5
F71
330
C
100
AcDbEntity
8
0
100
AcDbLine
10
109.374
20
323.672
30
0
11
109.412
21
323.51
31
0
0
LINE
5
F72
330
C
100
AcDbEntity
8
0
100
AcDbLine
10
109.412
20
323.51
30
0
11
109.443
21
323.341
31
0
0
LINE
5
F73
330
C
100
AcDbEntity
8
0
100
AcDbLine
10
109.443
20
323.341
30
0
11
109.467
21
323.165
31
0
0
LINE
5
F74
330
C
100
AcDbEntity
8
0
100
AcDbLine
10
109.467
20
323.165
30
0
11
109.484
21
322.983
31
0
0
LINE
5
F75
330
C
100
AcDbEntity
8
0
100
AcDbLine
10
109.484
20
322.983
30
0
11
109.495
21
322.795
31
0
0
LINE
5
F76
330
C
100
AcDbEntity
8
0
100
AcDbLine
10
109.495
20
322.795
30
0
11
109.498
21
322.6
31
0
0
LINE
5
F77
330
C
100
AcDbEntity
8
0
100
AcDbLine
10
109.498
20
322.6
30
0
11
109.498
21
322.6
31
0
0
LINE
5
F78
330
C
100
AcDbEntity
8
0
100
AcDbLine
10
109.498
20
322.6
30
0
11
109.495
21
322.406
31
0
0
LINE
5
F79
330
C
100
AcDbEntity
8
0
100
AcDbLine
10
109.495
20
322.406
30
0
11
109.484
21
322.219
31
0
0
LINE
5
F7A
330
C
100
AcDbEntity
8
0
100
AcDbLine
10
109.484
20
322.219
30
0
11
109.467
21
322.038
31
0
0
LINE
5
F7B
330
C
100
AcDbEntity
8
0
100
AcDbLine
10
109.467
20
322.038
30
0
11
109.443
21
321.863
31
0
0
LINE
5
F7C
330
C
100
AcDbEntity
8
0
100
AcDbLine
10
109.443
20
321.863
30
0
11
109.412
21
321.694
31
0
0
LINE
5
F7D
330
C
100
AcDbEntity
8
0
100
AcDbLine
10
109.412
20
321.694
30
0
11
109.374
21
321.532
31
0
0
LINE
5
F7E
330
C
100
AcDbEntity
8
0
100
AcDbLine
10
109.374
20
321.532
30
0
11
109.329
21
321.375
31
0
0
LINE
5
F7F
330
C
100
AcDbEntity
8
0
100
AcDbLine
10
109.329
20
321.375
30
0
11
109.277
21
321.225
31
0
0
LINE
5
F80
330
C
100
AcDbEntity
8
0
100
AcDbLine
10
109.277
20
321.225
30
0
11
109.219
21
321.082
31
0
0
LINE
5
F81
330
C
100
AcDbEntity
8
0
100
AcDbLine
10
109.219
20
321.082
30
0
11
109.153
21
320.944
31
0
0
LINE
5
F82
330
C
100
AcDbEntity
8
0
100
AcDbLine
10
109.153
20
320.944
30
0
11
109.081
21
320.813
31
0
0
LINE
5
F83
330
C
100
AcDbEntity
8
0
100
AcDbLine
10
109.081
20
320.813
30
0
11
109.005
21
320.688
31
0
0
LINE
5
F84
330
C
100
AcDbEntity
8
0
100
AcDbLine
10
109.005
20
320.688
30
0
11
108.923
21
320.57
31
0
0
LINE
5
F85
330
C
100
AcDbEntity
8
0
100
AcDbLine
10
108.923
20
320.57
30
0
11
108.836
21
320.459
31
0
0
LINE
5
F86
330
C
100
AcDbEntity
8
0
100
AcDbLine
10
108.836
20
320.459
30
0
11
108.743
21
320.354
31
0
0
LINE
5
F87
330
C
100
AcDbEntity
8
0
100
AcDbLine
10
108.743
20
320.354
30
0
11
108.646
21
320.256
31
0
0
LINE
5
F88
330
C
100
AcDbEntity
8
0
100
AcDbLine
10
108.646
20
320.256
30
0
11
108.544
21
320.165
31
0
0
LINE
5
F89
330
C
100
AcDbEntity
8
0
100
AcDbLine
10
108.544
20
320.165
30
0
11
108.436
21
320.08
31
0
0
LINE
5
F8A
330
C
100
AcDbEntity
8
0
100
AcDbLine
10
108.436
20
320.08
30
0
11
108.323
21
320.002
31
0
0
LINE
5
F8B
330
C
100
AcDbEntity
8
0
100
AcDbLine
10
108.323
20
320.002
30
0
11
108.205
21
319.93
31
0
0
LINE
5
F8C
330
C
100
AcDbEntity
8
0
100
AcDbLine
10
108.205
20
319.93
30
0
11
108.083
21
319.865
31
0
0
LINE
5
F8D
330
C
100
AcDbEntity
8
0
100
AcDbLine
10
108.083
20
319.865
30
0
11
107.957
21
319.807
31
0
0
LINE
5
F8E
330
C
100
AcDbEntity
8
0
100
AcDbLine
10
107.957
20
319.807
30
0
11
107.828
21
319.756
31
0
0
LINE
5
F8F
330
C
100
AcDbEntity
8
0
100
AcDbLine
10
107.828
20
319.756
30
0
11
107.696
21
319.711
31
0
0
LINE
5
F90
330
C
100
AcDbEntity
8
0
100
AcDbLine
10
107.696
20
319.711
30
0
11
107.561
21
319.673
31
0
0
LINE
5
F91
330
C
100
AcDbEntity
8
0
100
AcDbLine
10
107.561
20
319.673
30
0
11
107.422
21
319.643
31
0
0
LINE
5
F92
330
C
100
AcDbEntity
8
0
100
AcDbLine
10
107.422
20
319.643
30
0
11
107.28
21
319.619
31
0
0
LINE
5
F93
330
C
100
AcDbEntity
8
0
100
AcDbLine
10
107.28
20
319.619
30
0
11
107.135
21
319.602
31
0
0
LINE
5
F94
330
C
100
AcDbEntity
8
0
100
AcDbLine
10
107.135
20
319.602
30
0
11
106.986
21
319.591
31
0
0
LINE
5
F95
330
C
100
AcDbEntity
8
0
100
AcDbLine
10
106.986
20
319.591
30
0
11
106.834
21
319.588
31
0
0
LINE
5
F96
330
C
100
AcDbEntity
8
0
100
AcDbLine
10
106.834
20
319.588
30
0
11
106.834
21
319.588
31
0
0
LINE
5
F97
330
C
100
AcDbEntity
8
0
100
AcDbLine
10
106.81
20
320.404
30
0
11
106.81
21
320.404
31
0
0
LINE
5
F98
330
C
100
AcDbEntity
8
0
100
AcDbLine
10
106.81
20
320.404
30
0
11
106.92
21
320.407
31
0
0
LINE
5
F99
330
C
100
AcDbEntity
8
0
100
AcDbLine
10
106.92
20
320.407
30
0
11
107.026
21
320.415
31
0
0
LINE
5
F9A
330
C
100
AcDbEntity
8
0
100
AcDbLine
10
107.026
20
320.415
30
0
11
107.13
21
320.428
31
0
0
LINE
5
F9B
330
C
100
AcDbEntity
8
0
100
AcDbLine
10
107.13
20
320.428
30
0
11
107.23
21
320.447
31
0
0
LINE
5
F9C
330
C
100
AcDbEntity
8
0
100
AcDbLine
10
107.23
20
320.447
30
0
11
107.326
21
320.471
31
0
0
LINE
5
F9D
330
C
100
AcDbEntity
8
0
100
AcDbLine
10
107.326
20
320.471
30
0
11
107.419
21
320.5
31
0
0
LINE
5
F9E
330
C
100
AcDbEntity
8
0
100
AcDbLine
10
107.419
20
320.5
30
0
11
107.509
21
320.535
31
0
0
LINE
5
F9F
330
C
100
AcDbEntity
8
0
100
AcDbLine
10
107.509
20
320.535
30
0
11
107.595
21
320.575
31
0
0
LINE
5
FA0
330
C
100
AcDbEntity
8
0
100
AcDbLine
10
107.595
20
320.575
30
0
11
107.678
21
320.62
31
0
0
LINE
5
FA1
330
C
100
AcDbEntity
8
0
100
AcDbLine
10
107.678
20
320.62
30
0
11
107.758
21
320.671
31
0
0
LINE
5
FA2
330
C
100
AcDbEntity
8
0
100
AcDbLine
10
107.758
20
320.671
30
0
11
107.834
21
320.727
31
0
0
LINE
5
FA3
330
C
100
AcDbEntity
8
0
100
AcDbLine
10
107.834
20
320.727
30
0
11
107.906
21
320.787
31
0
0
LINE
5
FA4
330
C
100
AcDbEntity
8
0
100
AcDbLine
10
107.906
20
320.787
30
0
11
107.975
21
320.851
31
0
0
LINE
5
FA5
330
C
100
AcDbEntity
8
0
100
AcDbLine
10
107.975
20
320.851
30
0
11
108.04
21
320.921
31
0
0
LINE
5
FA6
330
C
100
AcDbEntity
8
0
100
AcDbLine
10
108.04
20
320.921
30
0
11
108.101
21
320.994
31
0
0
LINE
5
FA7
330
C
100
AcDbEntity
8
0
100
AcDbLine
10
108.101
20
320.994
30
0
11
108.158
21
321.072
31
0
0
LINE
5
FA8
330
C
100
AcDbEntity
8
0
100
AcDbLine
10
108.158
20
321.072
30
0
11
108.211
21
321.155
31
0
0
LINE
5
FA9
330
C
100
AcDbEntity
8
0
100
AcDbLine
10
108.211
20
321.155
30
0
11
108.261
21
321.242
31
0
0
LINE
5
FAA
330
C
100
AcDbEntity
8
0
100
AcDbLine
10
108.261
20
321.242
30
0
11
108.307
21
321.334
31
0
0
LINE
5
FAB
330
C
100
AcDbEntity
8
0
100
AcDbLine
10
108.307
20
321.334
30
0
11
108.349
21
321.43
31
0
0
LINE
5
FAC
330
C
100
AcDbEntity
8
0
100
AcDbLine
10
108.349
20
321.43
30
0
11
108.387
21
321.53
31
0
0
LINE
5
FAD
330
C
100
AcDbEntity
8
0
100
AcDbLine
10
108.387
20
321.53
30
0
11
108.421
21
321.634
31
0
0
LINE
5
FAE
330
C
100
AcDbEntity
8
0
100
AcDbLine
10
108.421
20
321.634
30
0
11
108.452
21
321.742
31
0
0
LINE
5
FAF
330
C
100
AcDbEntity
8
0
100
AcDbLine
10
108.452
20
321.742
30
0
11
108.478
21
321.853
31
0
0
LINE
5
FB0
330
C
100
AcDbEntity
8
0
100
AcDbLine
10
108.478
20
321.853
30
0
11
108.5
21
321.969
31
0
0
LINE
5
FB1
330
C
100
AcDbEntity
8
0
100
AcDbLine
10
108.5
20
321.969
30
0
11
108.518
21
322.087
31
0
0
LINE
5
FB2
330
C
100
AcDbEntity
8
0
100
AcDbLine
10
108.518
20
322.087
30
0
11
108.532
21
322.21
31
0
0
LINE
5
FB3
330
C
100
AcDbEntity
8
0
100
AcDbLine
10
108.532
20
322.21
30
0
11
108.542
21
322.336
31
0
0
LINE
5
FB4
330
C
100
AcDbEntity
8
0
100
AcDbLine
10
108.542
20
322.336
30
0
11
108.548
21
322.466
31
0
0
LINE
5
FB5
330
C
100
AcDbEntity
8
0
100
AcDbLine
10
108.548
20
322.466
30
0
11
108.55
21
322.6
31
0
0
LINE
5
FB6
330
C
100
AcDbEntity
8
0
100
AcDbLine
10
108.55
20
322.6
30
0
11
108.55
21
322.6
31
0
0
LINE
5
FB7
330
C
100
AcDbEntity
8
0
100
AcDbLine
10
108.55
20
322.6
30
0
11
108.546
21
322.801
31
0
0
LINE
5
FB8
330
C
100
AcDbEntity
8
0
100
AcDbLine
10
108.546
20
322.801
30
0
11
108.533
21
322.993
31
0
0
LINE
5
FB9
330
C
100
AcDbEntity
8
0
100
AcDbLine
10
108.533
20
322.993
30
0
11
108.512
21
323.176
31
0
0
LINE
5
FBA
330
C
100
AcDbEntity
8
0
100
AcDbLine
10
108.512
20
323.176
30
0
11
108.482
21
323.351
31
0
0
LINE
5
FBB
330
C
100
AcDbEntity
8
0
100
AcDbLine
10
108.482
20
323.351
30
0
11
108.444
21
323.517
31
0
0
LINE
5
FBC
330
C
100
AcDbEntity
8
0
100
AcDbLine
10
108.444
20
323.517
30
0
11
108.397
21
323.675
31
0
0
LINE
5
FBD
330
C
100
AcDbEntity
8
0
100
AcDbLine
10
108.397
20
323.675
30
0
11
108.341
21
323.823
31
0
0
LINE
5
FBE
330
C
100
AcDbEntity
8
0
100
AcDbLine
10
108.341
20
323.823
30
0
11
108.277
21
323.963
31
0
0
LINE
5
FBF
330
C
100
AcDbEntity
8
0
100
AcDbLine
10
108.277
20
323.963
30
0
11
108.205
21
324.094
31
0
0
LINE
5
FC0
330
C
100
AcDbEntity
8
0
100
AcDbLine
10
108.205
20
324.094
30
0
11
108.124
21
324.217
31
0
0
LINE
5
FC1
330
C
100
AcDbEntity
8
0
100
AcDbLine
10
108.124
20
324.217
30
0
11
108.035
21
324.329
31
0
0
LINE
5
FC2
330
C
100
AcDbEntity
8
0
100
AcDbLine
10
108.035
20
324.329
30
0
11
107.937
21
324.43
31
0
0
LINE
5
FC3
330
C
100
AcDbEntity
8
0
100
AcDbLine
10
107.937
20
324.43
30
0
11
107.831
21
324.518
31
0
0
LINE
5
FC4
330
C
100
AcDbEntity
8
0
100
AcDbLine
10
107.831
20
324.518
30
0
11
107.717
21
324.595
31
0
0
LINE
5
FC5
330
C
100
AcDbEntity
8
0
100
AcDbLine
10
107.717
20
324.595
30
0
11
107.594
21
324.66
31
0
0
LINE
5
FC6
330
C
100
AcDbEntity
8
0
100
AcDbLine
10
107.594
20
324.66
30
0
11
107.464
21
324.713
31
0
0
LINE
5
FC7
330
C
100
AcDbEntity
8
0
100
AcDbLine
10
107.464
20
324.713
30
0
11
107.325
21
324.755
31
0
0
LINE
5
FC8
330
C
100
AcDbEntity
8
0
100
AcDbLine
10
107.325
20
324.755
30
0
11
107.177
21
324.784
31
0
0
LINE
5
FC9
330
C
100
AcDbEntity
8
0
100
AcDbLine
10
107.177
20
324.784
30
0
11
107.022
21
324.802
31
0
0
LINE
5
FCA
330
C
100
AcDbEntity
8
0
100
AcDbLine
10
107.022
20
324.802
30
0
11
106.858
21
324.808
31
0
0
LINE
5
FCB
330
C
100
AcDbEntity
8
0
100
AcDbLine
10
106.858
20
324.808
30
0
11
106.858
21
324.808
31
0
0
LINE
5
FCC
330
C
100
AcDbEntity
8
0
100
AcDbLine
10
106.858
20
324.808
30
0
11
106.747
21
324.805
31
0
0
LINE
5
FCD
330
C
100
AcDbEntity
8
0
100
AcDbLine
10
106.747
20
324.805
30
0
11
106.639
21
324.797
31
0
0
LINE
5
FCE
330
C
100
AcDbEntity
8
0
100
AcDbLine
10
106.639
20
324.797
30
0
11
106.536
21
324.784
31
0
0
LINE
5
FCF
330
C
100
AcDbEntity
8
0
100
AcDbLine
10
106.536
20
324.784
30
0
11
106.435
21
324.765
31
0
0
LINE
5
FD0
330
C
100
AcDbEntity
8
0
100
AcDbLine
10
106.435
20
324.765
30
0
11
106.338
21
324.741
31
0
0
LINE
5
FD1
330
C
100
AcDbEntity
8
0
100
AcDbLine
10
106.338
20
324.741
30
0
11
106.245
21
324.712
31
0
0
LINE
5
FD2
330
C
100
AcDbEntity
8
0
100
AcDbLine
10
106.245
20
324.712
30
0
11
106.155
21
324.677
31
0
0
LINE
5
FD3
330
C
100
AcDbEntity
8
0
100
AcDbLine
10
106.155
20
324.677
30
0
11
106.069
21
324.637
31
0
0
LINE
5
FD4
330
C
100
AcDbEntity
8
0
100
AcDbLine
10
106.069
20
324.637
30
0
11
105.986
21
324.592
31
0
0
LINE
5
FD5
330
C
100
AcDbEntity
8
0
100
AcDbLine
10
105.986
20
324.592
30
0
11
105.907
21
324.541
31
0
0
LINE
5
FD6
330
C
100
AcDbEntity
8
0
100
AcDbLine
10
105.907
20
324.541
30
0
11
105.831
21
324.485
31
0
0
LINE
5
FD7
330
C
100
AcDbEntity
8
0
100
AcDbLine
10
105.831
20
324.485
30
0
11
105.76
21
324.425
31
0
0
LINE
5
FD8
330
C
100
AcDbEntity
8
0
100
AcDbLine
10
105.76
20
324.425
30
0
11
105.692
21
324.36
31
0
0
LINE
5
FD9
330
C
100
AcDbEntity
8
0
100
AcDbLine
10
105.692
20
324.36
30
0
11
105.627
21
324.291
31
0
0
LINE
5
FDA
330
C
100
AcDbEntity
8
0
100
AcDbLine
10
105.627
20
324.291
30
0
11
105.567
21
324.217
31
0
0
LINE
5
FDB
330
C
100
AcDbEntity
8
0
100
AcDbLine
10
105.567
20
324.217
30
0
11
105.51
21
324.139
31
0
0
LINE
5
FDC
330
C
100
AcDbEntity
8
0
100
AcDbLine
10
105.51
20
324.139
30
0
11
105.456
21
324.055
31
0
0
LINE
5
FDD
330
C
100
AcDbEntity
8
0
100
AcDbLine
10
105.456
20
324.055
30
0
11
105.407
21
323.968
31
0
0
LINE
5
FDE
330
C
100
AcDbEntity
8
0
100
AcDbLine
10
105.407
20
323.968
30
0
11
105.361
21
323.876
31
0
0
LINE
5
FDF
330
C
100
AcDbEntity
8
0
100
AcDbLine
10
105.361
20
323.876
30
0
11
105.319
21
323.779
31
0
0
LINE
5
FE0
330
C
100
AcDbEntity
8
0
100
AcDbLine
10
105.319
20
323.779
30
0
11
105.281
21
323.678
31
0
0
LINE
5
FE1
330
C
100
AcDbEntity
8
0
100
AcDbLine
10
105.281
20
323.678
30
0
11
105.247
21
323.573
31
0
0
LINE
5
FE2
330
C
100
AcDbEntity
8
0
100
AcDbLine
10
105.247
20
323.573
30
0
11
105.216
21
323.465
31
0
0
LINE
5
FE3
330
C
100
AcDbEntity
8
0
100
AcDbLine
10
105.216
20
323.465
30
0
11
105.19
21
323.353
31
0
0
LINE
5
FE4
330
C
100
AcDbEntity
8
0
100
AcDbLine
10
105.19
20
323.353
30
0
11
105.168
21
323.237
31
0
0
LINE
5
FE5
330
C
100
AcDbEntity
8
0
100
AcDbLine
10
105.168
20
323.237
30
0
11
105.15
21
323.117
31
0
0
LINE
5
FE6
330
C
100
AcDbEntity
8
0
100
AcDbLine
10
105.15
20
323.117
30
0
11
105.136
21
322.993
31
0
0
LINE
5
FE7
330
C
100
AcDbEntity
8
0
100
AcDbLine
10
105.136
20
322.993
30
0
11
105.126
21
322.866
31
0
0
LINE
5
FE8
330
C
100
AcDbEntity
8
0
100
AcDbLine
10
105.126
20
322.866
30
0
11
105.12
21
322.735
31
0
0
LINE
5
FE9
330
C
100
AcDbEntity
8
0
100
AcDbLine
10
105.12
20
322.735
30
0
11
105.118
21
322.6
31
0
0
LINE
5
FEA
330
C
100
AcDbEntity
8
0
100
AcDbLine
10
105.118
20
322.6
30
0
11
105.118
21
322.6
31
0
0
LINE
5
FEB
330
C
100
AcDbEntity
8
0
100
AcDbLine
10
105.118
20
322.6
30
0
11
105.122
21
322.401
31
0
0
LINE
5
FEC
330
C
100
AcDbEntity
8
0
100
AcDbLine
10
105.122
20
322.401
30
0
11
105.135
21
322.211
31
0
0
LINE
5
FED
330
C
100
AcDbEntity
8
0
100
AcDbLine
10
105.135
20
322.211
30
0
11
105.157
21
322.03
31
0
0
LINE
5
FEE
330
C
100
AcDbEntity
8
0
100
AcDbLine
10
105.157
20
322.03
30
0
11
105.187
21
321.856
31
0
0
LINE
5
FEF
330
C
100
AcDbEntity
8
0
100
AcDbLine
10
105.187
20
321.856
30
0
11
105.225
21
321.692
31
0
0
LINE
5
FF0
330
C
100
AcDbEntity
8
0
100
AcDbLine
10
105.225
20
321.692
30
0
11
105.272
21
321.535
31
0
0
LINE
5
FF1
330
C
100
AcDbEntity
8
0
100
AcDbLine
10
105.272
20
321.535
30
0
11
105.328
21
321.388
31
0
0
LINE
5
FF2
330
C
100
AcDbEntity
8
0
100
AcDbLine
10
105.328
20
321.388
30
0
11
105.393
21
321.248
31
0
0
LINE
5
FF3
330
C
100
AcDbEntity
8
0
100
AcDbLine
10
105.393
20
321.248
30
0
11
105.465
21
321.117
31
0
0
LINE
5
FF4
330
C
100
AcDbEntity
8
0
100
AcDbLine
10
105.465
20
321.117
30
0
11
105.547
21
320.995
31
0
0
LINE
5
FF5
330
C
100
AcDbEntity
8
0
100
AcDbLine
10
105.547
20
320.995
30
0
11
105.637
21
320.883
31
0
0
LINE
5
FF6
330
C
100
AcDbEntity
8
0
100
AcDbLine
10
105.637
20
320.883
30
0
11
105.735
21
320.782
31
0
0
LINE
5
FF7
330
C
100
AcDbEntity
8
0
100
AcDbLine
10
105.735
20
320.782
30
0
11
105.841
21
320.694
31
0
0
LINE
5
FF8
330
C
100
AcDbEntity
8
0
100
AcDbLine
10
105.841
20
320.694
30
0
11
105.955
21
320.617
31
0
0
LINE
5
FF9
330
C
100
AcDbEntity
8
0
100
AcDbLine
10
105.955
20
320.617
30
0
11
106.077
21
320.552
31
0
0
LINE
5
FFA
330
C
100
AcDbEntity
8
0
100
AcDbLine
10
106.077
20
320.552
30
0
11
106.208
21
320.499
31
0
0
LINE
5
FFB
330
C
100
AcDbEntity
8
0
100
AcDbLine
10
106.208
20
320.499
30
0
11
106.346
21
320.457
31
0
0
LINE
5
FFC
330
C
100
AcDbEntity
8
0
100
AcDbLine
10
106.346
20
320.457
30
0
11
106.493
21
320.428
31
0
0
LINE
5
FFD
330
C
100
AcDbEntity
8
0
100
AcDbLine
10
106.493
20
320.428
30
0
11
106.647
21
320.41
31
0
0
LINE
5
FFE
330
C
100
AcDbEntity
8
0
100
AcDbLine
10
106.647
20
320.41
30
0
11
106.81
21
320.404
31
0
0
LINE
5
FFF
330
C
100
AcDbEntity
8
0
100
AcDbLine
10
106.81
20
320.404
30
0
11
106.81
21
320.404
31
0
0
LINE
5
1000
330
C
100
AcDbEntity
8
0
100
AcDbLine
10
113.08
20
319.588
30
0
11
113.08
21
319.588
31
0
0
LINE
5
1001
330
C
100
AcDbEntity
8
0
100
AcDbLine
10
113.08
20
319.588
30
0
11
112.987
21
319.59
31
0
0
LINE
5
1002
330
C
100
AcDbEntity
8
0
100
AcDbLine
10
112.987
20
319.59
30
0
11
112.897
21
319.595
31
0
0
LINE
5
1003
330
C
100
AcDbEntity
8
0
100
AcDbLine
10
112.897
20
319.595
30
0
11
112.808
21
319.604
31
0
0
LINE
5
1004
330
C
100
AcDbEntity
8
0
100
AcDbLine
10
112.808
20
319.604
30
0
11
112.721
21
319.617
31
0
0
LINE
5
1005
330
C
100
AcDbEntity
8
0
100
AcDbLine
10
112.721
20
319.617
30
0
11
112.636
21
319.633
31
0
0
LINE
5
1006
330
C
100
AcDbEntity
8
0
100
AcDbLine
10
112.636
20
319.633
30
0
11
112.553
21
319.653
31
0
0
LINE
5
1007
330
C
100
AcDbEntity
8
0
100
AcDbLine
10
112.553
20
319.653
30
0
11
112.472
21
319.676
31
0
0
LINE
5
1008
330
C
100
AcDbEntity
8
0
100
AcDbLine
10
112.472
20
319.676
30
0
11
112.393
21
319.703
31
0
0
LINE
5
1009
330
C
100
AcDbEntity
8
0
100
AcDbLine
10
112.393
20
319.703
30
0
11
112.315
21
319.734
31
0
0
LINE
5
100A
330
C
100
AcDbEntity
8
0
100
AcDbLine
10
112.315
20
319.734
30
0
11
112.24
21
319.768
31
0
0
LINE
5
100B
330
C
100
AcDbEntity
8
0
100
AcDbLine
10
112.24
20
319.768
30
0
11
112.167
21
319.806
31
0
0
LINE
5
100C
330
C
100
AcDbEntity
8
0
100
AcDbLine
10
112.167
20
319.806
30
0
11
112.097
21
319.847
31
0
0
LINE
5
100D
330
C
100
AcDbEntity
8
0
100
AcDbLine
10
112.097
20
319.847
30
0
11
112.031
21
319.892
31
0
0
LINE
5
100E
330
C
100
AcDbEntity
8
0
100
AcDbLine
10
112.031
20
319.892
30
0
11
111.967
21
319.941
31
0
0
LINE
5
100F
330
C
100
AcDbEntity
8
0
100
AcDbLine
10
111.967
20
319.941
30
0
11
111.907
21
319.993
31
0
0
LINE
5
1010
330
C
100
AcDbEntity
8
0
100
AcDbLine
10
111.907
20
319.993
30
0
11
111.85
21
320.049
31
0
0
LINE
5
1011
330
C
100
AcDbEntity
8
0
100
AcDbLine
10
111.85
20
320.049
30
0
11
111.796
21
320.108
31
0
0
LINE
5
1012
330
C
100
AcDbEntity
8
0
100
AcDbLine
10
111.796
20
320.108
30
0
11
111.745
21
320.171
31
0
0
LINE
5
1013
330
C
100
AcDbEntity
8
0
100
AcDbLine
10
111.745
20
320.171
30
0
11
111.697
21
320.238
31
0
0
LINE
5
1014
330
C
100
AcDbEntity
8
0
100
AcDbLine
10
111.697
20
320.238
30
0
11
111.652
21
320.308
31
0
0
LINE
5
1015
330
C
100
AcDbEntity
8
0
100
AcDbLine
10
111.652
20
320.308
30
0
11
111.611
21
320.382
31
0
0
LINE
5
1016
330
C
100
AcDbEntity
8
0
100
AcDbLine
10
111.611
20
320.382
30
0
11
111.574
21
320.459
31
0
0
LINE
5
1017
330
C
100
AcDbEntity
8
0
100
AcDbLine
10
111.574
20
320.459
30
0
11
111.542
21
320.54
31
0
0
LINE
5
1018
330
C
100
AcDbEntity
8
0
100
AcDbLine
10
111.542
20
320.54
30
0
11
111.514
21
320.625
31
0
0
LINE
5
1019
330
C
100
AcDbEntity
8
0
100
AcDbLine
10
111.514
20
320.625
30
0
11
111.49
21
320.713
31
0
0
LINE
5
101A
330
C
100
AcDbEntity
8
0
100
AcDbLine
10
111.49
20
320.713
30
0
11
111.471
21
320.805
31
0
0
LINE
5
101B
330
C
100
AcDbEntity
8
0
100
AcDbLine
10
111.471
20
320.805
30
0
11
111.455
21
320.9
31
0
0
LINE
5
101C
330
C
100
AcDbEntity
8
0
100
AcDbLine
10
111.455
20
320.9
30
0
11
111.445
21
320.999
31
0
0
LINE
5
101D
330
C
100
AcDbEntity
8
0
100
AcDbLine
10
111.445
20
320.999
30
0
11
111.438
21
321.102
31
0
0
LINE
5
101E
330
C
100
AcDbEntity
8
0
100
AcDbLine
10
111.438
20
321.102
30
0
11
111.436
21
321.208
31
0
0
LINE
5
101F
330
C
100
AcDbEntity
8
0
100
AcDbLine
10
111.436
20
321.208
30
0
11
111.436
21
321.208
31
0
0
LINE
5
1020
330
C
100
AcDbEntity
8
0
100
AcDbLine
10
111.436
20
321.208
30
0
11
111.436
21
327.064
31
0
0
LINE
5
1021
330
C
100
AcDbEntity
8
0
100
AcDbLine
10
111.436
20
327.064
30
0
11
112.36
21
327.064
31
0
0
LINE
5
1022
330
C
100
AcDbEntity
8
0
100
AcDbLine
10
112.36
20
327.064
30
0
11
112.36
21
321.232
31
0
0
LINE
5
1023
330
C
100
AcDbEntity
8
0
100
AcDbLine
10
112.36
20
321.232
30
0
11
112.368
21
321.063
31
0
0
LINE
5
1024
330
C
100
AcDbEntity
8
0
100
AcDbLine
10
112.368
20
321.063
30
0
11
112.393
21
320.912
31
0
0
LINE
5
1025
330
C
100
AcDbEntity
8
0
100
AcDbLine
10
112.393
20
320.912
30
0
11
112.435
21
320.779
31
0
0
LINE
5
1026
330
C
100
AcDbEntity
8
0
100
AcDbLine
10
112.435
20
320.779
30
0
11
112.492
21
320.664
31
0
0
LINE
5
1027
330
C
100
AcDbEntity
8
0
100
AcDbLine
10
112.492
20
320.664
30
0
11
112.567
21
320.566
31
0
0
LINE
5
1028
330
C
100
AcDbEntity
8
0
100
AcDbLine
10
112.567
20
320.566
30
0
11
112.658
21
320.486
31
0
0
LINE
5
1029
330
C
100
AcDbEntity
8
0
100
AcDbLine
10
112.658
20
320.486
30
0
11
112.766
21
320.424
31
0
0
LINE
5
102A
330
C
100
AcDbEntity
8
0
100
AcDbLine
10
112.766
20
320.424
30
0
11
112.89
21
320.38
31
0
0
LINE
5
102B
330
C
100
AcDbEntity
8
0
100
AcDbLine
10
112.89
20
320.38
30
0
11
113.031
21
320.353
31
0
0
LINE
5
102C
330
C
100
AcDbEntity
8
0
100
AcDbLine
10
113.031
20
320.353
30
0
11
113.188
21
320.344
31
0
0
LINE
5
102D
330
C
100
AcDbEntity
8
0
100
AcDbLine
10
113.188
20
320.344
30
0
11
113.188
21
320.344
31
0
0
LINE
5
102E
330
C
100
AcDbEntity
8
0
100
AcDbLine
10
113.188
20
320.344
30
0
11
113.237
21
320.345
31
0
0
LINE
5
102F
330
C
100
AcDbEntity
8
0
100
AcDbLine
10
113.237
20
320.345
30
0
11
113.286
21
320.346
31
0
0
LINE
5
1030
330
C
100
AcDbEntity
8
0
100
AcDbLine
10
113.286
20
320.346
30
0
11
113.334
21
320.349
31
0
0
LINE
5
1031
330
C
100
AcDbEntity
8
0
100
AcDbLine
10
113.334
20
320.349
30
0
11
113.382
21
320.353
31
0
0
LINE
5
1032
330
C
100
AcDbEntity
8
0
100
AcDbLine
10
113.382
20
320.353
30
0
11
113.43
21
320.358
31
0
0
LINE
5
1033
330
C
100
AcDbEntity
8
0
100
AcDbLine
10
113.43
20
320.358
30
0
11
113.478
21
320.363
31
0
0
LINE
5
1034
330
C
100
AcDbEntity
8
0
100
AcDbLine
10
113.478
20
320.363
30
0
11
113.525
21
320.37
31
0
0
LINE
5
1035
330
C
100
AcDbEntity
8
0
100
AcDbLine
10
113.525
20
320.37
30
0
11
113.572
21
320.379
31
0
0
LINE
5
1036
330
C
100
AcDbEntity
8
0
100
AcDbLine
10
113.572
20
320.379
30
0
11
113.619
21
320.388
31
0
0
LINE
5
1037
330
C
100
AcDbEntity
8
0
100
AcDbLine
10
113.619
20
320.388
30
0
11
113.665
21
320.398
31
0
0
LINE
5
1038
330
C
100
AcDbEntity
8
0
100
AcDbLine
10
113.665
20
320.398
30
0
11
113.712
21
320.409
31
0
0
LINE
5
1039
330
C
100
AcDbEntity
8
0
100
AcDbLine
10
113.712
20
320.409
30
0
11
113.76
21
320.422
31
0
0
LINE
5
103A
330
C
100
AcDbEntity
8
0
100
AcDbLine
10
113.76
20
320.422
30
0
11
113.809
21
320.435
31
0
0
LINE
5
103B
330
C
100
AcDbEntity
8
0
100
AcDbLine
10
113.809
20
320.435
30
0
11
113.859
21
320.45
31
0
0
LINE
5
103C
330
C
100
AcDbEntity
8
0
100
AcDbLine
10
113.859
20
320.45
30
0
11
113.91
21
320.466
31
0
0
LINE
5
103D
330
C
100
AcDbEntity
8
0
100
AcDbLine
10
113.91
20
320.466
30
0
11
113.963
21
320.482
31
0
0
LINE
5
103E
330
C
100
AcDbEntity
8
0
100
AcDbLine
10
113.963
20
320.482
30
0
11
114.016
21
320.5
31
0
0
LINE
5
103F
330
C
100
AcDbEntity
8
0
100
AcDbLine
10
114.016
20
320.5
30
0
11
114.071
21
320.519
31
0
0
LINE
5
1040
330
C
100
AcDbEntity
8
0
100
AcDbLine
10
114.071
20
320.519
30
0
11
114.127
21
320.539
31
0
0
LINE
5
1041
330
C
100
AcDbEntity
8
0
100
AcDbLine
10
114.127
20
320.539
30
0
11
114.184
21
320.56
31
0
0
LINE
5
1042
330
C
100
AcDbEntity
8
0
100
AcDbLine
10
114.184
20
320.56
30
0
11
114.184
21
320.56
31
0
0
LINE
5
1043
330
C
100
AcDbEntity
8
0
100
AcDbLine
10
114.184
20
320.56
30
0
11
114.316
21
319.888
31
0
0
LINE
5
1044
330
C
100
AcDbEntity
8
0
100
AcDbLine
10
114.316
20
319.888
30
0
11
114.255
21
319.862
31
0
0
LINE
5
1045
330
C
100
AcDbEntity
8
0
100
AcDbLine
10
114.255
20
319.862
30
0
11
114.194
21
319.837
31
0
0
LINE
5
1046
330
C
100
AcDbEntity
8
0
100
AcDbLine
10
114.194
20
319.837
30
0
11
114.133
21
319.813
31
0
0
LINE
5
1047
330
C
100
AcDbEntity
8
0
100
AcDbLine
10
114.133
20
319.813
30
0
11
114.072
21
319.79
31
0
0
LINE
5
1048
330
C
100
AcDbEntity
8
0
100
AcDbLine
10
114.072
20
319.79
30
0
11
114.011
21
319.768
31
0
0
LINE
5
1049
330
C
100
AcDbEntity
8
0
100
AcDbLine
10
114.011
20
319.768
30
0
11
113.95
21
319.747
31
0
0
LINE
5
104A
330
C
100
AcDbEntity
8
0
100
AcDbLine
10
113.95
20
319.747
30
0
11
113.889
21
319.727
31
0
0
LINE
5
104B
330
C
100
AcDbEntity
8
0
100
AcDbLine
10
113.889
20
319.727
30
0
11
113.828
21
319.708
31
0
0
LINE
5
104C
330
C
100
AcDbEntity
8
0
100
AcDbLine
10
113.828
20
319.708
30
0
11
113.768
21
319.689
31
0
0
LINE
5
104D
330
C
100
AcDbEntity
8
0
100
AcDbLine
10
113.768
20
319.689
30
0
11
113.707
21
319.672
31
0
0
LINE
5
104E
330
C
100
AcDbEntity
8
0
100
AcDbLine
10
113.707
20
319.672
30
0
11
113.646
21
319.656
31
0
0
LINE
5
104F
330
C
100
AcDbEntity
8
0
100
AcDbLine
10
113.646
20
319.656
30
0
11
113.585
21
319.642
31
0
0
LINE
5
1050
330
C
100
AcDbEntity
8
0
100
AcDbLine
10
113.585
20
319.642
30
0
11
113.523
21
319.629
31
0
0
LINE
5
1051
330
C
100
AcDbEntity
8
0
100
AcDbLine
10
113.523
20
319.629
30
0
11
113.461
21
319.618
31
0
0
LINE
5
1052
330
C
100
AcDbEntity
8
0
100
AcDbLine
10
113.461
20
319.618
30
0
11
113.399
21
319.609
31
0
0
LINE
5
1053
330
C
100
AcDbEntity
8
0
100
AcDbLine
10
113.399
20
319.609
30
0
11
113.336
21
319.601
31
0
0
LINE
5
1054
330
C
100
AcDbEntity
8
0
100
AcDbLine
10
113.336
20
319.601
30
0
11
113.273
21
319.596
31
0
0
LINE
5
1055
330
C
100
AcDbEntity
8
0
100
AcDbLine
10
113.273
20
319.596
30
0
11
113.209
21
319.591
31
0
0
LINE
5
1056
330
C
100
AcDbEntity
8
0
100
AcDbLine
10
113.209
20
319.591
30
0
11
113.145
21
319.589
31
0
0
LINE
5
1057
330
C
100
AcDbEntity
8
0
100
AcDbLine
10
113.145
20
319.589
30
0
11
113.08
21
319.588
31
0
0
LINE
5
1058
330
C
100
AcDbEntity
8
0
100
AcDbLine
10
113.08
20
319.588
30
0
11
113.08
21
319.588
31
0
0
LINE
5
1059
330
C
100
AcDbEntity
8
0
100
AcDbLine
10
114.172
20
324.82
30
0
11
110.512
21
324.82
31
0
0
LINE
5
105A
330
C
100
AcDbEntity
8
0
100
AcDbLine
10
110.512
20
324.82
30
0
11
110.512
21
325.468
31
0
0
LINE
5
105B
330
C
100
AcDbEntity
8
0
100
AcDbLine
10
110.512
20
325.468
30
0
11
114.172
21
325.468
31
0
0
LINE
5
105C
330
C
100
AcDbEntity
8
0
100
AcDbLine
10
114.172
20
325.468
30
0
11
114.172
21
324.82
31
0
0
LINE
5
105D
330
C
100
AcDbEntity
8
0
100
AcDbLine
10
114.172
20
324.82
30
0
11
114.172
21
324.82
31
0
0
LINE
5
105E
330
C
100
AcDbEntity
8
0
100
AcDbLine
10
117.592
20
319.588
30
0
11
117.592
21
319.588
31
0
0
LINE
5
105F
330
C
100
AcDbEntity
8
0
100
AcDbLine
10
117.592
20
319.588
30
0
11
117.499
21
319.59
31
0
0
LINE
5
1060
330
C
100
AcDbEntity
8
0
100
AcDbLine
10
117.499
20
319.59
30
0
11
117.409
21
319.595
31
0
0
LINE
5
1061
330
C
100
AcDbEntity
8
0
100
AcDbLine
10
117.409
20
319.595
30
0
11
117.32
21
319.604
31
0
0
LINE
5
1062
330
C
100
AcDbEntity
8
0
100
AcDbLine
10
117.32
20
319.604
30
0
11
117.233
21
319.617
31
0
0
LINE
5
1063
330
C
100
AcDbEntity
8
0
100
AcDbLine
10
117.233
20
319.617
30
0
11
117.148
21
319.633
31
0
0
LINE
5
1064
330
C
100
AcDbEntity
8
0
100
AcDbLine
10
117.148
20
319.633
30
0
11
117.065
21
319.653
31
0
0
LINE
5
1065
330
C
100
AcDbEntity
8
0
100
AcDbLine
10
117.065
20
319.653
30
0
11
116.984
21
319.676
31
0
0
LINE
5
1066
330
C
100
AcDbEntity
8
0
100
AcDbLine
10
116.984
20
319.676
30
0
11
116.905
21
319.703
31
0
0
LINE
5
1067
330
C
100
AcDbEntity
8
0
100
AcDbLine
10
116.905
20
319.703
30
0
11
116.827
21
319.734
31
0
0
LINE
5
1068
330
C
100
AcDbEntity
8
0
100
AcDbLine
10
116.827
20
319.734
30
0
11
116.752
21
319.768
31
0
0
LINE
5
1069
330
C
100
AcDbEntity
8
0
100
AcDbLine
10
116.752
20
319.768
30
0
11
116.679
21
319.806
31
0
0
LINE
5
106A
330
C
100
AcDbEntity
8
0
100
AcDbLine
10
116.679
20
319.806
30
0
11
116.609
21
319.847
31
0
0
LINE
5
106B
330
C
100
AcDbEntity
8
0
100
AcDbLine
10
116.609
20
319.847
30
0
11
116.543
21
319.892
31
0
0
LINE
5
106C
330
C
100
AcDbEntity
8
0
100
AcDbLine
10
116.543
20
319.892
30
0
11
116.479
21
319.941
31
0
0
LINE
5
106D
330
C
100
AcDbEntity
8
0
100
AcDbLine
10
116.479
20
319.941
30
0
11
116.419
21
319.993
31
0
0
LINE
5
106E
330
C
100
AcDbEntity
8
0
100
AcDbLine
10
116.419
20
319.993
30
0
11
116.362
21
320.049
31
0
0
LINE
5
106F
330
C
100
AcDbEntity
8
0
100
AcDbLine
10
116.362
20
320.049
30
0
11
116.308
21
320.108
31
0
0
LINE
5
1070
330
C
100
AcDbEntity
8
0
100
AcDbLine
10
116.308
20
320.108
30
0
11
116.257
21
320.171
31
0
0
LINE
5
1071
330
C
100
AcDbEntity
8
0
100
AcDbLine
10
116.257
20
320.171
30
0
11
116.209
21
320.238
31
0
0
LINE
5
1072
330
C
100
AcDbEntity
8
0
100
AcDbLine
10
116.209
20
320.238
30
0
11
116.164
21
320.308
31
0
0
LINE
5
1073
330
C
100
AcDbEntity
8
0
100
AcDbLine
10
116.164
20
320.308
30
0
11
116.123
21
320.382
31
0
0
LINE
5
1074
330
C
100
AcDbEntity
8
0
100
AcDbLine
10
116.123
20
320.382
30
0
11
116.086
21
320.459
31
0
0
LINE
5
1075
330
C
100
AcDbEntity
8
0
100
AcDbLine
10
116.086
20
320.459
30
0
11
116.054
21
320.54
31
0
0
LINE
5
1076
330
C
100
AcDbEntity
8
0
100
AcDbLine
10
116.054
20
320.54
30
0
11
116.026
21
320.625
31
0
0
LINE
5
1077
330
C
100
AcDbEntity
8
0
100
AcDbLine
10
116.026
20
320.625
30
0
11
116.002
21
320.713
31
0
0
LINE
5
1078
330
C
100
AcDbEntity
8
0
100
AcDbLine
10
116.002
20
320.713
30
0
11
115.983
21
320.805
31
0
0
LINE
5
1079
330
C
100
AcDbEntity
8
0
100
AcDbLine
10
115.983
20
320.805
30
0
11
115.967
21
320.9
31
0
0
LINE
5
107A
330
C
100
AcDbEntity
8
0
100
AcDbLine
10
115.967
20
320.9
30
0
11
115.957
21
320.999
31
0
0
LINE
5
107B
330
C
100
AcDbEntity
8
0
100
AcDbLine
10
115.957
20
320.999
30
0
11
115.95
21
321.102
31
0
0
LINE
5
107C
330
C
100
AcDbEntity
8
0
100
AcDbLine
10
115.95
20
321.102
30
0
11
115.948
21
321.208
31
0
0
LINE
5
107D
330
C
100
AcDbEntity
8
0
100
AcDbLine
10
115.948
20
321.208
30
0
11
115.948
21
321.208
31
0
0
LINE
5
107E
330
C
100
AcDbEntity
8
0
100
AcDbLine
10
115.948
20
321.208
30
0
11
115.948
21
327.064
31
0
0
LINE
5
107F
330
C
100
AcDbEntity
8
0
100
AcDbLine
10
115.948
20
327.064
30
0
11
116.872
21
327.064
31
0
0
LINE
5
1080
330
C
100
AcDbEntity
8
0
100
AcDbLine
10
116.872
20
327.064
30
0
11
116.872
21
321.232
31
0
0
LINE
5
1081
330
C
100
AcDbEntity
8
0
100
AcDbLine
10
116.872
20
321.232
30
0
11
116.88
21
321.063
31
0
0
LINE
5
1082
330
C
100
AcDbEntity
8
0
100
AcDbLine
10
116.88
20
321.063
30
0
11
116.905
21
320.912
31
0
0
LINE
5
1083
330
C
100
AcDbEntity
8
0
100
AcDbLine
10
116.905
20
320.912
30
0
11
116.947
21
320.779
31
0
0
LINE
5
1084
330
C
100
AcDbEntity
8
0
100
AcDbLine
10
116.947
20
320.779
30
0
11
117.004
21
320.664
31
0
0
LINE
5
1085
330
C
100
AcDbEntity
8
0
100
AcDbLine
10
117.004
20
320.664
30
0
11
117.079
21
320.566
31
0
0
LINE
5
1086
330
C
100
AcDbEntity
8
0
100
AcDbLine
10
117.079
20
320.566
30
0
11
117.17
21
320.486
31
0
0
LINE
5
1087
330
C
100
AcDbEntity
8
0
100
AcDbLine
10
117.17
20
320.486
30
0
11
117.278
21
320.424
31
0
0
LINE
5
1088
330
C
100
AcDbEntity
8
0
100
AcDbLine
10
117.278
20
320.424
30
0
11
117.402
21
320.38
31
0
0
LINE
5
1089
330
C
100
AcDbEntity
8
0
100
AcDbLine
10
117.402
20
320.38
30
0
11
117.543
21
320.353
31
0
0
LINE
5
108A
330
C
100
AcDbEntity
8
0
100
AcDbLine
10
117.543
20
320.353
30
0
11
117.7
21
320.344
31
0
0
LINE
5
108B
330
C
100
AcDbEntity
8
0
100
AcDbLine
10
117.7
20
320.344
30
0
11
117.7
21
320.344
31
0
0
LINE
5
108C
330
C
100
AcDbEntity
8
0
100
AcDbLine
10
117.7
20
320.344
30
0
11
117.749
21
320.345
31
0
0
LINE
5
108D
330
C
100
AcDbEntity
8
0
100
AcDbLine
10
117.749
20
320.345
30
0
11
117.798
21
320.346
31
0
0
LINE
5
108E
330
C
100
AcDbEntity
8
0
100
AcDbLine
10
117.798
20
320.346
30
0
11
117.846
21
320.349
31
0
0
LINE
5
108F
330
C
100
AcDbEntity
8
0
100
AcDbLine
10
117.846
20
320.349
30
0
11
117.894
21
320.353
31
0
0
LINE
5
1090
330
C
100
AcDbEntity
8
0
100
AcDbLine
10
117.894
20
320.353
30
0
11
117.942
21
320.358
31
0
0
LINE
5
1091
330
C
100
AcDbEntity
8
0
100
AcDbLine
10
117.942
20
320.358
30
0
11
117.99
21
320.363
31
0
0
LINE
5
1092
330
C
100
AcDbEntity
8
0
100
AcDbLine
10
117.99
20
320.363
30
0
11
118.037
21
320.37
31
0
0
LINE
5
1093
330
C
100
AcDbEntity
8
0
100
AcDbLine
10
118.037
20
320.37
30
0
11
118.084
21
320.379
31
0
0
LINE
5
1094
330
C
100
AcDbEntity
8
0
100
AcDbLine
10
118.084
20
320.379
30
0
11
118.131
21
320.388
31
0
0
LINE
5
1095
330
C
100
AcDbEntity
8
0
100
AcDbLine
10
118.131
20
320.388
30
0
11
118.177
21
320.398
31
0
0
LINE
5
1096
330
C
100
AcDbEntity
8
0
100
AcDbLine
10
118.177
20
320.398
30
0
11
118.224
21
320.409
31
0
0
LINE
5
1097
330
C
100
AcDbEntity
8
0
100
AcDbLine
10
118.224
20
320.409
30
0
11
118.272
21
320.422
31
0
0
LINE
5
1098
330
C
100
AcDbEntity
8
0
100
AcDbLine
10
118.272
20
320.422
30
0
11
118.321
21
320.435
31
0
0
LINE
5
1099
330
C
100
AcDbEntity
8
0
100
AcDbLine
10
118.321
20
320.435
30
0
11
118.371
21
320.45
31
0
0
LINE
5
109A
330
C
100
AcDbEntity
8
0
100
AcDbLine
10
118.371
20
320.45
30
0
11
118.422
21
320.466
31
0
0
LINE
5
109B
330
C
100
AcDbEntity
8
0
100
AcDbLine
10
118.422
20
320.466
30
0
11
118.475
21
320.482
31
0
0
LINE
5
109C
330
C
100
AcDbEntity
8
0
100
AcDbLine
10
118.475
20
320.482
30
0
11
118.528
21
320.5
31
0
0
LINE
5
109D
330
C
100
AcDbEntity
8
0
100
AcDbLine
10
118.528
20
320.5
30
0
11
118.583
21
320.519
31
0
0
LINE
5
109E
330
C
100
AcDbEntity
8
0
100
AcDbLine
10
118.583
20
320.519
30
0
11
118.639
21
320.539
31
0
0
LINE
5
109F
330
C
100
AcDbEntity
8
0
100
AcDbLine
10
118.639
20
320.539
30
0
11
118.696
21
320.56
31
0
0
LINE
5
10A0
330
C
100
AcDbEntity
8
0
100
AcDbLine
10
118.696
20
320.56
30
0
11
118.696
21
320.56
31
0
0
LINE
5
10A1
330
C
100
AcDbEntity
8
0
100
AcDbLine
10
118.696
20
320.56
30
0
11
118.828
21
319.888
31
0
0
LINE
5
10A2
330
C
100
AcDbEntity
8
0
100
AcDbLine
10
118.828
20
319.888
30
0
11
118.767
21
319.862
31
0
0
LINE
5
10A3
330
C
100
AcDbEntity
8
0
100
AcDbLine
10
118.767
20
319.862
30
0
11
118.706
21
319.837
31
0
0
LINE
5
10A4
330
C
100
AcDbEntity
8
0
100
AcDbLine
10
118.706
20
319.837
30
0
11
118.645
21
319.813
31
0
0
LINE
5
10A5
330
C
100
AcDbEntity
8
0
100
AcDbLine
10
118.645
20
319.813
30
0
11
118.584
21
319.79
31
0
0
LINE
5
10A6
330
C
100
AcDbEntity
8
0
100
AcDbLine
10
118.584
20
319.79
30
0
11
118.523
21
319.768
31
0
0
LINE
5
10A7
330
C
100
AcDbEntity
8
0
100
AcDbLine
10
118.523
20
319.768
30
0
11
118.462
21
319.747
31
0
0
LINE
5
10A8
330
C
100
AcDbEntity
8
0
100
AcDbLine
10
118.462
20
319.747
30
0
11
118.401
21
319.727
31
0
0
LINE
5
10A9
330
C
100
AcDbEntity
8
0
100
AcDbLine
10
118.401
20
319.727
30
0
11
118.34
21
319.708
31
0
0
LINE
5
10AA
330
C
100
AcDbEntity
8
0
100
AcDbLine
10
118.34
20
319.708
30
0
11
118.28
21
319.689
31
0
0
LINE
5
10AB
330
C
100
AcDbEntity
8
0
100
AcDbLine
10
118.28
20
319.689
30
0
11
118.219
21
319.672
31
0
0
LINE
5
10AC
330
C
100
AcDbEntity
8
0
100
AcDbLine
10
118.219
20
319.672
30
0
11
118.158
21
319.656
31
0
0
LINE
5
10AD
330
C
100
AcDbEntity
8
0
100
AcDbLine
10
118.158
20
319.656
30
0
11
118.097
21
319.642
31
0
0
LINE
5
10AE
330
C
100
AcDbEntity
8
0
100
AcDbLine
10
118.097
20
319.642
30
0
11
118.035
21
319.629
31
0
0
LINE
5
10AF
330
C
100
AcDbEntity
8
0
100
AcDbLine
10
118.035
20
319.629
30
0
11
117.973
21
319.618
31
0
0
LINE
5
10B0
330
C
100
AcDbEntity
8
0
100
AcDbLine
10
117.973
20
319.618
30
0
11
117.911
21
319.609
31
0
0
LINE
5
10B1
330
C
100
AcDbEntity
8
0
100
AcDbLine
10
117.911
20
319.609
30
0
11
117.848
21
319.601
31
0
0
LINE
5
10B2
330
C
100
AcDbEntity
8
0
100
AcDbLine
10
117.848
20
319.601
30
0
11
117.785
21
319.596
31
0
0
LINE
5
10B3
330
C
100
AcDbEntity
8
0
100
AcDbLine
10
117.785
20
319.596
30
0
11
117.721
21
319.591
31
0
0
LINE
5
10B4
330
C
100
AcDbEntity
8
0
100
AcDbLine
10
117.721
20
319.591
30
0
11
117.657
21
319.589
31
0
0
LINE
5
10B5
330
C
100
AcDbEntity
8
0
100
AcDbLine
10
117.657
20
319.589
30
0
11
117.592
21
319.588
31
0
0
LINE
5
10B6
330
C
100
AcDbEntity
8
0
100
AcDbLine
10
117.592
20
319.588
30
0
11
117.592
21
319.588
31
0
0
LINE
5
10B7
330
C
100
AcDbEntity
8
0
100
AcDbLine
10
118.684
20
324.82
30
0
11
115.024
21
324.82
31
0
0
LINE
5
10B8
330
C
100
AcDbEntity
8
0
100
AcDbLine
10
115.024
20
324.82
30
0
11
115.024
21
325.468
31
0
0
LINE
5
10B9
330
C
100
AcDbEntity
8
0
100
AcDbLine
10
115.024
20
325.468
30
0
11
118.684
21
325.468
31
0
0
LINE
5
10BA
330
C
100
AcDbEntity
8
0
100
AcDbLine
10
118.684
20
325.468
30
0
11
118.684
21
324.82
31
0
0
LINE
5
10BB
330
C
100
AcDbEntity
8
0
100
AcDbLine
10
118.684
20
324.82
30
0
11
118.684
21
324.82
31
0
0
LINE
5
10BC
330
C
100
AcDbEntity
8
0
100
AcDbLine
10
122.416
20
319.588
30
0
11
122.416
21
319.588
31
0
0
LINE
5
10BD
330
C
100
AcDbEntity
8
0
100
AcDbLine
10
122.416
20
319.588
30
0
11
122.263
21
319.591
31
0
0
LINE
5
10BE
330
C
100
AcDbEntity
8
0
100
AcDbLine
10
122.263
20
319.591
30
0
11
122.113
21
319.602
31
0
0
LINE
5
10BF
330
C
100
AcDbEntity
8
0
100
AcDbLine
10
122.113
20
319.602
30
0
11
121.967
21
319.619
31
0
0
LINE
5
10C0
330
C
100
AcDbEntity
8
0
100
AcDbLine
10
121.967
20
319.619
30
0
11
121.824
21
319.643
31
0
0
LINE
5
10C1
330
C
100
AcDbEntity
8
0
100
AcDbLine
10
121.824
20
319.643
30
0
11
121.685
21
319.673
31
0
0
LINE
5
10C2
330
C
100
AcDbEntity
8
0
100
AcDbLine
10
121.685
20
319.673
30
0
11
121.549
21
319.711
31
0
0
LINE
5
10C3
330
C
100
AcDbEntity
8
0
100
AcDbLine
10
121.549
20
319.711
30
0
11
121.416
21
319.756
31
0
0
LINE
5
10C4
330
C
100
AcDbEntity
8
0
100
AcDbLine
10
121.416
20
319.756
30
0
11
121.287
21
319.807
31
0
0
LINE
5
10C5
330
C
100
AcDbEntity
8
0
100
AcDbLine
10
121.287
20
319.807
30
0
11
121.161
21
319.865
31
0
0
LINE
5
10C6
330
C
100
AcDbEntity
8
0
100
AcDbLine
10
121.161
20
319.865
30
0
11
121.039
21
319.93
31
0
0
LINE
5
10C7
330
C
100
AcDbEntity
8
0
100
AcDbLine
10
121.039
20
319.93
30
0
11
120.921
21
320.002
31
0
0
LINE
5
10C8
330
C
100
AcDbEntity
8
0
100
AcDbLine
10
120.921
20
320.002
30
0
11
120.808
21
320.08
31
0
0
LINE
5
10C9
330
C
100
AcDbEntity
8
0
100
AcDbLine
10
120.808
20
320.08
30
0
11
120.7
21
320.165
31
0
0
LINE
5
10CA
330
C
100
AcDbEntity
8
0
100
AcDbLine
10
120.7
20
320.165
30
0
11
120.597
21
320.256
31
0
0
LINE
5
10CB
330
C
100
AcDbEntity
8
0
100
AcDbLine
10
120.597
20
320.256
30
0
11
120.5
21
320.354
31
0
0
LINE
5
10CC
330
C
100
AcDbEntity
8
0
100
AcDbLine
10
120.5
20
320.354
30
0
11
120.407
21
320.459
31
0
0
LINE
5
10CD
330
C
100
AcDbEntity
8
0
100
AcDbLine
10
120.407
20
320.459
30
0
11
120.32
21
320.57
31
0
0
LINE
5
10CE
330
C
100
AcDbEntity
8
0
100
AcDbLine
10
120.32
20
320.57
30
0
11
120.237
21
320.688
31
0
0
LINE
5
10CF
330
C
100
AcDbEntity
8
0
100
AcDbLine
10
120.237
20
320.688
30
0
11
120.16
21
320.813
31
0
0
LINE
5
10D0
330
C
100
AcDbEntity
8
0
100
AcDbLine
10
120.16
20
320.813
30
0
11
120.088
21
320.944
31
0
0
LINE
5
10D1
330
C
100
AcDbEntity
8
0
100
AcDbLine
10
120.088
20
320.944
30
0
11
120.022
21
321.082
31
0
0
LINE
5
10D2
330
C
100
AcDbEntity
8
0
100
AcDbLine
10
120.022
20
321.082
30
0
11
119.963
21
321.225
31
0
0
LINE
5
10D3
330
C
100
AcDbEntity
8
0
100
AcDbLine
10
119.963
20
321.225
30
0
11
119.911
21
321.375
31
0
0
LINE
5
10D4
330
C
100
AcDbEntity
8
0
100
AcDbLine
10
119.911
20
321.375
30
0
11
119.865
21
321.532
31
0
0
LINE
5
10D5
330
C
100
AcDbEntity
8
0
100
AcDbLine
10
119.865
20
321.532
30
0
11
119.827
21
321.694
31
0
0
LINE
5
10D6
330
C
100
AcDbEntity
8
0
100
AcDbLine
10
119.827
20
321.694
30
0
11
119.796
21
321.863
31
0
0
LINE
5
10D7
330
C
100
AcDbEntity
8
0
100
AcDbLine
10
119.796
20
321.863
30
0
11
119.771
21
322.038
31
0
0
LINE
5
10D8
330
C
100
AcDbEntity
8
0
100
AcDbLine
10
119.771
20
322.038
30
0
11
119.754
21
322.219
31
0
0
LINE
5
10D9
330
C
100
AcDbEntity
8
0
100
AcDbLine
10
119.754
20
322.219
30
0
11
119.743
21
322.406
31
0
0
LINE
5
10DA
330
C
100
AcDbEntity
8
0
100
AcDbLine
10
119.743
20
322.406
30
0
11
119.74
21
322.6
31
0
0
LINE
5
10DB
330
C
100
AcDbEntity
8
0
100
AcDbLine
10
119.74
20
322.6
30
0
11
119.74
21
322.6
31
0
0
LINE
5
10DC
330
C
100
AcDbEntity
8
0
100
AcDbLine
10
119.74
20
322.6
30
0
11
119.743
21
322.795
31
0
0
LINE
5
10DD
330
C
100
AcDbEntity
8
0
100
AcDbLine
10
119.743
20
322.795
30
0
11
119.754
21
322.983
31
0
0
LINE
5
10DE
330
C
100
AcDbEntity
8
0
100
AcDbLine
10
119.754
20
322.983
30
0
11
119.771
21
323.165
31
0
0
LINE
5
10DF
330
C
100
AcDbEntity
8
0
100
AcDbLine
10
119.771
20
323.165
30
0
11
119.796
21
323.341
31
0
0
LINE
5
10E0
330
C
100
AcDbEntity
8
0
100
AcDbLine
10
119.796
20
323.341
30
0
11
119.827
21
323.51
31
0
0
LINE
5
10E1
330
C
100
AcDbEntity
8
0
100
AcDbLine
10
119.827
20
323.51
30
0
11
119.865
21
323.672
31
0
0
LINE
5
10E2
330
C
100
AcDbEntity
8
0
100
AcDbLine
10
119.865
20
323.672
30
0
11
119.911
21
323.829
31
0
0
LINE
5
10E3
330
C
100
AcDbEntity
8
0
100
AcDbLine
10
119.911
20
323.829
30
0
11
119.963
21
323.979
31
0
0
LINE
5
10E4
330
C
100
AcDbEntity
8
0
100
AcDbLine
10
119.963
20
323.979
30
0
11
120.022
21
324.122
31
0
0
LINE
5
10E5
330
C
100
AcDbEntity
8
0
100
AcDbLine
10
120.022
20
324.122
30
0
11
120.088
21
324.259
31
0
0
LINE
5
10E6
330
C
100
AcDbEntity
8
0
100
AcDbLine
10
120.088
20
324.259
30
0
11
120.16
21
324.39
31
0
0
LINE
5
10E7
330
C
100
AcDbEntity
8
0
100
AcDbLine
10
120.16
20
324.39
30
0
11
120.237
21
324.514
31
0
0
LINE
5
10E8
330
C
100
AcDbEntity
8
0
100
AcDbLine
10
120.237
20
324.514
30
0
11
120.32
21
324.631
31
0
0
LINE
5
10E9
330
C
100
AcDbEntity
8
0
100
AcDbLine
10
120.32
20
324.631
30
0
11
120.407
21
324.742
31
0
0
LINE
5
10EA
330
C
100
AcDbEntity
8
0
100
AcDbLine
10
120.407
20
324.742
30
0
11
120.5
21
324.846
31
0
0
LINE
5
10EB
330
C
100
AcDbEntity
8
0
100
AcDbLine
10
120.5
20
324.846
30
0
11
120.597
21
324.944
31
0
0
LINE
5
10EC
330
C
100
AcDbEntity
8
0
100
AcDbLine
10
120.597
20
324.944
30
0
11
120.7
21
325.035
31
0
0
LINE
5
10ED
330
C
100
AcDbEntity
8
0
100
AcDbLine
10
120.7
20
325.035
30
0
11
120.808
21
325.12
31
0
0
LINE
5
10EE
330
C
100
AcDbEntity
8
0
100
AcDbLine
10
120.808
20
325.12
30
0
11
120.921
21
325.198
31
0
0
LINE
5
10EF
330
C
100
AcDbEntity
8
0
100
AcDbLine
10
120.921
20
325.198
30
0
11
121.039
21
325.27
31
0
0
LINE
5
10F0
330
C
100
AcDbEntity
8
0
100
AcDbLine
10
121.039
20
325.27
30
0
11
121.161
21
325.335
31
0
0
LINE
5
10F1
330
C
100
AcDbEntity
8
0
100
AcDbLine
10
121.161
20
325.335
30
0
11
121.287
21
325.393
31
0
0
LINE
5
10F2
330
C
100
AcDbEntity
8
0
100
AcDbLine
10
121.287
20
325.393
30
0
11
121.416
21
325.444
31
0
0
LINE
5
10F3
330
C
100
AcDbEntity
8
0
100
AcDbLine
10
121.416
20
325.444
30
0
11
121.549
21
325.489
31
0
0
LINE
5
10F4
330
C
100
AcDbEntity
8
0
100
AcDbLine
10
121.549
20
325.489
30
0
11
121.685
21
325.526
31
0
0
LINE
5
10F5
330
C
100
AcDbEntity
8
0
100
AcDbLine
10
121.685
20
325.526
30
0
11
121.824
21
325.557
31
0
0
LINE
5
10F6
330
C
100
AcDbEntity
8
0
100
AcDbLine
10
121.824
20
325.557
30
0
11
121.967
21
325.581
31
0
0
LINE
5
10F7
330
C
100
AcDbEntity
8
0
100
AcDbLine
10
121.967
20
325.581
30
0
11
122.113
21
325.598
31
0
0
LINE
5
10F8
330
C
100
AcDbEntity
8
0
100
AcDbLine
10
122.113
20
325.598
30
0
11
122.263
21
325.609
31
0
0
LINE
5
10F9
330
C
100
AcDbEntity
8
0
100
AcDbLine
10
122.263
20
325.609
30
0
11
122.416
21
325.612
31
0
0
LINE
5
10FA
330
C
100
AcDbEntity
8
0
100
AcDbLine
10
122.416
20
325.612
30
0
11
122.416
21
325.612
31
0
0
LINE
5
10FB
330
C
100
AcDbEntity
8
0
100
AcDbLine
10
122.416
20
325.612
30
0
11
122.568
21
325.609
31
0
0
LINE
5
10FC
330
C
100
AcDbEntity
8
0
100
AcDbLine
10
122.568
20
325.609
30
0
11
122.717
21
325.598
31
0
0
LINE
5
10FD
330
C
100
AcDbEntity
8
0
100
AcDbLine
10
122.717
20
325.598
30
0
11
122.862
21
325.581
31
0
0
LINE
5
10FE
330
C
100
AcDbEntity
8
0
100
AcDbLine
10
122.862
20
325.581
30
0
11
123.004
21
325.557
31
0
0
LINE
5
10FF
330
C
100
AcDbEntity
8
0
100
AcDbLine
10
123.004
20
325.557
30
0
11
123.143
21
325.526
31
0
0
LINE
5
1100
330
C
100
AcDbEntity
8
0
100
AcDbLine
10
123.143
20
325.526
30
0
11
123.278
21
325.489
31
0
0
LINE
5
1101
330
C
100
AcDbEntity
8
0
100
AcDbLine
10
123.278
20
325.489
30
0
11
123.41
21
325.444
31
0
0
LINE
5
1102
330
C
100
AcDbEntity
8
0
100
AcDbLine
10
123.41
20
325.444
30
0
11
123.539
21
325.393
31
0
0
LINE
5
1103
330
C
100
AcDbEntity
8
0
100
AcDbLine
10
123.539
20
325.393
30
0
11
123.665
21
325.335
31
0
0
LINE
5
1104
330
C
100
AcDbEntity
8
0
100
AcDbLine
10
123.665
20
325.335
30
0
11
123.787
21
325.27
31
0
0
LINE
5
1105
330
C
100
AcDbEntity
8
0
100
AcDbLine
10
123.787
20
325.27
30
0
11
123.905
21
325.198
31
0
0
LINE
5
1106
330
C
100
AcDbEntity
8
0
100
AcDbLine
10
123.905
20
325.198
30
0
11
124.018
21
325.12
31
0
0
LINE
5
1107
330
C
100
AcDbEntity
8
0
100
AcDbLine
10
124.018
20
325.12
30
0
11
124.126
21
325.035
31
0
0
LINE
5
1108
330
C
100
AcDbEntity
8
0
100
AcDbLine
10
124.126
20
325.035
30
0
11
124.228
21
324.944
31
0
0
LINE
5
1109
330
C
100
AcDbEntity
8
0
100
AcDbLine
10
124.228
20
324.944
30
0
11
124.326
21
324.846
31
0
0
LINE
5
110A
330
C
100
AcDbEntity
8
0
100
AcDbLine
10
124.326
20
324.846
30
0
11
124.418
21
324.742
31
0
0
LINE
5
110B
330
C
100
AcDbEntity
8
0
100
AcDbLine
10
124.418
20
324.742
30
0
11
124.505
21
324.631
31
0
0
LINE
5
110C
330
C
100
AcDbEntity
8
0
100
AcDbLine
10
124.505
20
324.631
30
0
11
124.587
21
324.514
31
0
0
LINE
5
110D
330
C
100
AcDbEntity
8
0
100
AcDbLine
10
124.587
20
324.514
30
0
11
124.663
21
324.39
31
0
0
LINE
5
110E
330
C
100
AcDbEntity
8
0
100
AcDbLine
10
124.663
20
324.39
30
0
11
124.735
21
324.259
31
0
0
LINE
5
110F
330
C
100
AcDbEntity
8
0
100
AcDbLine
10
124.735
20
324.259
30
0
11
124.801
21
324.122
31
0
0
LINE
5
1110
330
C
100
AcDbEntity
8
0
100
AcDbLine
10
124.801
20
324.122
30
0
11
124.859
21
323.979
31
0
0
LINE
5
1111
330
C
100
AcDbEntity
8
0
100
AcDbLine
10
124.859
20
323.979
30
0
11
124.911
21
323.829
31
0
0
LINE
5
1112
330
C
100
AcDbEntity
8
0
100
AcDbLine
10
124.911
20
323.829
30
0
11
124.956
21
323.672
31
0
0
LINE
5
1113
330
C
100
AcDbEntity
8
0
100
AcDbLine
10
124.956
20
323.672
30
0
11
124.994
21
323.51
31
0
0
LINE
5
1114
330
C
100
AcDbEntity
8
0
100
AcDbLine
10
124.994
20
323.51
30
0
11
125.025
21
323.341
31
0
0
LINE
5
1115
330
C
100
AcDbEntity
8
0
100
AcDbLine
10
125.025
20
323.341
30
0
11
125.049
21
323.165
31
0
0
LINE
5
1116
330
C
100
AcDbEntity
8
0
100
AcDbLine
10
125.049
20
323.165
30
0
11
125.066
21
322.983
31
0
0
LINE
5
1117
330
C
100
AcDbEntity
8
0
100
AcDbLine
10
125.066
20
322.983
30
0
11
125.077
21
322.795
31
0
0
LINE
5
1118
330
C
100
AcDbEntity
8
0
100
AcDbLine
10
125.077
20
322.795
30
0
11
125.08
21
322.6
31
0
0
LINE
5
1119
330
C
100
AcDbEntity
8
0
100
AcDbLine
10
125.08
20
322.6
30
0
11
125.08
21
322.6
31
0
0
LINE
5
111A
330
C
100
AcDbEntity
8
0
100
AcDbLine
10
125.08
20
322.6
30
0
11
125.077
21
322.406
31
0
0
LINE
5
111B
330
C
100
AcDbEntity
8
0
100
AcDbLine
10
125.077
20
322.406
30
0
11
125.066
21
322.219
31
0
0
LINE
5
111C
330
C
100
AcDbEntity
8
0
100
AcDbLine
10
125.066
20
322.219
30
0
11
125.049
21
322.038
31
0
0
LINE
5
111D
330
C
100
AcDbEntity
8
0
100
AcDbLine
10
125.049
20
322.038
30
0
11
125.025
21
321.863
31
0
0
LINE
5
111E
330
C
100
AcDbEntity
8
0
100
AcDbLine
10
125.025
20
321.863
30
0
11
124.994
21
321.694
31
0
0
LINE
5
111F
330
C
100
AcDbEntity
8
0
100
AcDbLine
10
124.994
20
321.694
30
0
11
124.956
21
321.532
31
0
0
LINE
5
1120
330
C
100
AcDbEntity
8
0
100
AcDbLine
10
124.956
20
321.532
30
0
11
124.911
21
321.375
31
0
0
LINE
5
1121
330
C
100
AcDbEntity
8
0
100
AcDbLine
10
124.911
20
321.375
30
0
11
124.859
21
321.225
31
0
0
LINE
5
1122
330
C
100
AcDbEntity
8
0
100
AcDbLine
10
124.859
20
321.225
30
0
11
124.801
21
321.082
31
0
0
LINE
5
1123
330
C
100
AcDbEntity
8
0
100
AcDbLine
10
124.801
20
321.082
30
0
11
124.735
21
320.944
31
0
0
LINE
5
1124
330
C
100
AcDbEntity
8
0
100
AcDbLine
10
124.735
20
320.944
30
0
11
124.663
21
320.813
31
0
0
LINE
5
1125
330
C
100
AcDbEntity
8
0
100
AcDbLine
10
124.663
20
320.813
30
0
11
124.587
21
320.688
31
0
0
LINE
5
1126
330
C
100
AcDbEntity
8
0
100
AcDbLine
10
124.587
20
320.688
30
0
11
124.505
21
320.57
31
0
0
LINE
5
1127
330
C
100
AcDbEntity
8
0
100
AcDbLine
10
124.505
20
320.57
30
0
11
124.418
21
320.459
31
0
0
LINE
5
1128
330
C
100
AcDbEntity
8
0
100
AcDbLine
10
124.418
20
320.459
30
0
11
124.326
21
320.354
31
0
0
LINE
5
1129
330
C
100
AcDbEntity
8
0
100
AcDbLine
10
124.326
20
320.354
30
0
11
124.228
21
320.256
31
0
0
LINE
5
112A
330
C
100
AcDbEntity
8
0
100
AcDbLine
10
124.228
20
320.256
30
0
11
124.126
21
320.165
31
0
0
LINE
5
112B
330
C
100
AcDbEntity
8
0
100
AcDbLine
10
124.126
20
320.165
30
0
11
124.018
21
320.08
31
0
0
LINE
5
112C
330
C
100
AcDbEntity
8
0
100
AcDbLine
10
124.018
20
320.08
30
0
11
123.905
21
320.002
31
0
0
LINE
5
112D
330
C
100
AcDbEntity
8
0
100
AcDbLine
10
123.905
20
320.002
30
0
11
123.787
21
319.93
31
0
0
LINE
5
112E
330
C
100
AcDbEntity
8
0
100
AcDbLine
10
123.787
20
319.93
30
0
11
123.665
21
319.865
31
0
0
LINE
5
112F
330
C
100
AcDbEntity
8
0
100
AcDbLine
10
123.665
20
319.865
30
0
11
123.539
21
319.807
31
0
0
LINE
5
1130
330
C
100
AcDbEntity
8
0
100
AcDbLine
10
123.539
20
319.807
30
0
11
123.41
21
319.756
31
0
0
LINE
5
1131
330
C
100
AcDbEntity
8
0
100
AcDbLine
10
123.41
20
319.756
30
0
11
123.278
21
319.711
31
0
0
LINE
5
1132
330
C
100
AcDbEntity
8
0
100
AcDbLine
10
123.278
20
319.711
30
0
11
123.143
21
319.673
31
0
0
LINE
5
1133
330
C
100
AcDbEntity
8
0
100
AcDbLine
10
123.143
20
319.673
30
0
11
123.004
21
319.643
31
0
0
LINE
5
1134
330
C
100
AcDbEntity
8
0
100
AcDbLine
10
123.004
20
319.643
30
0
11
122.862
21
319.619
31
0
0
LINE
5
1135
330
C
100
AcDbEntity
8
0
100
AcDbLine
10
122.862
20
319.619
30
0
11
122.717
21
319.602
31
0
0
LINE
5
1136
330
C
100
AcDbEntity
8
0
100
AcDbLine
10
122.717
20
319.602
30
0
11
122.568
21
319.591
31
0
0
LINE
5
1137
330
C
100
AcDbEntity
8
0
100
AcDbLine
10
122.568
20
319.591
30
0
11
122.416
21
319.588
31
0
0
LINE
5
1138
330
C
100
AcDbEntity
8
0
100
AcDbLine
10
122.416
20
319.588
30
0
11
122.416
21
319.588
31
0
0
LINE
5
1139
330
C
100
AcDbEntity
8
0
100
AcDbLine
10
122.392
20
320.404
30
0
11
122.392
21
320.404
31
0
0
LINE
5
113A
330
C
100
AcDbEntity
8
0
100
AcDbLine
10
122.392
20
320.404
30
0
11
122.502
21
320.407
31
0
0
LINE
5
113B
330
C
100
AcDbEntity
8
0
100
AcDbLine
10
122.502
20
320.407
30
0
11
122.608
21
320.415
31
0
0
LINE
5
113C
330
C
100
AcDbEntity
8
0
100
AcDbLine
10
122.608
20
320.415
30
0
11
122.712
21
320.428
31
0
0
LINE
5
113D
330
C
100
AcDbEntity
8
0
100
AcDbLine
10
122.712
20
320.428
30
0
11
122.812
21
320.447
31
0
0
LINE
5
113E
330
C
100
AcDbEntity
8
0
100
AcDbLine
10
122.812
20
320.447
30
0
11
122.908
21
320.471
31
0
0
LINE
5
113F
330
C
100
AcDbEntity
8
0
100
AcDbLine
10
122.908
20
320.471
30
0
11
123.001
21
320.5
31
0
0
LINE
5
1140
330
C
100
AcDbEntity
8
0
100
AcDbLine
10
123.001
20
320.5
30
0
11
123.091
21
320.535
31
0
0
LINE
5
1141
330
C
100
AcDbEntity
8
0
100
AcDbLine
10
123.091
20
320.535
30
0
11
123.177
21
320.575
31
0
0
LINE
5
1142
330
C
100
AcDbEntity
8
0
100
AcDbLine
10
123.177
20
320.575
30
0
11
123.26
21
320.62
31
0
0
LINE
5
1143
330
C
100
AcDbEntity
8
0
100
AcDbLine
10
123.26
20
320.62
30
0
11
123.34
21
320.671
31
0
0
LINE
5
1144
330
C
100
AcDbEntity
8
0
100
AcDbLine
10
123.34
20
320.671
30
0
11
123.416
21
320.727
31
0
0
LINE
5
1145
330
C
100
AcDbEntity
8
0
100
AcDbLine
10
123.416
20
320.727
30
0
11
123.488
21
320.787
31
0
0
LINE
5
1146
330
C
100
AcDbEntity
8
0
100
AcDbLine
10
123.488
20
320.787
30
0
11
123.557
21
320.851
31
0
0
LINE
5
1147
330
C
100
AcDbEntity
8
0
100
AcDbLine
10
123.557
20
320.851
30
0
11
123.622
21
320.921
31
0
0
LINE
5
1148
330
C
100
AcDbEntity
8
0
100
AcDbLine
10
123.622
20
320.921
30
0
11
123.683
21
320.994
31
0
0
LINE
5
1149
330
C
100
AcDbEntity
8
0
100
AcDbLine
10
123.683
20
320.994
30
0
11
123.74
21
321.072
31
0
0
LINE
5
114A
330
C
100
AcDbEntity
8
0
100
AcDbLine
10
123.74
20
321.072
30
0
11
123.793
21
321.155
31
0
0
LINE
5
114B
330
C
100
AcDbEntity
8
0
100
AcDbLine
10
123.793
20
321.155
30
0
11
123.843
21
321.242
31
0
0
LINE
5
114C
330
C
100
AcDbEntity
8
0
100
AcDbLine
10
123.843
20
321.242
30
0
11
123.889
21
321.334
31
0
0
LINE
5
114D
330
C
100
AcDbEntity
8
0
100
AcDbLine
10
123.889
20
321.334
30
0
11
123.931
21
321.43
31
0
0
LINE
5
114E
330
C
100
AcDbEntity
8
0
100
AcDbLine
10
123.931
20
321.43
30
0
11
123.969
21
321.53
31
0
0
LINE
5
114F
330
C
100
AcDbEntity
8
0
100
AcDbLine
10
123.969
20
321.53
30
0
11
124.003
21
321.634
31
0
0
LINE
5
1150
330
C
100
AcDbEntity
8
0
100
AcDbLine
10
124.003
20
321.634
30
0
11
124.034
21
321.742
31
0
0
LINE
5
1151
330
C
100
AcDbEntity
8
0
100
AcDbLine
10
124.034
20
321.742
30
0
11
124.06
21
321.853
31
0
0
LINE
5
1152
330
C
100
AcDbEntity
8
0
100
AcDbLine
10
124.06
20
321.853
30
0
11
124.082
21
321.969
31
0
0
LINE
5
1153
330
C
100
AcDbEntity
8
0
100
AcDbLine
10
124.082
20
321.969
30
0
11
124.1
21
322.087
31
0
0
LINE
5
1154
330
C
100
AcDbEntity
8
0
100
AcDbLine
10
124.1
20
322.087
30
0
11
124.114
21
322.21
31
0
0
LINE
5
1155
330
C
100
AcDbEntity
8
0
100
AcDbLine
10
124.114
20
322.21
30
0
11
124.124
21
322.336
31
0
0
LINE
5
1156
330
C
100
AcDbEntity
8
0
100
AcDbLine
10
124.124
20
322.336
30
0
11
124.13
21
322.466
31
0
0
LINE
5
1157
330
C
100
AcDbEntity
8
0
100
AcDbLine
10
124.13
20
322.466
30
0
11
124.132
21
322.6
31
0
0
LINE
5
1158
330
C
100
AcDbEntity
8
0
100
AcDbLine
10
124.132
20
322.6
30
0
11
124.132
21
322.6
31
0
0
LINE
5
1159
330
C
100
AcDbEntity
8
0
100
AcDbLine
10
124.132
20
322.6
30
0
11
124.128
21
322.801
31
0
0
LINE
5
115A
330
C
100
AcDbEntity
8
0
100
AcDbLine
10
124.128
20
322.801
30
0
11
124.115
21
322.993
31
0
0
LINE
5
115B
330
C
100
AcDbEntity
8
0
100
AcDbLine
10
124.115
20
322.993
30
0
11
124.094
21
323.176
31
0
0
LINE
5
115C
330
C
100
AcDbEntity
8
0
100
AcDbLine
10
124.094
20
323.176
30
0
11
124.064
21
323.351
31
0
0
LINE
5
115D
330
C
100
AcDbEntity
8
0
100
AcDbLine
10
124.064
20
323.351
30
0
11
124.025
21
323.517
31
0
0
LINE
5
115E
330
C
100
AcDbEntity
8
0
100
AcDbLine
10
124.025
20
323.517
30
0
11
123.979
21
323.675
31
0
0
LINE
5
115F
330
C
100
AcDbEntity
8
0
100
AcDbLine
10
123.979
20
323.675
30
0
11
123.923
21
323.823
31
0
0
LINE
5
1160
330
C
100
AcDbEntity
8
0
100
AcDbLine
10
123.923
20
323.823
30
0
11
123.859
21
323.963
31
0
0
LINE
5
1161
330
C
100
AcDbEntity
8
0
100
AcDbLine
10
123.859
20
323.963
30
0
11
123.787
21
324.094
31
0
0
LINE
5
1162
330
C
100
AcDbEntity
8
0
100
AcDbLine
10
123.787
20
324.094
30
0
11
123.706
21
324.217
31
0
0
LINE
5
1163
330
C
100
AcDbEntity
8
0
100
AcDbLine
10
123.706
20
324.217
30
0
11
123.617
21
324.329
31
0
0
LINE
5
1164
330
C
100
AcDbEntity
8
0
100
AcDbLine
10
123.617
20
324.329
30
0
11
123.519
21
324.43
31
0
0
LINE
5
1165
330
C
100
AcDbEntity
8
0
100
AcDbLine
10
123.519
20
324.43
30
0
11
123.413
21
324.518
31
0
0
LINE
5
1166
330
C
100
AcDbEntity
8
0
100
AcDbLine
10
123.413
20
324.518
30
0
11
123.299
21
324.595
31
0
0
LINE
5
1167
330
C
100
AcDbEntity
8
0
100
AcDbLine
10
123.299
20
324.595
30
0
11
123.177
21
324.66
31
0
0
LINE
5
1168
330
C
100
AcDbEntity
8
0
100
AcDbLine
10
123.177
20
324.66
30
0
11
123.046
21
324.713
31
0
0
LINE
5
1169
330
C
100
AcDbEntity
8
0
100
AcDbLine
10
123.046
20
324.713
30
0
11
122.907
21
324.755
31
0
0
LINE
5
116A
330
C
100
AcDbEntity
8
0
100
AcDbLine
10
122.907
20
324.755
30
0
11
122.759
21
324.784
31
0
0
LINE
5
116B
330
C
100
AcDbEntity
8
0
100
AcDbLine
10
122.759
20
324.784
30
0
11
122.604
21
324.802
31
0
0
LINE
5
116C
330
C
100
AcDbEntity
8
0
100
AcDbLine
10
122.604
20
324.802
30
0
11
122.44
21
324.808
31
0
0
LINE
5
116D
330
C
100
AcDbEntity
8
0
100
AcDbLine
10
122.44
20
324.808
30
0
11
122.44
21
324.808
31
0
0
LINE
5
116E
330
C
100
AcDbEntity
8
0
100
AcDbLine
10
122.44
20
324.808
30
0
11
122.329
21
324.805
31
0
0
LINE
5
116F
330
C
100
AcDbEntity
8
0
100
AcDbLine
10
122.329
20
324.805
30
0
11
122.221
21
324.797
31
0
0
LINE
5
1170
330
C
100
AcDbEntity
8
0
100
AcDbLine
10
122.221
20
324.797
30
0
11
122.118
21
324.784
31
0
0
LINE
5
1171
330
C
100
AcDbEntity
8
0
100
AcDbLine
10
122.118
20
324.784
30
0
11
122.017
21
324.765
31
0
0
LINE
5
1172
330
C
100
AcDbEntity
8
0
100
AcDbLine
10
122.017
20
324.765
30
0
11
121.92
21
324.741
31
0
0
LINE
5
1173
330
C
100
AcDbEntity
8
0
100
AcDbLine
10
121.92
20
324.741
30
0
11
121.827
21
324.712
31
0
0
LINE
5
1174
330
C
100
AcDbEntity
8
0
100
AcDbLine
10
121.827
20
324.712
30
0
11
121.737
21
324.677
31
0
0
LINE
5
1175
330
C
100
AcDbEntity
8
0
100
AcDbLine
10
121.737
20
324.677
30
0
11
121.651
21
324.637
31
0
0
LINE
5
1176
330
C
100
AcDbEntity
8
0
100
AcDbLine
10
121.651
20
324.637
30
0
11
121.568
21
324.592
31
0
0
LINE
5
1177
330
C
100
AcDbEntity
8
0
100
AcDbLine
10
121.568
20
324.592
30
0
11
121.489
21
324.541
31
0
0
LINE
5
1178
330
C
100
AcDbEntity
8
0
100
AcDbLine
10
121.489
20
324.541
30
0
11
121.413
21
324.485
31
0
0
LINE
5
1179
330
C
100
AcDbEntity
8
0
100
AcDbLine
10
121.413
20
324.485
30
0
11
121.342
21
324.425
31
0
0
LINE
5
117A
330
C
100
AcDbEntity
8
0
100
AcDbLine
10
121.342
20
324.425
30
0
11
121.274
21
324.36
31
0
0
LINE
5
117B
330
C
100
AcDbEntity
8
0
100
AcDbLine
10
121.274
20
324.36
30
0
11
121.209
21
324.291
31
0
0
LINE
5
117C
330
C
100
AcDbEntity
8
0
100
AcDbLine
10
121.209
20
324.291
30
0
11
121.148
21
324.217
31
0
0
LINE
5
117D
330
C
100
AcDbEntity
8
0
100
AcDbLine
10
121.148
20
324.217
30
0
11
121.092
21
324.139
31
0
0
LINE
5
117E
330
C
100
AcDbEntity
8
0
100
AcDbLine
10
121.092
20
324.139
30
0
11
121.038
21
324.055
31
0
0
LINE
5
117F
330
C
100
AcDbEntity
8
0
100
AcDbLine
10
121.038
20
324.055
30
0
11
120.989
21
323.968
31
0
0
LINE
5
1180
330
C
100
AcDbEntity
8
0
100
AcDbLine
10
120.989
20
323.968
30
0
11
120.943
21
323.876
31
0
0
LINE
5
1181
330
C
100
AcDbEntity
8
0
100
AcDbLine
10
120.943
20
323.876
30
0
11
120.901
21
323.779
31
0
0
LINE
5
1182
330
C
100
AcDbEntity
8
0
100
AcDbLine
10
120.901
20
323.779
30
0
11
120.863
21
323.678
31
0
0
LINE
5
1183
330
C
100
AcDbEntity
8
0
100
AcDbLine
10
120.863
20
323.678
30
0
11
120.829
21
323.573
31
0
0
LINE
5
1184
330
C
100
AcDbEntity
8
0
100
AcDbLine
10
120.829
20
323.573
30
0
11
120.798
21
323.465
31
0
0
LINE
5
1185
330
C
100
AcDbEntity
8
0
100
AcDbLine
10
120.798
20
323.465
30
0
11
120.772
21
323.353
31
0
0
LINE
5
1186
330
C
100
AcDbEntity
8
0
100
AcDbLine
10
120.772
20
323.353
30
0
11
120.75
21
323.237
31
0
0
LINE
5
1187
330
C
100
AcDbEntity
8
0
100
AcDbLine
10
120.75
20
323.237
30
0
11
120.732
21
323.117
31
0
0
LINE
5
1188
330
C
100
AcDbEntity
8
0
100
AcDbLine
10
120.732
20
323.117
30
0
11
120.718
21
322.993
31
0
0
LINE
5
1189
330
C
100
AcDbEntity
8
0
100
AcDbLine
10
120.718
20
322.993
30
0
11
120.708
21
322.866
31
0
0
LINE
5
118A
330
C
100
AcDbEntity
8
0
100
AcDbLine
10
120.708
20
322.866
30
0
11
120.702
21
322.735
31
0
0
LINE
5
118B
330
C
100
AcDbEntity
8
0
100
AcDbLine
10
120.702
20
322.735
30
0
11
120.7
21
322.6
31
0
0
LINE
5
118C
330
C
100
AcDbEntity
8
0
100
AcDbLine
10
120.7
20
322.6
30
0
11
120.7
21
322.6
31
0
0
LINE
5
118D
330
C
100
AcDbEntity
8
0
100
AcDbLine
10
120.7
20
322.6
30
0
11
120.704
21
322.401
31
0
0
LINE
5
118E
330
C
100
AcDbEntity
8
0
100
AcDbLine
10
120.704
20
322.401
30
0
11
120.717
21
322.211
31
0
0
LINE
5
118F
330
C
100
AcDbEntity
8
0
100
AcDbLine
10
120.717
20
322.211
30
0
11
120.739
21
322.03
31
0
0
LINE
5
1190
330
C
100
AcDbEntity
8
0
100
AcDbLine
10
120.739
20
322.03
30
0
11
120.769
21
321.856
31
0
0
LINE
5
1191
330
C
100
AcDbEntity
8
0
100
AcDbLine
10
120.769
20
321.856
30
0
11
120.807
21
321.692
31
0
0
LINE
5
1192
330
C
100
AcDbEntity
8
0
100
AcDbLine
10
120.807
20
321.692
30
0
11
120.854
21
321.535
31
0
0
LINE
5
1193
330
C
100
AcDbEntity
8
0
100
AcDbLine
10
120.854
20
321.535
30
0
11
120.91
21
321.388
31
0
0
LINE
5
1194
330
C
100
AcDbEntity
8
0
100
AcDbLine
10
120.91
20
321.388
30
0
11
120.975
21
321.248
31
0
0
LINE
5
1195
330
C
100
AcDbEntity
8
0
100
AcDbLine
10
120.975
20
321.248
30
0
11
121.047
21
321.117
31
0
0
LINE
5
1196
330
C
100
AcDbEntity
8
0
100
AcDbLine
10
121.047
20
321.117
30
0
11
121.129
21
320.995
31
0
0
LINE
5
1197
330
C
100
AcDbEntity
8
0
100
AcDbLine
10
121.129
20
320.995
30
0
11
121.219
21
320.883
31
0
0
LINE
5
1198
330
C
100
AcDbEntity
8
0
100
AcDbLine
10
121.219
20
320.883
30
0
11
121.317
21
320.782
31
0
0
LINE
5
1199
330
C
100
AcDbEntity
8
0
100
AcDbLine
10
121.317
20
320.782
30
0
11
121.423
21
320.694
31
0
0
LINE
5
119A
330
C
100
AcDbEntity
8
0
100
AcDbLine
10
121.423
20
320.694
30
0
11
121.537
21
320.617
31
0
0
LINE
5
119B
330
C
100
AcDbEntity
8
0
100
AcDbLine
10
121.537
20
320.617
30
0
11
121.659
21
320.552
31
0
0
LINE
5
119C
330
C
100
AcDbEntity
8
0
100
AcDbLine
10
121.659
20
320.552
30
0
11
121.79
21
320.499
31
0
0
LINE
5
119D
330
C
100
AcDbEntity
8
0
100
AcDbLine
10
121.79
20
320.499
30
0
11
121.928
21
320.457
31
0
0
LINE
5
119E
330
C
100
AcDbEntity
8
0
100
AcDbLine
10
121.928
20
320.457
30
0
11
122.075
21
320.428
31
0
0
LINE
5
119F
330
C
100
AcDbEntity
8
0
100
AcDbLine
10
122.075
20
320.428
30
0
11
122.229
21
320.41
31
0
0
LINE
5
11A0
330
C
100
AcDbEntity
8
0
100
AcDbLine
10
122.229
20
320.41
30
0
11
122.392
21
320.404
31
0
0
LINE
5
11A1
330
C
100
AcDbEntity
8
0
100
AcDbLine
10
122.392
20
320.404
30
0
11
122.392
21
320.404
31
0
0
LINE
5
11A2
330
C
100
AcDbEntity
8
0
100
AcDbLine
10
135.898
20
319.732
30
0
11
134.962
21
319.732
31
0
0
LINE
5
11A3
330
C
100
AcDbEntity
8
0
100
AcDbLine
10
134.962
20
319.732
30
0
11
134.962
21
323.104
31
0
0
LINE
5
11A4
330
C
100
AcDbEntity
8
0
100
AcDbLine
10
134.962
20
323.104
30
0
11
134.958
21
323.264
31
0
0
LINE
5
11A5
330
C
100
AcDbEntity
8
0
100
AcDbLine
10
134.958
20
323.264
30
0
11
134.946
21
323.417
31
0
0
LINE
5
11A6
330
C
100
AcDbEntity
8
0
100
AcDbLine
10
134.946
20
323.417
30
0
11
134.927
21
323.562
31
0
0
LINE
5
11A7
330
C
100
AcDbEntity
8
0
100
AcDbLine
10
134.927
20
323.562
30
0
11
134.899
21
323.699
31
0
0
LINE
5
11A8
330
C
100
AcDbEntity
8
0
100
AcDbLine
10
134.899
20
323.699
30
0
11
134.864
21
323.828
31
0
0
LINE
5
11A9
330
C
100
AcDbEntity
8
0
100
AcDbLine
10
134.864
20
323.828
30
0
11
134.821
21
323.949
31
0
0
LINE
5
11AA
330
C
100
AcDbEntity
8
0
100
AcDbLine
10
134.821
20
323.949
30
0
11
134.769
21
324.062
31
0
0
LINE
5
11AB
330
C
100
AcDbEntity
8
0
100
AcDbLine
10
134.769
20
324.062
30
0
11
134.71
21
324.168
31
0
0
LINE
5
11AC
330
C
100
AcDbEntity
8
0
100
AcDbLine
10
134.71
20
324.168
30
0
11
134.644
21
324.265
31
0
0
LINE
5
11AD
330
C
100
AcDbEntity
8
0
100
AcDbLine
10
134.644
20
324.265
30
0
11
134.569
21
324.355
31
0
0
LINE
5
11AE
330
C
100
AcDbEntity
8
0
100
AcDbLine
10
134.569
20
324.355
30
0
11
134.488
21
324.437
31
0
0
LINE
5
11AF
330
C
100
AcDbEntity
8
0
100
AcDbLine
10
134.488
20
324.437
30
0
11
134.401
21
324.509
31
0
0
LINE
5
11B0
330
C
100
AcDbEntity
8
0
100
AcDbLine
10
134.401
20
324.509
30
0
11
134.309
21
324.574
31
0
0
LINE
5
11B1
330
C
100
AcDbEntity
8
0
100
AcDbLine
10
134.309
20
324.574
30
0
11
134.211
21
324.63
31
0
0
LINE
5
11B2
330
C
100
AcDbEntity
8
0
100
AcDbLine
10
134.211
20
324.63
30
0
11
134.108
21
324.677
31
0
0
LINE
5
11B3
330
C
100
AcDbEntity
8
0
100
AcDbLine
10
134.108
20
324.677
30
0
11
133.999
21
324.715
31
0
0
LINE
5
11B4
330
C
100
AcDbEntity
8
0
100
AcDbLine
10
133.999
20
324.715
30
0
11
133.885
21
324.745
31
0
0
LINE
5
11B5
330
C
100
AcDbEntity
8
0
100
AcDbLine
10
133.885
20
324.745
30
0
11
133.765
21
324.767
31
0
0
LINE
5
11B6
330
C
100
AcDbEntity
8
0
100
AcDbLine
10
133.765
20
324.767
30
0
11
133.64
21
324.78
31
0
0
LINE
5
11B7
330
C
100
AcDbEntity
8
0
100
AcDbLine
10
133.64
20
324.78
30
0
11
133.51
21
324.784
31
0
0
LINE
5
11B8
330
C
100
AcDbEntity
8
0
100
AcDbLine
10
133.51
20
324.784
30
0
11
133.51
21
324.784
31
0
0
LINE
5
11B9
330
C
100
AcDbEntity
8
0
100
AcDbLine
10
133.51
20
324.784
30
0
11
133.358
21
324.778
31
0
0
LINE
5
11BA
330
C
100
AcDbEntity
8
0
100
AcDbLine
10
133.358
20
324.778
30
0
11
133.213
21
324.76
31
0
0
LINE
5
11BB
330
C
100
AcDbEntity
8
0
100
AcDbLine
10
133.213
20
324.76
30
0
11
133.075
21
324.73
31
0
0
LINE
5
11BC
330
C
100
AcDbEntity
8
0
100
AcDbLine
10
133.075
20
324.73
30
0
11
132.945
21
324.688
31
0
0
LINE
5
11BD
330
C
100
AcDbEntity
8
0
100
AcDbLine
10
132.945
20
324.688
30
0
11
132.822
21
324.633
31
0
0
LINE
5
11BE
330
C
100
AcDbEntity
8
0
100
AcDbLine
10
132.822
20
324.633
30
0
11
132.706
21
324.567
31
0
0
LINE
5
11BF
330
C
100
AcDbEntity
8
0
100
AcDbLine
10
132.706
20
324.567
30
0
11
132.597
21
324.489
31
0
0
LINE
5
11C0
330
C
100
AcDbEntity
8
0
100
AcDbLine
10
132.597
20
324.489
30
0
11
132.496
21
324.398
31
0
0
LINE
5
11C1
330
C
100
AcDbEntity
8
0
100
AcDbLine
10
132.496
20
324.398
30
0
11
132.402
21
324.296
31
0
0
LINE
5
11C2
330
C
100
AcDbEntity
8
0
100
AcDbLine
10
132.402
20
324.296
30
0
11
132.316
21
324.181
31
0
0
LINE
5
11C3
330
C
100
AcDbEntity
8
0
100
AcDbLine
10
132.316
20
324.181
30
0
11
132.237
21
324.056
31
0
0
LINE
5
11C4
330
C
100
AcDbEntity
8
0
100
AcDbLine
10
132.237
20
324.056
30
0
11
132.167
21
323.921
31
0
0
LINE
5
11C5
330
C
100
AcDbEntity
8
0
100
AcDbLine
10
132.167
20
323.921
30
0
11
132.105
21
323.778
31
0
0
LINE
5
11C6
330
C
100
AcDbEntity
8
0
100
AcDbLine
10
132.105
20
323.778
30
0
11
132.051
21
323.625
31
0
0
LINE
5
11C7
330
C
100
AcDbEntity
8
0
100
AcDbLine
10
132.051
20
323.625
30
0
11
132.006
21
323.463
31
0
0
LINE
5
11C8
330
C
100
AcDbEntity
8
0
100
AcDbLine
10
132.006
20
323.463
30
0
11
131.968
21
323.292
31
0
0
LINE
5
11C9
330
C
100
AcDbEntity
8
0
100
AcDbLine
10
131.968
20
323.292
30
0
11
131.939
21
323.112
31
0
0
LINE
5
11CA
330
C
100
AcDbEntity
8
0
100
AcDbLine
10
131.939
20
323.112
30
0
11
131.919
21
322.922
31
0
0
LINE
5
11CB
330
C
100
AcDbEntity
8
0
100
AcDbLine
10
131.919
20
322.922
30
0
11
131.906
21
322.724
31
0
0
LINE
5
11CC
330
C
100
AcDbEntity
8
0
100
AcDbLine
10
131.906
20
322.724
30
0
11
131.902
21
322.516
31
0
0
LINE
5
11CD
330
C
100
AcDbEntity
8
0
100
AcDbLine
10
131.902
20
322.516
30
0
11
131.902
21
322.516
31
0
0
LINE
5
11CE
330
C
100
AcDbEntity
8
0
100
AcDbLine
10
131.902
20
322.516
30
0
11
131.47
21
322.516
31
0
0
LINE
5
11CF
330
C
100
AcDbEntity
8
0
100
AcDbLine
10
131.47
20
322.516
30
0
11
131.472
21
322.669
31
0
0
LINE
5
11D0
330
C
100
AcDbEntity
8
0
100
AcDbLine
10
131.472
20
322.669
30
0
11
131.476
21
322.818
31
0
0
LINE
5
11D1
330
C
100
AcDbEntity
8
0
100
AcDbLine
10
131.476
20
322.818
30
0
11
131.484
21
322.963
31
0
0
LINE
5
11D2
330
C
100
AcDbEntity
8
0
100
AcDbLine
10
131.484
20
322.963
30
0
11
131.494
21
323.104
31
0
0
LINE
5
11D3
330
C
100
AcDbEntity
8
0
100
AcDbLine
10
131.494
20
323.104
30
0
11
131.508
21
323.242
31
0
0
LINE
5
11D4
330
C
100
AcDbEntity
8
0
100
AcDbLine
10
131.508
20
323.242
30
0
11
131.525
21
323.376
31
0
0
LINE
5
11D5
330
C
100
AcDbEntity
8
0
100
AcDbLine
10
131.525
20
323.376
30
0
11
131.545
21
323.506
31
0
0
LINE
5
11D6
330
C
100
AcDbEntity
8
0
100
AcDbLine
10
131.545
20
323.506
30
0
11
131.568
21
323.632
31
0
0
LINE
5
11D7
330
C
100
AcDbEntity
8
0
100
AcDbLine
10
131.568
20
323.632
30
0
11
131.594
21
323.754
31
0
0
LINE
5
11D8
330
C
100
AcDbEntity
8
0
100
AcDbLine
10
131.594
20
323.754
30
0
11
131.623
21
323.872
31
0
0
LINE
5
11D9
330
C
100
AcDbEntity
8
0
100
AcDbLine
10
131.623
20
323.872
30
0
11
131.655
21
323.986
31
0
0
LINE
5
11DA
330
C
100
AcDbEntity
8
0
100
AcDbLine
10
131.655
20
323.986
30
0
11
131.69
21
324.097
31
0
0
LINE
5
11DB
330
C
100
AcDbEntity
8
0
100
AcDbLine
10
131.69
20
324.097
30
0
11
131.727
21
324.204
31
0
0
LINE
5
11DC
330
C
100
AcDbEntity
8
0
100
AcDbLine
10
131.727
20
324.204
30
0
11
131.768
21
324.306
31
0
0
LINE
5
11DD
330
C
100
AcDbEntity
8
0
100
AcDbLine
10
131.768
20
324.306
30
0
11
131.811
21
324.405
31
0
0
LINE
5
11DE
330
C
100
AcDbEntity
8
0
100
AcDbLine
10
131.811
20
324.405
30
0
11
131.857
21
324.5
31
0
0
LINE
5
11DF
330
C
100
AcDbEntity
8
0
100
AcDbLine
10
131.857
20
324.5
30
0
11
131.906
21
324.591
31
0
0
LINE
5
11E0
330
C
100
AcDbEntity
8
0
100
AcDbLine
10
131.906
20
324.591
30
0
11
131.958
21
324.678
31
0
0
LINE
5
11E1
330
C
100
AcDbEntity
8
0
100
AcDbLine
10
131.958
20
324.678
30
0
11
132.013
21
324.762
31
0
0
LINE
5
11E2
330
C
100
AcDbEntity
8
0
100
AcDbLine
10
132.013
20
324.762
30
0
11
132.07
21
324.841
31
0
0
LINE
5
11E3
330
C
100
AcDbEntity
8
0
100
AcDbLine
10
132.07
20
324.841
30
0
11
132.13
21
324.916
31
0
0
LINE
5
11E4
330
C
100
AcDbEntity
8
0
100
AcDbLine
10
132.13
20
324.916
30
0
11
132.193
21
324.988
31
0
0
LINE
5
11E5
330
C
100
AcDbEntity
8
0
100
AcDbLine
10
132.193
20
324.988
30
0
11
132.258
21
325.056
31
0
0
LINE
5
11E6
330
C
100
AcDbEntity
8
0
100
AcDbLine
10
132.258
20
325.056
30
0
11
132.325
21
325.119
31
0
0
LINE
5
11E7
330
C
100
AcDbEntity
8
0
100
AcDbLine
10
132.325
20
325.119
30
0
11
132.395
21
325.179
31
0
0
LINE
5
11E8
330
C
100
AcDbEntity
8
0
100
AcDbLine
10
132.395
20
325.179
30
0
11
132.468
21
325.235
31
0
0
LINE
5
11E9
330
C
100
AcDbEntity
8
0
100
AcDbLine
10
132.468
20
325.235
30
0
11
132.543
21
325.287
31
0
0
LINE
5
11EA
330
C
100
AcDbEntity
8
0
100
AcDbLine
10
132.543
20
325.287
30
0
11
132.621
21
325.335
31
0
0
LINE
5
11EB
330
C
100
AcDbEntity
8
0
100
AcDbLine
10
132.621
20
325.335
30
0
11
132.701
21
325.38
31
0
0
LINE
5
11EC
330
C
100
AcDbEntity
8
0
100
AcDbLine
10
132.701
20
325.38
30
0
11
132.784
21
325.42
31
0
0
LINE
5
11ED
330
C
100
AcDbEntity
8
0
100
AcDbLine
10
132.784
20
325.42
30
0
11
132.869
21
325.456
31
0
0
LINE
5
11EE
330
C
100
AcDbEntity
8
0
100
AcDbLine
10
132.869
20
325.456
30
0
11
132.957
21
325.489
31
0
0
LINE
5
11EF
330
C
100
AcDbEntity
8
0
100
AcDbLine
10
132.957
20
325.489
30
0
11
133.046
21
325.518
31
0
0
LINE
5
11F0
330
C
100
AcDbEntity
8
0
100
AcDbLine
10
133.046
20
325.518
30
0
11
133.138
21
325.543
31
0
0
LINE
5
11F1
330
C
100
AcDbEntity
8
0
100
AcDbLine
10
133.138
20
325.543
30
0
11
133.233
21
325.564
31
0
0
LINE
5
11F2
330
C
100
AcDbEntity
8
0
100
AcDbLine
10
133.233
20
325.564
30
0
11
133.329
21
325.581
31
0
0
LINE
5
11F3
330
C
100
AcDbEntity
8
0
100
AcDbLine
10
133.329
20
325.581
30
0
11
133.428
21
325.595
31
0
0
LINE
5
11F4
330
C
100
AcDbEntity
8
0
100
AcDbLine
10
133.428
20
325.595
30
0
11
133.529
21
325.604
31
0
0
LINE
5
11F5
330
C
100
AcDbEntity
8
0
100
AcDbLine
10
133.529
20
325.604
30
0
11
133.632
21
325.61
31
0
0
LINE
5
11F6
330
C
100
AcDbEntity
8
0
100
AcDbLine
10
133.632
20
325.61
30
0
11
133.738
21
325.612
31
0
0
LINE
5
11F7
330
C
100
AcDbEntity
8
0
100
AcDbLine
10
133.738
20
325.612
30
0
11
133.738
21
325.612
31
0
0
LINE
5
11F8
330
C
100
AcDbEntity
8
0
100
AcDbLine
10
133.738
20
325.612
30
0
11
133.872
21
325.609
31
0
0
LINE
5
11F9
330
C
100
AcDbEntity
8
0
100
AcDbLine
10
133.872
20
325.609
30
0
11
134.001
21
325.6
31
0
0
LINE
5
11FA
330
C
100
AcDbEntity
8
0
100
AcDbLine
10
134.001
20
325.6
30
0
11
134.127
21
325.585
31
0
0
LINE
5
11FB
330
C
100
AcDbEntity
8
0
100
AcDbLine
10
134.127
20
325.585
30
0
11
134.249
21
325.564
31
0
0
LINE
5
11FC
330
C
100
AcDbEntity
8
0
100
AcDbLine
10
134.249
20
325.564
30
0
11
134.367
21
325.536
31
0
0
LINE
5
11FD
330
C
100
AcDbEntity
8
0
100
AcDbLine
10
134.367
20
325.536
30
0
11
134.481
21
325.503
31
0
0
LINE
5
11FE
330
C
100
AcDbEntity
8
0
100
AcDbLine
10
134.481
20
325.503
30
0
11
134.592
21
325.464
31
0
0
LINE
5
11FF
330
C
100
AcDbEntity
8
0
100
AcDbLine
10
134.592
20
325.464
30
0
11
134.698
21
325.418
31
0
0
LINE
5
1200
330
C
100
AcDbEntity
8
0
100
AcDbLine
10
134.698
20
325.418
30
0
11
134.8
21
325.367
31
0
0
LINE
5
1201
330
C
100
AcDbEntity
8
0
100
AcDbLine
10
134.8
20
325.367
30
0
11
134.899
21
325.309
31
0
0
LINE
5
1202
330
C
100
AcDbEntity
8
0
100
AcDbLine
10
134.899
20
325.309
30
0
11
134.993
21
325.246
31
0
0
LINE
5
1203
330
C
100
AcDbEntity
8
0
100
AcDbLine
10
134.993
20
325.246
30
0
11
135.083
21
325.177
31
0
0
LINE
5
1204
330
C
100
AcDbEntity
8
0
100
AcDbLine
10
135.083
20
325.177
30
0
11
135.169
21
325.104
31
0
0
LINE
5
1205
330
C
100
AcDbEntity
8
0
100
AcDbLine
10
135.169
20
325.104
30
0
11
135.249
21
325.025
31
0
0
LINE
5
1206
330
C
100
AcDbEntity
8
0
100
AcDbLine
10
135.249
20
325.025
30
0
11
135.326
21
324.941
31
0
0
LINE
5
1207
330
C
100
AcDbEntity
8
0
100
AcDbLine
10
135.326
20
324.941
30
0
11
135.398
21
324.851
31
0
0
LINE
5
1208
330
C
100
AcDbEntity
8
0
100
AcDbLine
10
135.398
20
324.851
30
0
11
135.465
21
324.757
31
0
0
LINE
5
1209
330
C
100
AcDbEntity
8
0
100
AcDbLine
10
135.465
20
324.757
30
0
11
135.528
21
324.657
31
0
0
LINE
5
120A
330
C
100
AcDbEntity
8
0
100
AcDbLine
10
135.528
20
324.657
30
0
11
135.586
21
324.552
31
0
0
LINE
5
120B
330
C
100
AcDbEntity
8
0
100
AcDbLine
10
135.586
20
324.552
30
0
11
135.64
21
324.442
31
0
0
LINE
5
120C
330
C
100
AcDbEntity
8
0
100
AcDbLine
10
135.64
20
324.442
30
0
11
135.689
21
324.327
31
0
0
LINE
5
120D
330
C
100
AcDbEntity
8
0
100
AcDbLine
10
135.689
20
324.327
30
0
11
135.733
21
324.208
31
0
0
LINE
5
120E
330
C
100
AcDbEntity
8
0
100
AcDbLine
10
135.733
20
324.208
30
0
11
135.772
21
324.085
31
0
0
LINE
5
120F
330
C
100
AcDbEntity
8
0
100
AcDbLine
10
135.772
20
324.085
30
0
11
135.805
21
323.957
31
0
0
LINE
5
1210
330
C
100
AcDbEntity
8
0
100
AcDbLine
10
135.805
20
323.957
30
0
11
135.834
21
323.825
31
0
0
LINE
5
1211
330
C
100
AcDbEntity
8
0
100
AcDbLine
10
135.834
20
323.825
30
0
11
135.857
21
323.69
31
0
0
LINE
5
1212
330
C
100
AcDbEntity
8
0
100
AcDbLine
10
135.857
20
323.69
30
0
11
135.875
21
323.55
31
0
0
LINE
5
1213
330
C
100
AcDbEntity
8
0
100
AcDbLine
10
135.875
20
323.55
30
0
11
135.888
21
323.405
31
0
0
LINE
5
1214
330
C
100
AcDbEntity
8
0
100
AcDbLine
10
135.888
20
323.405
30
0
11
135.895
21
323.257
31
0
0
LINE
5
1215
330
C
100
AcDbEntity
8
0
100
AcDbLine
10
135.895
20
323.257
30
0
11
135.898
21
323.104
31
0
0
LINE
5
1216
330
C
100
AcDbEntity
8
0
100
AcDbLine
10
135.898
20
323.104
30
0
11
135.898
21
323.104
31
0
0
LINE
5
1217
330
C
100
AcDbEntity
8
0
100
AcDbLine
10
135.898
20
323.104
30
0
11
135.898
21
319.732
31
0
0
LINE
5
1218
330
C
100
AcDbEntity
8
0
100
AcDbLine
10
135.898
20
319.732
30
0
11
135.898
21
319.732
31
0
0
LINE
5
1219
330
C
100
AcDbEntity
8
0
100
AcDbLine
10
127.834
20
319.732
30
0
11
126.898
21
319.732
31
0
0
LINE
5
121A
330
C
100
AcDbEntity
8
0
100
AcDbLine
10
126.898
20
319.732
30
0
11
126.898
21
325.468
31
0
0
LINE
5
121B
330
C
100
AcDbEntity
8
0
100
AcDbLine
10
126.898
20
325.468
30
0
11
127.702
21
325.468
31
0
0
LINE
5
121C
330
C
100
AcDbEntity
8
0
100
AcDbLine
10
127.702
20
325.468
30
0
11
127.81
21
324.316
31
0
0
LINE
5
121D
330
C
100
AcDbEntity
8
0
100
AcDbLine
10
127.81
20
324.316
30
0
11
127.866
21
324.438
31
0
0
LINE
5
121E
330
C
100
AcDbEntity
8
0
100
AcDbLine
10
127.866
20
324.438
30
0
11
127.927
21
324.554
31
0
0
LINE
5
121F
330
C
100
AcDbEntity
8
0
100
AcDbLine
10
127.927
20
324.554
30
0
11
127.992
21
324.664
31
0
0
LINE
5
1220
330
C
100
AcDbEntity
8
0
100
AcDbLine
10
127.992
20
324.664
30
0
11
128.061
21
324.769
31
0
0
LINE
5
1221
330
C
100
AcDbEntity
8
0
100
AcDbLine
10
128.061
20
324.769
30
0
11
128.135
21
324.868
31
0
0
LINE
5
1222
330
C
100
AcDbEntity
8
0
100
AcDbLine
10
128.135
20
324.868
30
0
11
128.213
21
324.961
31
0
0
LINE
5
1223
330
C
100
AcDbEntity
8
0
100
AcDbLine
10
128.213
20
324.961
30
0
11
128.295
21
325.048
31
0
0
LINE
5
1224
330
C
100
AcDbEntity
8
0
100
AcDbLine
10
128.295
20
325.048
30
0
11
128.382
21
325.13
31
0
0
LINE
5
1225
330
C
100
AcDbEntity
8
0
100
AcDbLine
10
128.382
20
325.13
30
0
11
128.473
21
325.206
31
0
0
LINE
5
1226
330
C
100
AcDbEntity
8
0
100
AcDbLine
10
128.473
20
325.206
30
0
11
128.569
21
325.276
31
0
0
LINE
5
1227
330
C
100
AcDbEntity
8
0
100
AcDbLine
10
128.569
20
325.276
30
0
11
128.669
21
325.34
31
0
0
LINE
5
1228
330
C
100
AcDbEntity
8
0
100
AcDbLine
10
128.669
20
325.34
30
0
11
128.772
21
325.397
31
0
0
LINE
5
1229
330
C
100
AcDbEntity
8
0
100
AcDbLine
10
128.772
20
325.397
30
0
11
128.88
21
325.447
31
0
0
LINE
5
122A
330
C
100
AcDbEntity
8
0
100
AcDbLine
10
128.88
20
325.447
30
0
11
128.991
21
325.491
31
0
0
LINE
5
122B
330
C
100
AcDbEntity
8
0
100
AcDbLine
10
128.991
20
325.491
30
0
11
129.107
21
325.528
31
0
0
LINE
5
122C
330
C
100
AcDbEntity
8
0
100
AcDbLine
10
129.107
20
325.528
30
0
11
129.226
21
325.558
31
0
0
LINE
5
122D
330
C
100
AcDbEntity
8
0
100
AcDbLine
10
129.226
20
325.558
30
0
11
129.349
21
325.582
31
0
0
LINE
5
122E
330
C
100
AcDbEntity
8
0
100
AcDbLine
10
129.349
20
325.582
30
0
11
129.476
21
325.599
31
0
0
LINE
5
122F
330
C
100
AcDbEntity
8
0
100
AcDbLine
10
129.476
20
325.599
30
0
11
129.607
21
325.609
31
0
0
LINE
5
1230
330
C
100
AcDbEntity
8
0
100
AcDbLine
10
129.607
20
325.609
30
0
11
129.742
21
325.612
31
0
0
LINE
5
1231
330
C
100
AcDbEntity
8
0
100
AcDbLine
10
129.742
20
325.612
30
0
11
129.742
21
325.612
31
0
0
LINE
5
1232
330
C
100
AcDbEntity
8
0
100
AcDbLine
10
129.742
20
325.612
30
0
11
129.876
21
325.609
31
0
0
LINE
5
1233
330
C
100
AcDbEntity
8
0
100
AcDbLine
10
129.876
20
325.609
30
0
11
130.005
21
325.6
31
0
0
LINE
5
1234
330
C
100
AcDbEntity
8
0
100
AcDbLine
10
130.005
20
325.6
30
0
11
130.131
21
325.585
31
0
0
LINE
5
1235
330
C
100
AcDbEntity
8
0
100
AcDbLine
10
130.131
20
325.585
30
0
11
130.253
21
325.564
31
0
0
LINE
5
1236
330
C
100
AcDbEntity
8
0
100
AcDbLine
10
130.253
20
325.564
30
0
11
130.371
21
325.536
31
0
0
LINE
5
1237
330
C
100
AcDbEntity
8
0
100
AcDbLine
10
130.371
20
325.536
30
0
11
130.485
21
325.503
31
0
0
LINE
5
1238
330
C
100
AcDbEntity
8
0
100
AcDbLine
10
130.485
20
325.503
30
0
11
130.596
21
325.464
31
0
0
LINE
5
1239
330
C
100
AcDbEntity
8
0
100
AcDbLine
10
130.596
20
325.464
30
0
11
130.702
21
325.418
31
0
0
LINE
5
123A
330
C
100
AcDbEntity
8
0
100
AcDbLine
10
130.702
20
325.418
30
0
11
130.804
21
325.367
31
0
0
LINE
5
123B
330
C
100
AcDbEntity
8
0
100
AcDbLine
10
130.804
20
325.367
30
0
11
130.903
21
325.309
31
0
0
LINE
5
123C
330
C
100
AcDbEntity
8
0
100
AcDbLine
10
130.903
20
325.309
30
0
11
130.997
21
325.246
31
0
0
LINE
5
123D
330
C
100
AcDbEntity
8
0
100
AcDbLine
10
130.997
20
325.246
30
0
11
131.087
21
325.177
31
0
0
LINE
5
123E
330
C
100
AcDbEntity
8
0
100
AcDbLine
10
131.087
20
325.177
30
0
11
131.173
21
325.104
31
0
0
LINE
5
123F
330
C
100
AcDbEntity
8
0
100
AcDbLine
10
131.173
20
325.104
30
0
11
131.253
21
325.025
31
0
0
LINE
5
1240
330
C
100
AcDbEntity
8
0
100
AcDbLine
10
131.253
20
325.025
30
0
11
131.33
21
324.941
31
0
0
LINE
5
1241
330
C
100
AcDbEntity
8
0
100
AcDbLine
10
131.33
20
324.941
30
0
11
131.402
21
324.851
31
0
0
LINE
5
1242
330
C
100
AcDbEntity
8
0
100
AcDbLine
10
131.402
20
324.851
30
0
11
131.469
21
324.757
31
0
0
LINE
5
1243
330
C
100
AcDbEntity
8
0
100
AcDbLine
10
131.469
20
324.757
30
0
11
131.532
21
324.657
31
0
0
LINE
5
1244
330
C
100
AcDbEntity
8
0
100
AcDbLine
10
131.532
20
324.657
30
0
11
131.59
21
324.552
31
0
0
LINE
5
1245
330
C
100
AcDbEntity
8
0
100
AcDbLine
10
131.59
20
324.552
30
0
11
131.644
21
324.442
31
0
0
LINE
5
1246
330
C
100
AcDbEntity
8
0
100
AcDbLine
10
131.644
20
324.442
30
0
11
131.693
21
324.327
31
0
0
LINE
5
1247
330
C
100
AcDbEntity
8
0
100
AcDbLine
10
131.693
20
324.327
30
0
11
131.737
21
324.208
31
0
0
LINE
5
1248
330
C
100
AcDbEntity
8
0
100
AcDbLine
10
131.737
20
324.208
30
0
11
131.776
21
324.085
31
0
0
LINE
5
1249
330
C
100
AcDbEntity
8
0
100
AcDbLine
10
131.776
20
324.085
30
0
11
131.809
21
323.957
31
0
0
LINE
5
124A
330
C
100
AcDbEntity
8
0
100
AcDbLine
10
131.809
20
323.957
30
0
11
131.838
21
323.825
31
0
0
LINE
5
124B
330
C
100
AcDbEntity
8
0
100
AcDbLine
10
131.838
20
323.825
30
0
11
131.861
21
323.69
31
0
0
LINE
5
124C
330
C
100
AcDbEntity
8
0
100
AcDbLine
10
131.861
20
323.69
30
0
11
131.879
21
323.55
31
0
0
LINE
5
124D
330
C
100
AcDbEntity
8
0
100
AcDbLine
10
131.879
20
323.55
30
0
11
131.892
21
323.405
31
0
0
LINE
5
124E
330
C
100
AcDbEntity
8
0
100
AcDbLine
10
131.892
20
323.405
30
0
11
131.899
21
323.257
31
0
0
LINE
5
124F
330
C
100
AcDbEntity
8
0
100
AcDbLine
10
131.899
20
323.257
30
0
11
131.902
21
323.104
31
0
0
LINE
5
1250
330
C
100
AcDbEntity
8
0
100
AcDbLine
10
131.902
20
323.104
30
0
11
131.902
21
323.104
31
0
0
LINE
5
1251
330
C
100
AcDbEntity
8
0
100
AcDbLine
10
131.902
20
323.104
30
0
11
131.902
21
319.732
31
0
0
LINE
5
1252
330
C
100
AcDbEntity
8
0
100
AcDbLine
10
131.902
20
319.732
30
0
11
130.978
21
319.732
31
0
0
LINE
5
1253
330
C
100
AcDbEntity
8
0
100
AcDbLine
10
130.978
20
319.732
30
0
11
130.978
21
323.104
31
0
0
LINE
5
1254
330
C
100
AcDbEntity
8
0
100
AcDbLine
10
130.978
20
323.104
30
0
11
130.974
21
323.264
31
0
0
LINE
5
1255
330
C
100
AcDbEntity
8
0
100
AcDbLine
10
130.974
20
323.264
30
0
11
130.962
21
323.417
31
0
0
LINE
5
1256
330
C
100
AcDbEntity
8
0
100
AcDbLine
10
130.962
20
323.417
30
0
11
130.943
21
323.562
31
0
0
LINE
5
1257
330
C
100
AcDbEntity
8
0
100
AcDbLine
10
130.943
20
323.562
30
0
11
130.915
21
323.699
31
0
0
LINE
5
1258
330
C
100
AcDbEntity
8
0
100
AcDbLine
10
130.915
20
323.699
30
0
11
130.88
21
323.828
31
0
0
LINE
5
1259
330
C
100
AcDbEntity
8
0
100
AcDbLine
10
130.88
20
323.828
30
0
11
130.837
21
323.949
31
0
0
LINE
5
125A
330
C
100
AcDbEntity
8
0
100
AcDbLine
10
130.837
20
323.949
30
0
11
130.785
21
324.062
31
0
0
LINE
5
125B
330
C
100
AcDbEntity
8
0
100
AcDbLine
10
130.785
20
324.062
30
0
11
130.726
21
324.168
31
0
0
LINE
5
125C
330
C
100
AcDbEntity
8
0
100
AcDbLine
10
130.726
20
324.168
30
0
11
130.66
21
324.265
31
0
0
LINE
5
125D
330
C
100
AcDbEntity
8
0
100
AcDbLine
10
130.66
20
324.265
30
0
11
130.585
21
324.355
31
0
0
LINE
5
125E
330
C
100
AcDbEntity
8
0
100
AcDbLine
10
130.585
20
324.355
30
0
11
130.504
21
324.437
31
0
0
LINE
5
125F
330
C
100
AcDbEntity
8
0
100
AcDbLine
10
130.504
20
324.437
30
0
11
130.416
21
324.509
31
0
0
LINE
5
1260
330
C
100
AcDbEntity
8
0
100
AcDbLine
10
130.416
20
324.509
30
0
11
130.324
21
324.574
31
0
0
LINE
5
1261
330
C
100
AcDbEntity
8
0
100
AcDbLine
10
130.324
20
324.574
30
0
11
130.225
21
324.63
31
0
0
LINE
5
1262
330
C
100
AcDbEntity
8
0
100
AcDbLine
10
130.225
20
324.63
30
0
11
130.121
21
324.677
31
0
0
LINE
5
1263
330
C
100
AcDbEntity
8
0
100
AcDbLine
10
130.121
20
324.677
30
0
11
130.011
21
324.715
31
0
0
LINE
5
1264
330
C
100
AcDbEntity
8
0
100
AcDbLine
10
130.011
20
324.715
30
0
11
129.895
21
324.745
31
0
0
LINE
5
1265
330
C
100
AcDbEntity
8
0
100
AcDbLine
10
129.895
20
324.745
30
0
11
129.774
21
324.767
31
0
0
LINE
5
1266
330
C
100
AcDbEntity
8
0
100
AcDbLine
10
129.774
20
324.767
30
0
11
129.647
21
324.78
31
0
0
LINE
5
1267
330
C
100
AcDbEntity
8
0
100
AcDbLine
10
129.647
20
324.78
30
0
11
129.514
21
324.784
31
0
0
LINE
5
1268
330
C
100
AcDbEntity
8
0
100
AcDbLine
10
129.514
20
324.784
30
0
11
129.514
21
324.784
31
0
0
LINE
5
1269
330
C
100
AcDbEntity
8
0
100
AcDbLine
10
129.514
20
324.784
30
0
11
129.412
21
324.781
31
0
0
LINE
5
126A
330
C
100
AcDbEntity
8
0
100
AcDbLine
10
129.412
20
324.781
30
0
11
129.313
21
324.773
31
0
0
LINE
5
126B
330
C
100
AcDbEntity
8
0
100
AcDbLine
10
129.313
20
324.773
30
0
11
129.217
21
324.759
31
0
0
LINE
5
126C
330
C
100
AcDbEntity
8
0
100
AcDbLine
10
129.217
20
324.759
30
0
11
129.123
21
324.739
31
0
0
LINE
5
126D
330
C
100
AcDbEntity
8
0
100
AcDbLine
10
129.123
20
324.739
30
0
11
129.032
21
324.714
31
0
0
LINE
5
126E
330
C
100
AcDbEntity
8
0
100
AcDbLine
10
129.032
20
324.714
30
0
11
128.944
21
324.682
31
0
0
LINE
5
126F
330
C
100
AcDbEntity
8
0
100
AcDbLine
10
128.944
20
324.682
30
0
11
128.859
21
324.646
31
0
0
LINE
5
1270
330
C
100
AcDbEntity
8
0
100
AcDbLine
10
128.859
20
324.646
30
0
11
128.777
21
324.604
31
0
0
LINE
5
1271
330
C
100
AcDbEntity
8
0
100
AcDbLine
10
128.777
20
324.604
30
0
11
128.697
21
324.556
31
0
0
LINE
5
1272
330
C
100
AcDbEntity
8
0
100
AcDbLine
10
128.697
20
324.556
30
0
11
128.62
21
324.502
31
0
0
LINE
5
1273
330
C
100
AcDbEntity
8
0
100
AcDbLine
10
128.62
20
324.502
30
0
11
128.546
21
324.443
31
0
0
LINE
5
1274
330
C
100
AcDbEntity
8
0
100
AcDbLine
10
128.546
20
324.443
30
0
11
128.476
21
324.379
31
0
0
LINE
5
1275
330
C
100
AcDbEntity
8
0
100
AcDbLine
10
128.476
20
324.379
30
0
11
128.409
21
324.311
31
0
0
LINE
5
1276
330
C
100
AcDbEntity
8
0
100
AcDbLine
10
128.409
20
324.311
30
0
11
128.345
21
324.238
31
0
0
LINE
5
1277
330
C
100
AcDbEntity
8
0
100
AcDbLine
10
128.345
20
324.238
30
0
11
128.286
21
324.159
31
0
0
LINE
5
1278
330
C
100
AcDbEntity
8
0
100
AcDbLine
10
128.286
20
324.159
30
0
11
128.229
21
324.076
31
0
0
LINE
5
1279
330
C
100
AcDbEntity
8
0
100
AcDbLine
10
128.229
20
324.076
30
0
11
128.176
21
323.988
31
0
0
LINE
5
127A
330
C
100
AcDbEntity
8
0
100
AcDbLine
10
128.176
20
323.988
30
0
11
128.127
21
323.895
31
0
0
LINE
5
127B
330
C
100
AcDbEntity
8
0
100
AcDbLine
10
128.127
20
323.895
30
0
11
128.081
21
323.798
31
0
0
LINE
5
127C
330
C
100
AcDbEntity
8
0
100
AcDbLine
10
128.081
20
323.798
30
0
11
128.038
21
323.695
31
0
0
LINE
5
127D
330
C
100
AcDbEntity
8
0
100
AcDbLine
10
128.038
20
323.695
30
0
11
127.999
21
323.588
31
0
0
LINE
5
127E
330
C
100
AcDbEntity
8
0
100
AcDbLine
10
127.999
20
323.588
30
0
11
127.965
21
323.477
31
0
0
LINE
5
127F
330
C
100
AcDbEntity
8
0
100
AcDbLine
10
127.965
20
323.477
30
0
11
127.934
21
323.362
31
0
0
LINE
5
1280
330
C
100
AcDbEntity
8
0
100
AcDbLine
10
127.934
20
323.362
30
0
11
127.907
21
323.243
31
0
0
LINE
5
1281
330
C
100
AcDbEntity
8
0
100
AcDbLine
10
127.907
20
323.243
30
0
11
127.885
21
323.12
31
0
0
LINE
5
1282
330
C
100
AcDbEntity
8
0
100
AcDbLine
10
127.885
20
323.12
30
0
11
127.867
21
322.993
31
0
0
LINE
5
1283
330
C
100
AcDbEntity
8
0
100
AcDbLine
10
127.867
20
322.993
30
0
11
127.852
21
322.862
31
0
0
LINE
5
1284
330
C
100
AcDbEntity
8
0
100
AcDbLine
10
127.852
20
322.862
30
0
11
127.842
21
322.726
31
0
0
LINE
5
1285
330
C
100
AcDbEntity
8
0
100
AcDbLine
10
127.842
20
322.726
30
0
11
127.836
21
322.587
31
0
0
LINE
5
1286
330
C
100
AcDbEntity
8
0
100
AcDbLine
10
127.836
20
322.587
30
0
11
127.834
21
322.444
31
0
0
LINE
5
1287
330
C
100
AcDbEntity
8
0
100
AcDbLine
10
127.834
20
322.444
30
0
11
127.834
21
322.444
31
0
0
LINE
5
1288
330
C
100
AcDbEntity
8
0
100
AcDbLine
10
127.834
20
322.444
30
0
11
127.834
21
319.732
31
0
0
LINE
5
1289
330
C
100
AcDbEntity
8
0
100
AcDbLine
10
127.834
20
319.732
30
0
11
127.834
21
319.732
31
0
0
ENDSEC
0
SECTION
2
OBJECTS
0
DICTIONARY
5
A
330
0
100
AcDbDictionary
281
1
3
ACAD_GROUP
350
B
0
DICTIONARY
5
B
330
A
100
AcDbDictionary
281
0
0
ENDSEC
0
EOF
999
MAKERCASE_STATE_BEGIN
999
{"mc":1,"gen":"basicBox","sv":2,"store":"basicBoxStore","data":"PU65rsIwEPyXqVdRQsTj4ZqGAgkJOkRh8JKslEu2AwHEv7Ph6naunbnjzD5I28BMCId2WDZBHC+kDjB3XMTFUqXJjFCyFGUcQUZw3I1C9j97EGob2YutxsTZVj3D5ITIg7qRJ2kKwrEPsa1hTrYKrBl59Xwwoe1YJ0Tf660rttdONZykKdhrml3Ba+vte9W
999
b3shNPXP6wJXog78fsoNqeTL9EpvIHUyaTLXbc+PY20Ol+V1G6f7xBA==","crc":3722421284}
999
MAKERCASE_STATE_END